{"type": "FeatureCollection", "features": [{"type": "Feature", "properties": {"name": "Gia Lai", "admin_level": 4}, "geometry": {"type": "MultiPolygon", "coordinates": [[[[108.20288, 13.37321], [108.19979, 13.3777], [108.19351, 13.38052], [108.19028, 13.38039], [108.18859, 13.38235], [108.18372, 13.38107], [108.18076, 13.3841], [108.17755, 13.38379], [108.17708, 13.38781], [108.17416, 13.38813], [108.17412, 13.39135], [108.17133, 13.39249], [108.16982, 13.39141], [108.16915, 13.39303], [108.16451, 13.39442], [108.16526, 13.39585], [108.1609, 13.40134], [108.15718, 13.40153], [108.15558, 13.3997], [108.15183, 13.40105], [108.15095, 13.39965], [108.14759, 13.40492], [108.14454, 13.40431], [108.14473, 13.40765], [108.14137, 13.40873], [108.14023, 13.40671], [108.13691, 13.40709], [108.13572, 13.40921], [108.13216, 13.40894], [108.12991, 13.41138], [108.12519, 13.40929], [108.1164, 13.41539], [108.11182, 13.41663], [108.10654, 13.41157], [108.09849, 13.41002], [108.09484, 13.40773], [108.0897, 13.4092], [108.08042, 13.39974], [108.07907, 13.40469], [108.07296, 13.39943], [108.07016, 13.4031], [108.06878, 13.40975], [108.06442, 13.40642], [108.06385, 13.40936], [108.05718, 13.40745], [108.05525, 13.40877], [108.05699, 13.4111], [108.05347, 13.41229], [108.04758, 13.40737], [108.04546, 13.401], [108.04085, 13.39945], [108.03586, 13.40294], [108.0332, 13.3957], [108.02693, 13.39536], [108.02179, 13.38713], [108.01406, 13.38596], [108.01225, 13.38255], [108.00914, 13.38111], [107.99985, 13.3867], [107.9973, 13.39061], [107.99307, 13.3887], [107.989, 13.39219], [107.98296, 13.39283], [107.97999, 13.39029], [107.98121, 13.38403], [107.97711, 13.38419], [107.97413, 13.38153], [107.9698, 13.3829], [107.96544, 13.38008], [107.95853, 13.38063], [107.9547, 13.38473], [107.94987, 13.38567], [107.94863, 13.38006], [107.94364, 13.38001], [107.9431, 13.37376], [107.94044, 13.3739], [107.93874, 13.37591], [107.93167, 13.3762], [107.92296831097221, 13.385326788358947], [107.91386, 13.38806], [107.90066, 13.38849], [107.88652, 13.38471], [107.88546, 13.38846], [107.88322, 13.38766], [107.88271, 13.39032], [107.87943, 13.39069], [107.87892, 13.39273], [107.8756, 13.39414], [107.85103, 13.38963], [107.83889, 13.40053], [107.81955, 13.39253], [107.80877, 13.39512], [107.8013, 13.3938], [107.79976, 13.39714], [107.80146, 13.39299], [107.79749, 13.38813], [107.79969, 13.3813], [107.79194, 13.38185], [107.78583, 13.3756], [107.78044, 13.37504], [107.77337, 13.36978], [107.76816, 13.36938], [107.76479, 13.36491], [107.7621, 13.36732], [107.76306, 13.37207], [107.75583, 13.36878], [107.75194, 13.36976], [107.75126, 13.36524], [107.7489, 13.36343], [107.74039, 13.36428], [107.73615, 13.3674], [107.72931, 13.36626], [107.72484, 13.36943], [107.72016, 13.3697], [107.71707, 13.37427], [107.71278, 13.37326], [107.71031, 13.3699], [107.70445, 13.37492], [107.69608, 13.37282], [107.69213, 13.36936], [107.68926, 13.36204], [107.68543, 13.36407], [107.67561, 13.35804], [107.6713, 13.3499], [107.66333, 13.35054], [107.65732, 13.34662], [107.65518, 13.34302], [107.64999, 13.34266], [107.65025, 13.32783], [107.64915, 13.32589], [107.64602, 13.32589], [107.64038, 13.32895], [107.63949, 13.3226], [107.6308, 13.32107], [107.62941, 13.31459], [107.62482, 13.31522], [107.61622, 13.31198], [107.61469, 13.30783], [107.60672, 13.30449], [107.63132, 13.35986], [107.61767, 13.52865], [107.57352, 13.61828], [107.5676, 13.66414], [107.551, 13.69206], [107.53299, 13.74471], [107.51232, 13.76043], [107.49803, 13.76785], [107.48574, 13.77644], [107.47346, 13.77789], [107.4559, 13.7904], [107.45136, 13.79533], [107.45922, 13.80717], [107.46144, 13.81619], [107.45541, 13.82362], [107.45511, 13.82714], [107.458, 13.83256], [107.46623, 13.83877], [107.46647, 13.8418], [107.47181, 13.84899], [107.4732, 13.85497], [107.46927, 13.85924], [107.46735, 13.85896], [107.45657, 13.86679], [107.45438, 13.87052], [107.45738, 13.87884], [107.46927, 13.8891], [107.47089, 13.89253], [107.4704, 13.90401], [107.47159, 13.90626], [107.46964, 13.90925], [107.473, 13.91561], [107.47348, 13.92088], [107.45773, 13.92237], [107.4612, 13.92624], [107.46294, 13.93132], [107.46882, 13.93341], [107.47024, 13.93544], [107.469, 13.95293], [107.47724, 13.95915], [107.48806, 13.96174], [107.49811, 13.96973], [107.50253, 13.97118], [107.5118, 13.98387], [107.52557, 13.98241], [107.52622, 13.98634], [107.52227, 14.00351], [107.52219, 14.00853], [107.52384, 14.01164], [107.53057, 14.01376], [107.54231, 14.01238], [107.54417, 14.01373], [107.54718, 14.02264], [107.5523, 14.02569], [107.55891, 14.02586], [107.57048, 14.02034], [107.57637, 14.01936], [107.58404, 14.02131], [107.59779, 14.02774], [107.60024, 14.03028], [107.60142, 14.04587], [107.60486, 14.04977], [107.61185, 14.05316], [107.61328, 14.06206], [107.61491, 14.064], [107.61833, 14.06296], [107.62583, 14.05563], [107.63277, 14.05381], [107.63528, 14.05477], [107.64272, 14.06322], [107.64944, 14.06589], [107.65075, 14.07539], [107.65759, 14.08488], [107.64819, 14.09813], [107.64982, 14.10141], [107.65773, 14.1034], [107.6617, 14.13249], [107.66507, 14.13804], [107.65961, 14.14954], [107.65993, 14.15813], [107.65805, 14.16525], [107.66244, 14.17114], [107.67052, 14.17674], [107.67724, 14.18764], [107.67865, 14.19176], [107.67831, 14.20087], [107.68356, 14.2067], [107.68769, 14.22101], [107.69071, 14.22089], [107.69946, 14.21546], [107.70708, 14.21697], [107.71396, 14.21367], [107.72172, 14.2154], [107.72915, 14.21434], [107.73981, 14.20842], [107.76006, 14.20183], [107.76312, 14.20354], [107.76336, 14.21307], [107.77083, 14.21485], [107.77372, 14.21885], [107.77827, 14.21596], [107.78412, 14.22564], [107.7869, 14.22458], [107.7886, 14.22131], [107.79449, 14.22177], [107.79908, 14.21973], [107.80682, 14.21263], [107.81733, 14.2136], [107.82096, 14.21816], [107.82005, 14.22135], [107.82132, 14.22448], [107.82354, 14.22426], [107.82656, 14.22721], [107.8287, 14.23314], [107.83512, 14.23189], [107.83722, 14.23498], [107.84068, 14.25547], [107.83837, 14.26224], [107.83926, 14.26719], [107.84454, 14.27113], [107.85044, 14.27216], [107.8528, 14.27577], [107.86048, 14.27338], [107.86779, 14.27701], [107.87297, 14.27569], [107.87665, 14.28295], [107.87859, 14.27489], [107.88069, 14.27366], [107.88711, 14.27175], [107.89115, 14.27422], [107.89489, 14.27368], [107.90475, 14.26483], [107.90471, 14.26298], [107.91576, 14.26168], [107.91765, 14.25803], [107.9207, 14.25732], [107.92681, 14.24971], [107.932, 14.24039], [107.94313, 14.23918], [107.94673, 14.24285], [107.94939, 14.24247], [107.95509, 14.23093], [107.96128, 14.22742], [107.97042, 14.23576], [107.97782, 14.23939], [107.97794, 14.24143], [107.98208, 14.24479], [108.00037, 14.24491], [108.0072, 14.23989], [108.01514, 14.24066], [108.01667, 14.24945], [108.02013, 14.24831], [108.02502, 14.25228], [108.02448, 14.25669], [108.03115, 14.26503], [108.03076, 14.26637], [108.03342, 14.26744], [108.03473, 14.27404], [108.04016, 14.27742], [108.04326, 14.27693], [108.04557, 14.27314], [108.0495, 14.2731], [108.05515, 14.26629], [108.06033, 14.26541], [108.05874, 14.26861], [108.06265, 14.27296], [108.06255, 14.27521], [108.06659, 14.27766], [108.06599, 14.28119], [108.06851, 14.28382], [108.06703, 14.28715], [108.07213, 14.29461], [108.07038, 14.29864], [108.07342, 14.30089], [108.07224, 14.30382], [108.07366, 14.30656], [108.08147, 14.31019], [108.08099, 14.31365], [108.08476, 14.31328], [108.0882, 14.31518], [108.08814, 14.32323], [108.07937, 14.32805], [108.07853, 14.33237], [108.08255, 14.33437], [108.10041, 14.33512], [108.10448, 14.33761], [108.10465, 14.34356], [108.11234, 14.34587], [108.10857, 14.35334], [108.11484, 14.36324], [108.1182, 14.36311], [108.12701, 14.35662], [108.13505, 14.3552], [108.1395, 14.35691], [108.13959, 14.36016], [108.14938, 14.36035], [108.14811, 14.35568], [108.14622, 14.35622], [108.14204, 14.35334], [108.14743, 14.34761], [108.15452, 14.34932], [108.15128, 14.35145], [108.15173, 14.35356], [108.15641, 14.35382], [108.16047, 14.36287], [108.16312, 14.36214], [108.16365, 14.3644], [108.1665, 14.36457], [108.16994, 14.36811], [108.17619, 14.36648], [108.18228, 14.36934], [108.18377, 14.368], [108.1895, 14.36858], [108.19265, 14.37382], [108.19901, 14.37303], [108.19842, 14.37685], [108.20352, 14.37473], [108.20437, 14.38046], [108.20958, 14.3874], [108.2137, 14.38719], [108.2215, 14.39163], [108.22948, 14.39236], [108.23249, 14.38982], [108.23957, 14.39288], [108.24379, 14.39604], [108.24409, 14.39792], [108.25182, 14.39088], [108.26019, 14.39053], [108.26449, 14.38748], [108.27019, 14.38849], [108.27455, 14.38638], [108.28081, 14.38938], [108.28981, 14.38934], [108.29664, 14.39198], [108.29635, 14.39925], [108.29194, 14.4046], [108.29157, 14.40719], [108.29851, 14.41985], [108.30043, 14.42119], [108.30279, 14.42011], [108.30757, 14.42325], [108.31225, 14.4326], [108.31649, 14.43483], [108.32312, 14.44233], [108.32213, 14.44474], [108.32425, 14.45465], [108.32652, 14.45852], [108.32867, 14.45849], [108.3316, 14.46138], [108.3317, 14.46749], [108.33562, 14.47115], [108.33851, 14.47715], [108.34337, 14.48113], [108.34877, 14.49286], [108.35319, 14.49449], [108.35606, 14.49151], [108.3592, 14.49486], [108.36339, 14.49425], [108.36582, 14.50077], [108.37261, 14.50751], [108.37643, 14.51085], [108.38139, 14.51158], [108.38365, 14.52587], [108.37612, 14.53094], [108.37366, 14.53033], [108.36971, 14.53299], [108.37178, 14.53584], [108.37126, 14.53851], [108.37451, 14.54087], [108.37475, 14.54726], [108.36779, 14.55824], [108.3592, 14.5636], [108.35953, 14.56603], [108.35702, 14.57048], [108.35685, 14.57873], [108.35836, 14.58107], [108.36696, 14.58427], [108.3699, 14.59368], [108.37167, 14.59423], [108.37129, 14.59609], [108.37509, 14.59855], [108.37547, 14.60057], [108.38435, 14.59704], [108.38742, 14.59839], [108.38888, 14.6019], [108.39382, 14.60019], [108.39528, 14.60086], [108.39442, 14.60309], [108.39753, 14.60326], [108.39962, 14.59948], [108.40305, 14.59828], [108.40334, 14.5953], [108.40596, 14.5921], [108.40957, 14.59221], [108.41058, 14.58735], [108.41312, 14.58445], [108.41237, 14.57928], [108.41393, 14.57667], [108.4127, 14.57584], [108.41449, 14.57466], [108.41509, 14.57118], [108.41693, 14.57125], [108.41904, 14.56827], [108.42361, 14.56744], [108.42596, 14.56025], [108.43634, 14.55868], [108.4413, 14.55496], [108.44509, 14.55685], [108.45035, 14.55661], [108.45864, 14.55169], [108.46122, 14.55381], [108.47058, 14.54961], [108.48216, 14.55067], [108.48441, 14.54759], [108.49341, 14.54489], [108.49591, 14.54269], [108.50415, 14.54683], [108.50772, 14.54479], [108.5116, 14.54606], [108.51213, 14.55109], [108.52014, 14.55115], [108.52419, 14.55611], [108.52889, 14.55636], [108.52876, 14.55866], [108.53067, 14.56016], [108.5317, 14.55683], [108.53122, 14.55941], [108.52921, 14.56245], [108.53086, 14.56612], [108.53159, 14.57785], [108.53578, 14.58258], [108.54075, 14.58404], [108.54298, 14.58749], [108.54717, 14.58941], [108.55082, 14.58543], [108.56016, 14.58608], [108.56639, 14.57988], [108.57224, 14.57786], [108.57409, 14.57253], [108.59407, 14.56505], [108.5966, 14.56243], [108.59447, 14.55978], [108.59577, 14.55661], [108.59755, 14.55651], [108.59591, 14.54718], [108.60425, 14.53627], [108.60836, 14.53359], [108.61153, 14.53492], [108.61312, 14.53235], [108.61762, 14.53622], [108.61732, 14.54176], [108.61873, 14.54364], [108.62157, 14.54209], [108.62814208869004, 14.544972994172833], [108.62715, 14.54785], [108.62951, 14.55204], [108.63578, 14.55122], [108.64148, 14.54754], [108.6432, 14.55019], [108.64212, 14.55413], [108.64455, 14.55861], [108.64077, 14.56526], [108.64506, 14.56803], [108.65372, 14.57005], [108.65985, 14.57682], [108.67411, 14.58154], [108.67728, 14.58465], [108.67516, 14.59052], [108.68015, 14.59686], [108.6878, 14.59177], [108.69801, 14.59659], [108.69908, 14.60145], [108.70279, 14.60601], [108.70103, 14.61339], [108.70201, 14.61402], [108.705, 14.61495], [108.70794, 14.61348], [108.70588, 14.60971], [108.70877, 14.60503], [108.71644, 14.60186], [108.71805, 14.5984], [108.72393, 14.59533], [108.72594, 14.59639], [108.73406, 14.58943], [108.73815, 14.58883], [108.74055, 14.59099], [108.74116, 14.59517], [108.7484, 14.59194], [108.75688, 14.59308], [108.75922, 14.59817], [108.76342, 14.59963], [108.76097, 14.61591], [108.7617, 14.62018], [108.76569, 14.62257], [108.76661, 14.62775], [108.76431, 14.63766], [108.76552, 14.64219], [108.76377, 14.64612], [108.76444, 14.65165], [108.75938, 14.66677], [108.76394, 14.6748], [108.76728, 14.67463], [108.76868, 14.67783], [108.77153, 14.67805], [108.78183, 14.67036], [108.78681, 14.6709], [108.78848, 14.66948], [108.79878, 14.66873], [108.80183, 14.6708], [108.80676, 14.66918], [108.80993, 14.67116], [108.81309, 14.67037], [108.82233, 14.67669], [108.82546, 14.67581], [108.82776, 14.67742], [108.83518, 14.69123], [108.83878, 14.69445], [108.84269, 14.69219], [108.8462, 14.68686], [108.84669, 14.68199], [108.85171, 14.6834], [108.85054, 14.68599], [108.85297, 14.69134], [108.86001, 14.69245], [108.8634, 14.69527], [108.87002, 14.69072], [108.87338, 14.69052], [108.87429, 14.68749], [108.88792, 14.68391], [108.88918, 14.68223], [108.89209, 14.68611], [108.90479, 14.68697], [108.90679, 14.69131], [108.91656, 14.69436], [108.92144, 14.69815], [108.92496, 14.698], [108.9285, 14.70313], [108.92922, 14.69708], [108.93098, 14.69788], [108.93982, 14.69532], [108.94241, 14.68963], [108.94445, 14.68847], [108.9456, 14.68948], [108.94679, 14.68745], [108.94976, 14.68815], [108.94989, 14.6851], [108.95468, 14.68356], [108.95466, 14.68097], [108.95824, 14.6835], [108.95928, 14.68658], [108.96093, 14.68598], [108.97323, 14.67611], [108.97319, 14.67289], [108.97801, 14.67062], [108.99409, 14.67426], [108.99638, 14.67081], [109.00129, 14.66846], [109.00837, 14.67042], [109.01411, 14.66662], [109.01712, 14.66644], [109.01765, 14.6603], [109.02029, 14.65742], [109.0231, 14.65714], [109.02447, 14.65244], [109.02759, 14.65085], [109.02699, 14.64744], [109.03081, 14.64644], [109.03168, 14.64883], [109.03469, 14.64814], [109.03895, 14.64125], [109.0358, 14.6414], [109.03951, 14.63992], [109.04301, 14.63599], [109.04592, 14.62731], [109.04525, 14.62555], [109.04252, 14.62484], [109.04238, 14.62303], [109.04662, 14.61765], [109.04411, 14.61134], [109.04506, 14.6092], [109.04847, 14.60832], [109.04819, 14.60386], [109.05416, 14.60286], [109.05979, 14.59106], [109.06212, 14.59197], [109.06668, 14.59048], [109.07173, 14.58369], [109.07935, 14.58103], [109.08245, 14.57776], [109.07894, 14.57889], [109.07584, 14.57699], [109.07069, 14.57831], [109.07012, 14.57708], [109.0773, 14.57469], [109.07108, 14.57657], [109.06953, 14.5752], [109.06701, 14.56883], [109.06809, 14.56016], [109.07919, 14.52889], [109.08983, 14.50781], [109.0894, 14.5051], [109.12077, 14.45146], [109.12231, 14.44587], [109.12473, 14.44449], [109.12227, 14.4375], [109.11884, 14.43668], [109.11936, 14.42969], [109.11643, 14.42805], [109.11539, 14.42318], [109.12753, 14.3936], [109.12572, 14.39023], [109.12301, 14.38887], [109.12426, 14.38497], [109.12088, 14.37942], [109.12406, 14.36946], [109.13374, 14.35133], [109.15277, 14.32184], [109.18276, 14.28177], [109.18602, 14.28156], [109.1846, 14.27865], [109.17931, 14.2769], [109.1785, 14.273], [109.1891, 14.25306], [109.19456, 14.24838], [109.19445, 14.24377], [109.19797, 14.23229], [109.19377, 14.22676], [109.1897, 14.22968], [109.1839, 14.22717], [109.18142, 14.21951], [109.18197, 14.21098], [109.19208, 14.18483], [109.21062, 14.15294], [109.2211, 14.13841], [109.2238, 14.13719], [109.22729, 14.13906], [109.2275, 14.13556], [109.22517, 14.13372], [109.22581, 14.13106], [109.22041, 14.12637], [109.20738, 14.12438], [109.20516, 14.11585], [109.20555, 14.10997], [109.21682, 14.07939], [109.22592, 14.0617], [109.24814, 14.02441], [109.25256, 14.02221], [109.25171, 14.01953], [109.25369, 14.01796], [109.25088, 14.01181], [109.24676, 14.00902], [109.25193, 13.99505], [109.25545, 13.99314], [109.25697, 13.98873], [109.25465, 13.98447], [109.2504, 13.9853], [109.24927, 13.97963], [109.25489, 13.96578], [109.2561, 13.96451], [109.25925, 13.96501], [109.25948, 13.96344], [109.25348, 13.95918], [109.24969, 13.95978], [109.25011, 13.95776], [109.24613, 13.9584], [109.24355, 13.95653], [109.2421, 13.95301], [109.24378, 13.94143], [109.25005, 13.92697], [109.2664, 13.90127], [109.27319, 13.89371], [109.28386, 13.88691], [109.28747, 13.8865], [109.29093, 13.8881], [109.29022, 13.89153], [109.29312, 13.89497], [109.2941, 13.89361], [109.29201, 13.89004], [109.29243, 13.88623], [109.29648, 13.88535], [109.29814, 13.8771], [109.29488, 13.87811], [109.29196, 13.87276], [109.29507, 13.85591], [109.29235, 13.85244], [109.29384, 13.84808], [109.29567, 13.84751], [109.29917, 13.84191], [109.29592, 13.83587], [109.29796, 13.83361], [109.29814, 13.82963], [109.2994, 13.83006], [109.29911, 13.8267], [109.29598, 13.82127], [109.29369, 13.82125], [109.28987, 13.81761], [109.28547, 13.80439], [109.28674, 13.79771], [109.28963, 13.79481], [109.28909, 13.79082], [109.29149, 13.78888], [109.29074, 13.78704], [109.29408, 13.78052], [109.29272, 13.7788], [109.294, 13.77157], [109.29241, 13.77207], [109.29124, 13.77028], [109.29319, 13.76721], [109.28966, 13.76414], [109.28823, 13.75776], [109.28927, 13.75474], [109.28835, 13.75529], [109.28828, 13.75377], [109.28251, 13.76158], [109.28033, 13.76232], [109.27414, 13.76114], [109.26754, 13.75705], [109.25494, 13.7585], [109.25049, 13.76151], [109.25179, 13.76287], [109.251, 13.76786], [109.24158, 13.77154], [109.23294, 13.7684], [109.2231, 13.76083], [109.2176, 13.7536], [109.2143, 13.74557], [109.21789, 13.73999], [109.21946, 13.73369], [109.21785, 13.71464], [109.22198, 13.71178], [109.22183, 13.70755], [109.22679, 13.69046], [109.22946, 13.68752], [109.23119, 13.68863], [109.23297, 13.68731], [109.23133, 13.68508], [109.23369, 13.68123], [109.23378, 13.67091], [109.22733, 13.67765], [109.21856, 13.68153], [109.21213, 13.67902], [109.2076, 13.68106], [109.20323, 13.69372], [109.19953, 13.6953], [109.19043, 13.69359], [109.19155, 13.69673], [109.19028, 13.69328], [109.18701, 13.6905], [109.18727, 13.68807], [109.18472, 13.68722], [109.18274, 13.68348], [109.17734, 13.6823], [109.16941, 13.68313], [109.16763, 13.67879], [109.1629, 13.67635], [109.15619, 13.67838], [109.15499, 13.6746], [109.15703, 13.66887], [109.15473, 13.66485], [109.15353, 13.65728], [109.15114, 13.65515], [109.15408, 13.6464], [109.1527, 13.634], [109.14971, 13.63208], [109.14658, 13.63249], [109.14475, 13.63042], [109.14025, 13.63505], [109.1357, 13.63635], [109.12769, 13.64319], [109.12245, 13.64494], [109.11974, 13.64107], [109.11882, 13.63503], [109.12185, 13.63377], [109.12668, 13.62657], [109.12718, 13.62334], [109.12636, 13.62019], [109.11883, 13.61869], [109.11515, 13.61441], [109.11529, 13.6083], [109.11808, 13.60394], [109.11325, 13.59408], [109.11365, 13.59144], [109.11811, 13.58722], [109.11732, 13.58439], [109.11103, 13.5875], [109.10031, 13.58343], [109.09906, 13.57826], [109.0967, 13.57746], [109.09603, 13.57423], [109.09262, 13.57167], [109.08859, 13.57216], [109.08433, 13.5671], [109.05301863891077, 13.569303982552857], [109.05021, 13.5616], [109.04464, 13.55934], [109.04098, 13.54799], [109.03415, 13.54513], [109.03204, 13.53425], [109.0242, 13.52904], [109.01906, 13.53007], [109.01742, 13.52571], [109.01229, 13.52775], [109.00695, 13.5228], [109.00497, 13.52387], [108.99897, 13.52269], [108.98858, 13.52857], [108.98738, 13.5267], [108.98373, 13.52764], [108.98135, 13.52591], [108.97809, 13.5283], [108.9747, 13.52852], [108.97235, 13.52596], [108.94469, 13.52704], [108.94162, 13.54168], [108.94335, 13.52877], [108.94062, 13.52851], [108.93315, 13.53368], [108.93225, 13.53174], [108.92019, 13.5411], [108.91197, 13.54022], [108.90669, 13.54204], [108.90728, 13.54012], [108.90324, 13.53807], [108.89457, 13.54114], [108.89172, 13.53675], [108.86732, 13.53491], [108.86634, 13.53801], [108.86759, 13.54014], [108.86482, 13.54336], [108.85993, 13.54459], [108.85802, 13.5482], [108.85599, 13.55813], [108.85249, 13.56189], [108.85024268447918, 13.570351631482735], [108.84848, 13.56601], [108.84436, 13.56423], [108.83793, 13.56434], [108.83447, 13.5663], [108.82676, 13.5651], [108.82204, 13.57264], [108.81846, 13.57089], [108.8144, 13.57698], [108.78526, 13.57763], [108.78324, 13.57504], [108.78446, 13.57394], [108.78045, 13.57167], [108.78042, 13.56885], [108.77452, 13.57038], [108.76683, 13.5614], [108.75787, 13.5626], [108.74811, 13.56616], [108.74754, 13.55499], [108.73914, 13.55675], [108.73956, 13.55147], [108.7358, 13.54876], [108.73224, 13.53974], [108.73479, 13.53701], [108.73311, 13.52884], [108.72738, 13.52349], [108.72741, 13.5195], [108.71445, 13.51818], [108.71231, 13.50943], [108.71311, 13.50132], [108.70879, 13.4991], [108.70864, 13.49349], [108.7029, 13.48631], [108.70784, 13.4825], [108.71069, 13.47614], [108.71512, 13.47404], [108.71485, 13.47052], [108.71307, 13.4689], [108.71345933859823, 13.463838598223099], [108.72699, 13.46373], [108.73495, 13.45798], [108.74375, 13.45702], [108.74793, 13.45869], [108.75179, 13.46377], [108.75735, 13.45949], [108.76055, 13.46461], [108.76347, 13.46328], [108.76942, 13.46453], [108.77265, 13.46656], [108.77726, 13.46682], [108.77828, 13.46852], [108.77964, 13.46598], [108.78943, 13.46836], [108.793, 13.47393], [108.79513, 13.47196], [108.79607, 13.46774], [108.79424, 13.46627], [108.79533, 13.46369], [108.7923, 13.4626], [108.7924, 13.45804], [108.78984, 13.4537], [108.79607, 13.45244], [108.79507, 13.45042], [108.79673, 13.44942], [108.79631, 13.44727], [108.80007, 13.44706], [108.80113, 13.44151], [108.80591, 13.4365], [108.80438, 13.43244], [108.80628, 13.42378], [108.80479, 13.41861], [108.80706, 13.4102], [108.80499, 13.40704], [108.80769, 13.40202], [108.80274, 13.39575], [108.80691, 13.40039], [108.80775, 13.39332], [108.8043, 13.39089], [108.80523, 13.38032], [108.80706, 13.37622], [108.8064, 13.36701], [108.81019, 13.3603], [108.80836, 13.35727], [108.8107, 13.35441], [108.81471, 13.35365], [108.81466, 13.35073], [108.82169, 13.34393], [108.82485, 13.34369], [108.83125, 13.33161], [108.83312, 13.33157], [108.83964, 13.3249], [108.84023, 13.31911], [108.84372, 13.31568], [108.84631, 13.30799], [108.85608, 13.29128], [108.86143, 13.28719], [108.86821, 13.28857], [108.87315, 13.27973], [108.87147, 13.27684], [108.87127, 13.26805], [108.86805, 13.26133], [108.8704, 13.25759], [108.8704, 13.24661], [108.86471, 13.22525], [108.85638, 13.22357], [108.85439, 13.21872], [108.84957, 13.21665], [108.85171, 13.21033], [108.84757, 13.20337], [108.85497, 13.19329], [108.84872, 13.19069], [108.84953, 13.18042], [108.84837, 13.17946], [108.84539, 13.18247], [108.84375, 13.18002], [108.8443, 13.17603], [108.83854, 13.17036], [108.84238, 13.16451], [108.83579, 13.16176], [108.83018, 13.16519], [108.82703, 13.16371], [108.82318, 13.15313], [108.82045, 13.15691], [108.81368, 13.15886], [108.80784, 13.15364], [108.80456, 13.14549], [108.80297, 13.14782], [108.80359, 13.15149], [108.79693, 13.15197], [108.79579, 13.14111], [108.79292, 13.14195], [108.79081, 13.14727], [108.78628, 13.14121], [108.78271, 13.14243], [108.78082, 13.14638], [108.77681, 13.14675], [108.77562, 13.14489], [108.7773, 13.13772], [108.76162, 13.13366], [108.76056, 13.12476], [108.7681, 13.12228], [108.76916, 13.12006], [108.76836, 13.11718], [108.76432, 13.11735], [108.76009, 13.11532], [108.7563, 13.10159], [108.75067, 13.09181], [108.7565, 13.03273], [108.71382, 13.01758], [108.69291, 13.01674], [108.68598, 13.004], [108.68173, 13.0012], [108.68137, 12.99827], [108.67536, 12.99602], [108.67028, 13.00194], [108.66757, 13.00129], [108.6633, 13.00325], [108.65749, 12.9992], [108.65303, 13.00101], [108.64574, 13.00778], [108.64492, 13.011], [108.62961, 13.01001], [108.627, 13.00754], [108.6181, 13.01021], [108.61446, 13.00754], [108.60598, 13.01937], [108.60007, 13.01808], [108.59888, 13.02232], [108.59168, 13.02973], [108.57785, 13.02833], [108.56854, 13.01958], [108.53116, 13.03438], [108.52355, 13.03229], [108.51809, 13.03394], [108.51506, 13.03255], [108.51082, 13.03749], [108.5137, 13.04021], [108.51117, 13.046], [108.51669, 13.06074], [108.5212, 13.0632], [108.5173, 13.06799], [108.51924, 13.07184], [108.51774, 13.07345], [108.51491, 13.07163], [108.5093, 13.08009], [108.50052, 13.08433], [108.49946, 13.08733], [108.50223, 13.08856], [108.49941, 13.08965], [108.4958, 13.09531], [108.48843, 13.09884], [108.49268, 13.10312], [108.49309, 13.10618], [108.49051, 13.10867], [108.48665, 13.11185], [108.47704, 13.11473], [108.4733, 13.11823], [108.46391, 13.11759], [108.45728, 13.12615], [108.46017, 13.13446], [108.46764, 13.13574], [108.46967, 13.14041], [108.46426, 13.14137], [108.46595, 13.148], [108.46127, 13.15168], [108.4607, 13.15576], [108.46391, 13.16238], [108.46039, 13.16539], [108.45657, 13.16568], [108.44084, 13.17939], [108.43688, 13.18005], [108.42342, 13.19831], [108.42161, 13.21138], [108.4182, 13.21329], [108.4163, 13.22144], [108.42239, 13.22702], [108.42012, 13.22812], [108.42025, 13.2309], [108.41752, 13.23326], [108.41809, 13.23845], [108.42149, 13.2404], [108.41054, 13.24795], [108.4094634838624, 13.25604648691725], [108.40501, 13.26048], [108.39927, 13.25596], [108.38789, 13.25683], [108.37653, 13.26721], [108.3722, 13.26757], [108.37175, 13.27037], [108.37445, 13.27546], [108.37234, 13.27816], [108.37402, 13.27999], [108.36957, 13.29392], [108.37055, 13.29787], [108.36932, 13.30137], [108.37256, 13.30239], [108.36717, 13.3101], [108.36404, 13.31078], [108.36228, 13.31477], [108.35571, 13.31548], [108.35481, 13.32141], [108.35274, 13.32387], [108.35356, 13.32908], [108.34551, 13.33293], [108.34737, 13.33887], [108.33696, 13.33769], [108.32093, 13.34547], [108.31262, 13.34265], [108.2946, 13.35175], [108.28813, 13.35061], [108.28697, 13.35482], [108.28023, 13.3618], [108.26360540532364, 13.372185388281029], [108.2578, 13.36845], [108.25302, 13.36961], [108.24953, 13.36808], [108.24699, 13.36949], [108.2425, 13.36793], [108.23762, 13.37364], [108.23584, 13.37089], [108.23156, 13.37158], [108.22746, 13.37014], [108.22017, 13.3725], [108.21307, 13.36816], [108.2092, 13.37662], [108.20517, 13.37305], [108.20288, 13.37321]], [[109.22258, 13.76133], [109.22193707540984, 13.760961829508197], [109.2231, 13.76083], [109.22258, 13.76133]], [[108.31065550319883, 13.350351609349863], [108.31062, 13.35021], [108.31262, 13.34265], [108.31065550319883, 13.350351609349863]], [[108.64082, 14.47146], [108.64079763586871, 14.47134470904725], [108.6433, 14.47372], [108.64082, 14.47146]], [[108.64024, 14.46847], [108.64024040164416, 14.468468738696425], [108.6402471752577, 14.468506989690512], [108.64024, 14.46847]], [[108.64026778979071, 14.453221045640586], [108.64035, 14.4533], [108.63989, 14.45528], [108.64026778979071, 14.453221045640586]], [[108.63747053112981, 14.450635775213927], [108.63844919963738, 14.451199538949682], [108.63864199049533, 14.451659634436115], [108.63747053112981, 14.450635775213927]], [[108.62609, 14.44954], [108.63143, 14.447], [108.63148033728204, 14.4470120498513], [108.62609, 14.44954]], [[108.61737, 14.45391], [108.62014, 14.45008], [108.62030510235026, 14.450065015921153], [108.61737, 14.45391]], [[108.64663, 14.29743], [108.64670851664386, 14.297378250393823], [108.64619, 14.30633], [108.64663, 14.29743]], [[108.65369, 14.26928], [108.65427, 14.26623], [108.65371796402547, 14.269336371924386], [108.65369, 14.26928]], [[108.65959, 14.25411], [108.65971708827597, 14.254056189817748], [108.65696, 14.25674], [108.65959, 14.25411]], [[108.66166, 14.2491], [108.66538, 14.25156], [108.66531043398393, 14.251588932261766], [108.66166, 14.2491]], [[108.66492, 14.24936], [108.66475959020968, 14.247451676632439], [108.66538, 14.25156], [108.66492, 14.24936]], [[108.66463, 14.24591], [108.66762, 14.24399], [108.6646435794804, 14.246071548990834], [108.66463, 14.24591]], [[108.67613993365921, 14.223551494413408], [108.67609, 14.22384], [108.67588287497514, 14.223884584539249], [108.67613993365921, 14.223551494413408]], [[108.67982, 14.2], [108.67986579545982, 14.199918499605413], [108.68038, 14.20248], [108.67982, 14.2]], [[108.68036, 14.19613], [108.68064834355827, 14.195687873210627], [108.68038747533795, 14.19620598648155], [108.68036, 14.19613]], [[108.6815572398871, 14.193003409219179], [108.68176, 14.19348], [108.68165600624025, 14.193686543161729], [108.6815572398871, 14.193003409219179]], [[108.67379, 14.18343], [108.67331859808307, 14.182044655591062], [108.67449707194245, 14.183367496402877], [108.67379, 14.18343]], [[108.6847, 14.13132], [108.68518707418188, 14.130692467216836], [108.68328, 14.14097], [108.6847, 14.13132]], [[108.68205, 14.12776], [108.68695460343265, 14.128162330750335], [108.68664320555804, 14.128515965081428], [108.68205, 14.12776]], [[108.69906, 14.11056], [108.70093, 14.10613], [108.69896, 14.11384], [108.69906, 14.11056]], [[108.75502, 14.04556], [108.7539640902505, 14.043331666321755], [108.75520393443243, 14.045699320572783], [108.73358, 14.05292], [108.75502, 14.04556]], [[108.75357, 14.0425], [108.75785, 14.0362], [108.7535825734919, 14.042526534403606], [108.75357, 14.0425]], [[108.75741, 14.02548], [108.75702755792037, 14.022648457679686], [108.75812, 14.02618], [108.75741, 14.02548]], [[108.75224, 14.01876], [108.75653, 14.02104], [108.75667062566903, 14.02149460121938], [108.75224, 14.01876]], [[108.76089, 13.99712], [108.76175017720912, 13.996486813998848], [108.75768, 14.00211], [108.76089, 13.99712]], [[108.76387507880503, 13.993305068390953], [108.76397, 13.99342], [108.76368796289003, 13.993809650633652], [108.76387507880503, 13.993305068390953]], [[108.74531843766869, 13.917509160998781], [108.74649, 13.91984], [108.74646635021033, 13.919947289289706], [108.74531843766869, 13.917509160998781]], [[108.743, 13.91753], [108.74294010044224, 13.91741661869425], [108.74470853722019, 13.91748542946382], [108.743, 13.91753]], [[108.7485, 13.9012], [108.748583013354, 13.90119110074597], [108.74634, 13.90554], [108.7485, 13.9012]], [[108.77254, 13.86561], [108.77549, 13.86342], [108.77246590632865, 13.865730209263694], [108.77254, 13.86561]], [[108.79690648009, 13.821693055410432], [108.79694, 13.82183], [108.79591, 13.82822], [108.79690648009, 13.821693055410432]], [[108.79689996793404, 13.821666450192046], [108.79672, 13.82152], [108.79580558079107, 13.817195364257506], [108.79689996793404, 13.821666450192046]], [[108.79494, 13.82277], [108.79242, 13.82207], [108.79517155156339, 13.822536694258101], [108.79494, 13.82277]], [[108.79237166711337, 13.819234470651303], [108.79273, 13.82], [108.79242, 13.82207], [108.79237166711337, 13.819234470651303]], [[108.79094956818352, 13.818196451758004], [108.79185, 13.81812], [108.79201023783506, 13.818462326283987], [108.79094956818352, 13.818196451758004]], [[108.78291, 13.80968], [108.7858, 13.81071], [108.78580609170305, 13.810731320960693], [108.78291, 13.80968]], [[108.77881527696795, 13.802451166180779], [108.779, 13.80269], [108.77898572719863, 13.80273613766022], [108.77881527696795, 13.802451166180779]], [[108.77518, 13.80127], [108.77801, 13.80141], [108.77821138072565, 13.801670371039238], [108.77518, 13.80127]], [[108.7744, 13.79723], [108.77357, 13.79819], [108.77183376908913, 13.798591470811223], [108.77439, 13.79723], [108.77273703628552, 13.795181762353788], [108.77328, 13.79551], [108.77530885509904, 13.798445099751982], [108.7744, 13.79723]], [[108.76854, 13.79319], [108.76763543199783, 13.792097691469076], [108.77056537400462, 13.793868928187463], [108.76854, 13.79319]], [[108.76748, 13.79191], [108.7678470490587, 13.790560846703142], [108.76754991970729, 13.79199443134464], [108.76748, 13.79191]], [[108.76654, 13.7897], [108.76657703539823, 13.789663243063412], [108.76762668979188, 13.790405104063435], [108.76654, 13.7897]], [[108.76718058823533, 13.78786392605045], [108.76785, 13.7883], [108.76781297088766, 13.788337309635908], [108.76718058823533, 13.78786392605045]], [[108.76612, 13.78707], [108.76814375057263, 13.785075721523084], [108.76817, 13.78513], [108.76612, 13.78707]], [[108.65782, 13.21935], [108.65782739945155, 13.219277161648765], [108.66003, 13.21911], [108.65782, 13.21935]], [[108.66065468772261, 13.214398292567125], [108.66059, 13.21451], [108.66058409982139, 13.214514069919122], [108.66065468772261, 13.214398292567125]], [[108.66229, 13.20902], [108.66286, 13.21059], [108.66266415628832, 13.210928197070396], [108.66229, 13.20902]], [[108.65936235347164, 13.210683435527478], [108.66277070534751, 13.208606731733612], [108.66229, 13.20902], [108.65936235347164, 13.210683435527478]], [[108.66592419221317, 13.203463917992496], [108.66604, 13.20372], [108.66507, 13.20663], [108.66592419221317, 13.203463917992496]], [[108.65385, 13.19008], [108.6537918745145, 13.1895885754407], [108.6579, 13.19484], [108.65385, 13.19008]], [[108.65363, 13.18822], [108.65496, 13.18604], [108.65374560855264, 13.18919741776315], [108.65363, 13.18822]], [[108.6613, 13.18001], [108.66867, 13.17638], [108.6609403793684, 13.180352036657494], [108.6613, 13.18001]], [[108.74587427997992, 13.148902376442551], [108.74493, 13.14956], [108.74008, 13.15036], [108.74587427997992, 13.148902376442551]], [[108.74713183082271, 13.147024565469312], [108.74717, 13.148], [108.74661814216479, 13.148384329563804], [108.74713183082271, 13.147024565469312]], [[108.7465083967826, 13.14506073762626], [108.74708, 13.1457], [108.74709521005065, 13.146088701294389], [108.7465083967826, 13.14506073762626]], [[108.74429493061831, 13.142800546759918], [108.74463, 13.14296], [108.74488992690553, 13.143250693763735], [108.74429493061831, 13.142800546759918]], [[108.73579, 13.139], [108.73471118265033, 13.1382398206861], [108.73919889453799, 13.140375438680877], [108.73579, 13.139]], [[108.72868, 13.13399], [108.72674654528552, 13.13167067534251], [108.73263727272732, 13.136778457997728], [108.72868, 13.13399]], [[108.72397, 13.12834], [108.72386743693238, 13.127223527749747], [108.72551166576055, 13.13018934427752], [108.72397, 13.12834]], [[108.72362, 13.12453], [108.72376704091573, 13.124380998538715], [108.72364866517448, 13.124842040899392], [108.72362, 13.12453]], [[108.72587, 13.12225], [108.72646348770262, 13.122164435822015], [108.72577870574943, 13.12234251150724], [108.72587, 13.12225]], [[108.73239, 13.12131], [108.73325631542549, 13.121593443915353], [108.73122166002126, 13.121478441653375], [108.73239, 13.12131]], [[108.74052, 13.12397], [108.7420812234974, 13.124838869718088], [108.73715019047785, 13.122867454695088], [108.74052, 13.12397]], [[108.2259, 13.39728], [108.22582864297485, 13.39733559719137], [108.22585027084331, 13.397257015935985], [108.2259, 13.39728]], [[108.22423, 13.39162], [108.22403787288077, 13.39494379916261], [108.22398, 13.39479], [108.22423, 13.39162]], [[108.22334, 13.39132], [108.2229426270845, 13.390106966889538], [108.22423, 13.39162], [108.22334, 13.39132]], [[108.21879911419424, 13.386499140323115], [108.22075, 13.38753], [108.22195863309352, 13.388950491193256], [108.21879911419424, 13.386499140323115]], [[108.21053026702194, 13.387137150632125], [108.21284, 13.38646], [108.21058, 13.3872], [108.21053026702194, 13.387137150632125]], [[108.19383, 14.21706], [108.19486, 14.21882], [108.1932338109507, 14.216907291927722], [108.19383, 14.21706]], [[108.18172, 14.2152], [108.18199149226724, 14.215104304292225], [108.17994, 14.21686], [108.18172, 14.2152]], [[108.12475707503832, 14.224748147013793], [108.12595635441923, 14.22517988759092], [108.12587, 14.22523], [108.12475707503832, 14.224748147013793]], [[108.12226408814905, 14.223610059068951], [108.12251171220399, 14.223775992714014], [108.12229, 14.22368], [108.12226408814905, 14.223610059068951]], [[108.12237, 14.22246], [108.12213456944815, 14.223260463876285], [108.12106, 14.22036], [108.12237, 14.22246]], [[108.07883389147602, 14.17355511734699], [108.07855838794832, 14.175640795461641], [108.07845, 14.17561], [108.07883389147602, 14.17355511734699]], [[108.0824504908959, 14.156634321706408], [108.08122020493428, 14.160781731022333], [108.08188, 14.15725], [108.0824504908959, 14.156634321706408]], [[108.08667, 14.15565], [108.08269730616038, 14.156367956718002], [108.08289, 14.15616], [108.08667, 14.15565]], [[108.0926, 14.15238], [108.0905297705545, 14.15094024952199], [108.0905297705545, 14.150940249521987], [108.0926, 14.15238]], [[108.102, 14.16471], [108.10211, 14.16362], [108.1021298065265, 14.16460042306204], [108.102, 14.16471]], [[108.10431, 14.16276], [108.10252212328768, 14.164269246575328], [108.10436363752596, 14.162668978743818], [108.10431, 14.16276]], [[108.10930689169186, 14.156708333159596], [108.10662, 14.15884], [108.10928, 14.15671], [108.10930689169186, 14.156708333159596]], [[108.12210434716907, 14.155852868038911], [108.11719, 14.16036], [108.1214, 14.15605], [108.12210434716907, 14.155852868038911]], [[108.13385, 14.15746], [108.12801, 14.1542], [108.13414616888889, 14.15744856], [108.13385, 14.15746]], [[108.13618, 14.15737], [108.13461846887517, 14.15743031665289], [108.13786743529866, 14.15641336374798], [108.13618, 14.15737]], [[108.14886, 14.15399], [108.14640223456354, 14.15290512697531], [108.14648, 14.15289], [108.14886, 14.15399]], [[108.17673, 14.15887], [108.17207, 14.15859], [108.17568365774447, 14.15858092045793], [108.17673, 14.15887]], [[108.16914323315345, 14.158289786267131], [108.1734, 14.15795], [108.16929, 14.15849], [108.16914323315345, 14.158289786267131]], [[108.16763337629676, 14.155980010216904], [108.16814375276482, 14.156926333251441], [108.16756, 14.15613], [108.16763337629676, 14.155980010216904]], [[108.16978, 14.13186], [108.16683276999998, 14.137379895652202], [108.16685, 14.13729], [108.16978, 14.13186]], [[108.2034, 14.08251], [108.20329680997634, 14.082565184230047], [108.20340807659694, 14.08217168032788], [108.2034, 14.08251]], [[108.17818553483808, 14.07199562315996], [108.18050964800094, 14.073117099987753], [108.18007, 14.07317], [108.17818553483808, 14.07199562315996]], [[108.17661, 14.06973], [108.17742769012904, 14.071523343123886], [108.17731, 14.07145], [108.17661, 14.06973]], [[108.16011, 14.02116], [108.16032849017583, 14.022131706308258], [108.16000408106359, 14.021101707376916], [108.16011, 14.02116]], [[108.15821, 13.99347], [108.15584964142687, 14.018706914026616], [108.1558, 14.01868], [108.15821, 13.99347]], [[108.16127, 13.98948], [108.16116330347144, 13.989619123904882], [108.15951, 13.98888], [108.16127, 13.98948]], [[108.16507, 13.92656], [108.16512353991516, 13.927896267049308], [108.16478190159454, 13.925962996082024], [108.16507, 13.92656]], [[108.15917, 13.9125], [108.15928270572695, 13.912710962001722], [108.15306, 13.90748], [108.15917, 13.9125]], [[108.13184816471986, 13.86746612848941], [108.13403, 13.86721], [108.13215, 13.86753], [108.13184816471986, 13.86746612848941]], [[108.12663563819605, 13.866239799560837], [108.13050882352945, 13.867182709847993], [108.12681, 13.8664], [108.12663563819605, 13.866239799560837]], [[108.12385, 13.86235], [108.12610840010855, 13.865755382840849], [108.12484, 13.86459], [108.12385, 13.86235]], [[108.12236, 13.86136], [108.12834, 13.84881], [108.12228444667001, 13.861368212318478], [108.12236, 13.86136]], [[108.17427, 13.83683], [108.17410188697735, 13.836829539416376], [108.17500150375945, 13.836448345864637], [108.17427, 13.83683]], [[108.17588, 13.83599], [108.17578897526501, 13.836037491166083], [108.17554, 13.8344], [108.17588, 13.83599]], [[108.17524115616244, 13.834016543750604], [108.17647390625001, 13.834856875000007], [108.17554, 13.8344], [108.17524115616244, 13.834016543750604]], [[108.17467076820722, 13.829051757296197], [108.17425247632345, 13.83274793648732], [108.17388, 13.83227], [108.17467076820722, 13.829051757296197]], [[108.17474, 13.82844], [108.1747138427905, 13.828671134614915], [108.17415, 13.82654], [108.17474, 13.82844]], [[108.16286983147033, 13.812896443680133], [108.16645, 13.81577], [108.16359, 13.81398], [108.16286983147033, 13.812896443680133]], [[108.16255093640811, 13.812224682040519], [108.16260585301838, 13.812499265091878], [108.1625, 13.81234], [108.16255093640811, 13.812224682040519]], [[108.16454085427135, 13.807882261306533], [108.16444619495167, 13.807933893662726], [108.16447, 13.80788], [108.16454085427135, 13.807882261306533]], [[108.16745, 13.80794], [108.16734496782637, 13.807914246918966], [108.16799, 13.80726], [108.16745, 13.80794]], [[108.16068162740754, 13.789114770947588], [108.16592, 13.80076], [108.16054, 13.78933], [108.16068162740754, 13.789114770947588]], [[108.16184901585567, 13.7873845562238], [108.16162355497038, 13.787683337722193], [108.16181, 13.7874], [108.16184901585567, 13.7873845562238]], [[108.16615196832598, 13.785698185458449], [108.16347736842086, 13.786740000000075], [108.16613, 13.78569], [108.16615196832598, 13.785698185458449]], [[108.16893, 13.78701], [108.16681976377956, 13.785947007874029], [108.16940867298578, 13.786911642537168], [108.16893, 13.78701]], [[108.17331, 13.78611], [108.17216110546875, 13.786346074218752], [108.17336673763047, 13.785989653399733], [108.17331, 13.78611]], [[108.1762, 13.77998], [108.17603346478126, 13.780333239062593], [108.17600870523417, 13.779095261707988], [108.1762, 13.77998]], [[108.1732772332124, 13.777539375727292], [108.17588, 13.7785], [108.1759062520271, 13.7786214156253], [108.1732772332124, 13.777539375727292]], [[108.17102, 13.77739], [108.17114625630676, 13.777398355196771], [108.17100942078365, 13.777399795570698], [108.17102, 13.77739]], [[108.16627491060292, 13.774403846153872], [108.16790357137162, 13.777667047333031], [108.1678, 13.77761], [108.16627491060292, 13.774403846153872]], [[108.16911192660547, 13.770283853211028], [108.16520264317181, 13.772149647577091], [108.16516, 13.77206], [108.16911192660547, 13.770283853211028]], [[108.17193, 13.77048], [108.16958003732196, 13.770073466372153], [108.16961, 13.77006], [108.17193, 13.77048]], [[108.11814, 13.77014], [108.11836, 13.76878], [108.11826, 13.7734], [108.11814, 13.77014]], [[108.10159, 13.76387], [108.10494774775286, 13.77055612744959], [108.10486, 13.77058], [108.10159, 13.76387]], [[108.09773, 13.75874], [108.09819, 13.75706], [108.09778927197753, 13.758802700934908], [108.09773, 13.75874]], [[108.09647, 13.75396], [108.09750831753576, 13.755831386256297], [108.09642855190748, 13.753944829456334], [108.09647, 13.75396]], [[108.0949, 13.75335], [108.09507, 13.75234], [108.09494426151305, 13.753365252278147], [108.0949, 13.75335]], [[108.09703, 13.74953], [108.09374992063492, 13.751657619047615], [108.09388, 13.75109], [108.09703, 13.74953]], [[108.10365, 13.73785], [108.10233, 13.73853], [108.10357829015544, 13.73778853441895], [108.10365, 13.73785]], [[108.10388, 13.71893], [108.10075767025366, 13.723895172685316], [108.10067, 13.72371], [108.10388, 13.71893]], [[108.11239, 13.68117], [108.1097896739638, 13.684620622762854], [108.1098, 13.68457], [108.11239, 13.68117]], [[108.15689, 13.65975], [108.15678208122712, 13.659747862994598], [108.1562, 13.65643], [108.15689, 13.65975]], [[108.14973972670252, 13.641246944444454], [108.15382, 13.64481], [108.14973972670252, 13.64124694444446], [108.14973972670252, 13.641246944444454]], [[108.14533, 13.64831], [108.14894893723252, 13.642996742154075], [108.14848, 13.64446], [108.14533, 13.64831]], [[108.10581, 13.63139], [108.10107785764312, 13.637138307662998], [108.10107, 13.63711], [108.10581, 13.63139]], [[108.10747, 13.6193], [108.10777, 13.6229], [108.10744397107896, 13.619244524218805], [108.10747, 13.6193]], [[108.10648, 13.61719], [108.10738526200508, 13.619119396798691], [108.10562, 13.61652], [108.10648, 13.61719]], [[108.10403230865121, 13.617595956120665], [108.10455, 13.61688], [108.10562, 13.61652], [108.10403230865121, 13.617595956120665]], [[108.09948, 13.61974], [108.10267, 13.61948], [108.09945929639633, 13.619767377791687], [108.09948, 13.61974]], [[108.09342, 13.62566], [108.09234466992056, 13.624269719919482], [108.0928, 13.62272], [108.09342, 13.62566]], [[108.07307, 13.62678], [108.08874, 13.62435], [108.09051658105155, 13.62450780519369], [108.07307, 13.62678]], [[108.04682919760826, 13.589904716141065], [108.05177, 13.59263], [108.04684, 13.58993], [108.04682919760826, 13.589904716141065]], [[108.04190722117202, 13.58117221172022], [108.04368, 13.58327], [108.04191, 13.5812], [108.04190722117202, 13.58117221172022]], [[108.04184450129269, 13.579693427677237], [108.04187219512195, 13.580821951219558], [108.04176, 13.5797], [108.04184450129269, 13.579693427677237]], [[108.04271, 13.57956], [108.0426804567383, 13.579558302111398], [108.0430410243525, 13.578294565133447], [108.04271, 13.57956]], [[108.04785, 13.5774], [108.04353941124701, 13.576547791648835], [108.04353941124701, 13.576547791648833], [108.04785, 13.5774]], [[108.14731212279393, 13.542774631369621], [108.14588, 13.54635], [108.14661, 13.54331], [108.14731212279393, 13.542774631369621]], [[108.15091, 13.54229], [108.14737846817337, 13.542724043017797], [108.14741, 13.5427], [108.15091, 13.54229]], [[108.18433, 13.55549], [108.18354, 13.55402], [108.18495486296864, 13.555510828765621], [108.18433, 13.55549]], [[108.18553, 13.55553], [108.18519625434867, 13.555518875144955], [108.1869, 13.55479], [108.18553, 13.55553]], [[108.21605, 13.53275], [108.20965676559123, 13.533563862662465], [108.20969, 13.53351], [108.21605, 13.53275]], [[108.22904517875523, 13.532883623824882], [108.22653, 13.53459], [108.22903, 13.53285], [108.22904517875523, 13.532883623824882]], [[108.23414, 13.53896], [108.23289, 13.53545], [108.23245, 13.53351], [108.23414, 13.53896]], [[108.23309629024563, 13.519541745699945], [108.23428, 13.52118], [108.23305, 13.51963], [108.23309629024563, 13.519541745699945]], [[108.20432, 13.44957], [108.20207, 13.45175], [108.20072804809003, 13.452376698353898], [108.20432, 13.44957]], [[107.47534517387788, 13.85851029114436], [107.47558, 13.8586], [107.47548383460699, 13.858742467248904], [107.47534517387788, 13.85851029114436]], [[107.47522861106836, 13.862675341334567], [107.48089, 13.86139], [107.47527, 13.86273], [107.47522861106836, 13.862675341334567]], [[107.50313, 13.85235], [107.50325, 13.85121], [107.5033608237199, 13.851122017810148], [107.50313, 13.85235]], [[107.5040762317475, 13.85055406029205], [107.50456, 13.85017], [107.5046057785467, 13.850199671280276], [107.5040762317475, 13.85055406029205]], [[107.58285, 13.84354], [107.58703, 13.84301], [107.58462, 13.84375], [107.58285, 13.84354]], [[107.59084035983844, 13.844189857614948], [107.59052, 13.84421], [107.58703, 13.84301], [107.59084035983844, 13.844189857614948]], [[107.59135329352834, 13.844157607293129], [107.5969, 13.84311], [107.59386, 13.844], [107.59135329352834, 13.844157607293129]], [[107.62696, 13.78754], [107.62690993897955, 13.787499179633864], [107.63335701841125, 13.791556035504405], [107.62696, 13.78754]], [[107.64570021487663, 13.799305069828847], [107.64693018079284, 13.799566511859346], [107.64617, 13.7996], [107.64570021487663, 13.799305069828847]], [[107.64776645887018, 13.79952967141541], [107.65896, 13.79585], [107.64844, 13.7995], [107.64776645887018, 13.79952967141541]], [[107.65896, 13.79585], [107.65808823770492, 13.791931677400457], [107.65978, 13.79806], [107.65896, 13.79585]], [[107.6944, 13.81498], [107.70111, 13.8178], [107.7016218437755, 13.818180301227594], [107.6944, 13.81498]], [[107.69631, 13.83183], [107.69722490263459, 13.833105318823979], [107.69703, 13.83302], [107.69631, 13.83183]], [[107.73888819869586, 13.898101025580054], [107.74036745427583, 13.89811504695996], [107.73892395140471, 13.898324587699316], [107.73888819869586, 13.898101025580054]], [[107.74056775227123, 13.89811694551916], [107.74089, 13.89812], [107.74087137798486, 13.898411744903902], [107.74056775227123, 13.89811694551916]], [[107.74205980426424, 13.899565623907723], [107.74219143659336, 13.899146045858675], [107.74226, 13.89976], [107.74205980426424, 13.899565623907723]], [[107.74214226385483, 13.897730899460521], [107.74212, 13.89758], [107.74358, 13.8969], [107.74214226385483, 13.897730899460521]], [[107.7471, 13.89348], [107.74990164482112, 13.892498471372193], [107.74992, 13.89256], [107.7471, 13.89348]], [[107.75113889748438, 13.888983631883558], [107.75122, 13.88886], [107.752, 13.8896], [107.75113889748438, 13.888983631883558]], [[107.75438, 13.88874], [107.75474882243388, 13.888888330761453], [107.752, 13.8896], [107.75438, 13.88874]], [[107.7566401066448, 13.889277538966367], [107.75705, 13.88908], [107.7572789808856, 13.889474355969648], [107.7566401066448, 13.889277538966367]], [[107.79529793091396, 13.878037313450225], [107.79534, 13.878], [107.79549464130145, 13.878008932349543], [107.79529793091396, 13.878037313450225]], [[107.80004574117648, 13.878271811764707], [107.80060077609276, 13.878303871543265], [107.80045, 13.87834], [107.80004574117648, 13.878271811764707]], [[107.82397534842589, 13.863856766890706], [107.82434420389596, 13.8628960270617], [107.82438, 13.86344], [107.82397534842589, 13.863856766890706]], [[107.82383939739027, 13.855224771055756], [107.82382, 13.85503], [107.82382555584564, 13.85501442901154], [107.82383939739027, 13.855224771055756]], [[107.82442, 13.85227], [107.82403228305974, 13.851710427270389], [107.83283, 13.85388], [107.82442, 13.85227]], [[107.86548, 13.87954], [107.86541, 13.87891], [107.86590436772046, 13.878960704381585], [107.86548, 13.87954]], [[107.86606076957295, 13.878747203440094], [107.86586, 13.87837], [107.86667912557395, 13.877903098422848], [107.86606076957295, 13.878747203440094]], [[107.86894, 13.87846], [107.86679621964097, 13.877836354804648], [107.86904827456318, 13.878285226098795], [107.86894, 13.87846]], [[107.93803, 13.8675], [107.94203863540324, 13.870442298892039], [107.94196, 13.87047], [107.93803, 13.8675]], [[107.9747191605463, 13.843802777803447], [107.96296047432843, 13.834202848999697], [107.96295805785965, 13.834192281203169], [107.97208, 13.84111], [107.9747191605463, 13.843802777803447]], [[107.97834551138158, 13.846763372991633], [107.97983, 13.84768], [107.97976442881131, 13.847921793758324], [107.97834551138158, 13.846763372991633]], [[107.98125679109475, 13.849140175761637], [107.98277, 13.84997], [107.98425243607339, 13.851585855320003], [107.98125679109475, 13.849140175761637]], [[107.98440683325325, 13.851754148246043], [107.98477, 13.85215], [107.9863, 13.85628], [107.98440683325325, 13.851754148246043]], [[107.98837, 13.85979], [107.99006, 13.86172], [107.99009739977254, 13.861927776514083], [107.98837, 13.85979]], [[108.00002, 13.87285], [108.00033, 13.87397], [107.99983311083123, 13.874577308984048], [108.00002, 13.87285]], [[107.99971522583266, 13.875666852152728], [107.99977846919589, 13.875895836743723], [107.99969, 13.8759], [107.99971522583266, 13.875666852152728]], [[108.0029, 13.87728], [108.01238, 13.88066], [108.01238698058448, 13.880824043735512], [108.0029, 13.87728]], [[107.99892, 13.86637], [107.9986688533931, 13.856287825371284], [107.99892, 13.856115435540067], [107.99892, 13.86637]], [[108.10308, 13.85991], [108.10453176470588, 13.862176169296989], [108.10426, 13.86209], [108.10308, 13.85991]], [[108.10631, 13.86274], [108.10539809740814, 13.862450860153803], [108.11054, 13.86115], [108.10631, 13.86274]], [[107.59803, 13.62703], [107.59702, 13.62852], [107.59692908987854, 13.62850443319838], [107.59803, 13.62703]], [[107.60178, 13.62173], [107.60379859212752, 13.62233472591162], [107.60134529070008, 13.62174170934141], [107.60178, 13.62173]], [[107.60415, 13.62244], [107.60602, 13.62514], [107.60412594779038, 13.622432794485725], [107.60415, 13.62244]], [[107.63792802816901, 13.660350140845074], [107.63783, 13.66031], [107.63714, 13.65641], [107.63792802816901, 13.660350140845074]], [[107.65768, 13.66841], [107.65829087099522, 13.668735542536632], [107.6527, 13.66788], [107.65768, 13.66841]], [[107.66585, 13.6746], [107.6656907267579, 13.674690844738086], [107.66345, 13.6739], [107.66585, 13.6746]], [[107.66219, 13.67863], [107.66282, 13.68086], [107.66692, 13.69103], [107.66292, 13.68125], [107.66219, 13.67863]], [[107.72925375738946, 13.701357482620004], [107.72914, 13.70149], [107.72904094698502, 13.701408025091057], [107.72925375738946, 13.701357482620004]], [[107.74140753278851, 13.699729373729319], [107.74117, 13.69985], [107.73988, 13.69942], [107.74140753278851, 13.699729373729319]], [[107.75325592789987, 13.692371611473739], [107.75335410877764, 13.692457996769017], [107.75326, 13.69238], [107.75325592789987, 13.692371611473739]], [[107.75605, 13.69483], [107.75625, 13.6965], [107.7558627691402, 13.694665263307094], [107.75605, 13.69483]], [[107.80898, 13.74764], [107.80905204054055, 13.747875994874187], [107.80661, 13.7468], [107.80898, 13.74764]], [[107.80911543894959, 13.74808367931761], [107.8092167542456, 13.748415574252826], [107.80776207415089, 13.749813930515952], [107.80911543894959, 13.74808367931761]], [[107.8369008933115, 13.735092695967392], [107.83679, 13.73396], [107.83743810165556, 13.733288956692906], [107.8369008933115, 13.735092695967392]], [[107.83756293023258, 13.735683860465128], [107.83693, 13.73539], [107.83691800211602, 13.735267450185148], [107.83756293023258, 13.735683860465128]], [[107.84105, 13.73417], [107.83833, 13.73604], [107.83822282119206, 13.735990238410597], [107.84105, 13.73417]], [[107.88134, 13.70971], [107.8816408194537, 13.7098085443038], [107.88110822365434, 13.71002233275847], [107.88134, 13.70971]], [[107.88308, 13.71028], [107.88307921929459, 13.710336991495895], [107.88298701402805, 13.710249539078152], [107.88308, 13.71028]], [[107.88424, 13.71249], [107.88421809178466, 13.712524822531755], [107.88306, 13.71174], [107.88424, 13.71249]], [[107.91129, 13.71604], [107.91133307183712, 13.716097779293703], [107.90915, 13.71774], [107.91129, 13.71604]], [[107.93925536858976, 13.710843221153846], [107.9394, 13.71093], [107.93897095080156, 13.71125927031509], [107.93925536858976, 13.710843221153846]], [[107.94236, 13.68823], [107.94291, 13.68937], [107.94286396220075, 13.689424577068461], [107.94236, 13.68823]], [[107.94123, 13.68074], [107.94209, 13.68139], [107.94175544330733, 13.681675945891175], [107.94123, 13.68074]], [[107.94190943842582, 13.680292774707054], [107.9421, 13.68039], [107.94123, 13.68074], [107.94190943842582, 13.680292774707054]], [[107.93943, 13.68003], [107.93940771112601, 13.679951104461889], [107.94014, 13.67939], [107.93943, 13.68003]], [[107.9388, 13.6778], [107.93726819775739, 13.67919687665647], [107.93918156886967, 13.677535021618285], [107.9388, 13.6778]], [[107.93989, 13.6772], [107.9409, 13.67855], [107.93957438106828, 13.677349258214019], [107.93989, 13.6772]], [[108.00648159016986, 13.683717856884712], [108.0063, 13.68387], [108.00544577544379, 13.683932012671956], [108.00648159016986, 13.683717856884712]], [[108.00778, 13.68263], [108.00774445322592, 13.682425826430581], [108.00887, 13.68388], [108.00778, 13.68263]], [[108.00848032837128, 13.686321942206645], [108.00839, 13.68583], [108.00887, 13.68388], [108.00848032837128, 13.686321942206645]], [[108.00909, 13.68754], [108.00888851854452, 13.688545008688633], [108.00858854584293, 13.686911311206051], [108.00909, 13.68754]], [[108.00826, 13.70234], [108.00823847386413, 13.702352487537391], [108.00819, 13.69862], [108.00826, 13.70234]], [[108.00645393911235, 13.703387714879575], [108.00652, 13.70327], [108.00721040223466, 13.702948882681548], [108.00645393911235, 13.703387714879575]], [[108.00450490912323, 13.707073099835103], [108.00464, 13.70662], [108.00640758833133, 13.703470308026613], [108.00450490912323, 13.707073099835103]], [[108.00365, 13.71026], [108.00303, 13.71202], [108.00369115393666, 13.709802465057175], [108.00365, 13.71026]], [[108.00376, 13.71364], [108.00353514099429, 13.715207199130653], [108.00303, 13.71202], [108.00376, 13.71364]], [[108.0067, 13.72161], [108.00387, 13.71732], [108.00373513963814, 13.71646909533587], [108.0067, 13.72161]], [[108.00836, 13.79512], [108.00534963500867, 13.796731051600862], [108.00533109225056, 13.796722960919347], [108.00836, 13.79512]], [[107.79517137779486, 13.590418373894412], [107.79407603676032, 13.590199722166984], [107.79502, 13.59008], [107.79517137779486, 13.590418373894412]], [[107.79426, 13.59233], [107.79529236198738, 13.590688809148265], [107.79553, 13.59122], [107.79426, 13.59233]], [[107.79367, 13.59374], [107.79507, 13.5932], [107.79404573834994, 13.593819513094799], [107.79367, 13.59374]], [[107.80734, 13.59697], [107.79947384488449, 13.593515858085809], [107.79955, 13.59351], [107.80734, 13.59697]], [[107.81326828089323, 13.604450831688526], [107.81292, 13.60171], [107.81004, 13.59365], [107.81289, 13.60136], [107.81326828089323, 13.604450831688526]], [[107.80713, 13.59514], [107.80922167482501, 13.594069004986508], [107.80856, 13.59484], [107.80713, 13.59514]], [[107.80375, 13.5788], [107.80455522224018, 13.58041758614103], [107.80340941463216, 13.578508774830402], [107.80375, 13.5788]], [[107.80237, 13.57762], [107.80258010747185, 13.577799657113612], [107.80224493936944, 13.577692150363783], [107.80237, 13.57762]], [[107.79847992675475, 13.577668447127236], [107.80081, 13.57852], [107.79852, 13.57771], [107.79847992675475, 13.577668447127236]], [[107.91528, 13.55387], [107.91404, 13.55509], [107.91550629944345, 13.552941918012772], [107.91528, 13.55387]], [[107.91617, 13.55022], [107.91594701336575, 13.551134495747158], [107.91614881788354, 13.550143175308952], [107.91617, 13.55022]], [[107.91567674622526, 13.548431034817], [107.91587634042551, 13.549154936170142], [107.91566, 13.54856], [107.91567674622526, 13.548431034817]], [[107.9164, 13.54655], [107.91581663233156, 13.547353751009846], [107.91653, 13.54186], [107.9164, 13.54655]], [[107.91713, 13.53867], [107.91529, 13.54035], [107.91709791577006, 13.538609760221332], [107.91713, 13.53867]], [[107.91901, 13.53281], [107.91883, 13.5312], [107.91920189543332, 13.530240269849497], [107.91901, 13.53281]], [[107.92012781830937, 13.533689350403368], [107.91999, 13.5337], [107.91901, 13.53281], [107.92012781830937, 13.533689350403368]], [[107.92072, 13.53018], [107.91938280015111, 13.529773418964865], [107.91945, 13.5296], [107.92072, 13.53018]], [[107.92214, 13.52909], [107.92206201624339, 13.52914986077092], [107.92115, 13.5261], [107.92214, 13.52909]], [[107.94848, 13.48056], [107.94825147017814, 13.479954105533736], [107.94871163636358, 13.481150969696811], [107.94848, 13.48056]], [[107.94999890804597, 13.486436100164289], [107.95003864675206, 13.484602442726038], [107.95008, 13.48471], [107.94999890804597, 13.486436100164289]], [[107.94997, 13.48777], [107.94997112819532, 13.487717941844613], [107.95248, 13.48997], [107.94997, 13.48777]], [[107.95454, 13.49592], [107.95379, 13.49545], [107.95487275023281, 13.495853377537715], [107.95454, 13.49592]], [[108.01561, 13.50339], [108.0151, 13.50256], [108.01575556574925, 13.503331253822626], [108.01561, 13.50339]], [[108.01833737752162, 13.502289308357348], [108.01589208016983, 13.503276160502889], [108.01705, 13.50241], [108.01833737752162, 13.502289308357348]], [[108.01913261335187, 13.502246365785814], [108.01871047244094, 13.502254330708661], [108.01914983217453, 13.502213140733637], [108.01913261335187, 13.502246365785814]], [[108.02687, 13.50786], [108.0277820240866, 13.504459736285796], [108.02787, 13.50449], [108.02687, 13.50786]], [[108.04527, 13.5452], [108.04398, 13.5431], [108.04686595599415, 13.546221710145785], [108.04527, 13.5452]], [[108.0482, 13.54915], [108.047519973716, 13.546929154667456], [108.04753, 13.54694], [108.0482, 13.54915]], [[108.0463840671273, 13.557980389931], [108.04726, 13.55468], [108.04675, 13.55695], [108.0463840671273, 13.557980389931]], [[108.04434, 13.55981], [108.04603941779521, 13.558950849892414], [108.04599, 13.55909], [108.04434, 13.55981]], [[108.04369, 13.57602], [108.04422788847255, 13.57571071412828], [108.04356168640503, 13.576469720463914], [108.04369, 13.57602]], [[108.06243, 13.50947], [108.06731, 13.50826], [108.06240245562131, 13.50953596153846], [108.06243, 13.50947]], [[108.1926713733222, 13.454066202067697], [108.19282, 13.45389], [108.19300557161822, 13.45387084944056], [108.1926713733222, 13.454066202067697]], [[108.1961178676683, 13.45354966772609], [108.19881162343589, 13.453271678395424], [108.19813, 13.45359], [108.1961178676683, 13.45354966772609]], [[107.94754, 13.46526], [107.94916, 13.46359], [107.94922160714286, 13.463578392857144], [107.94754, 13.46526]], [[107.94938439357907, 13.46354772294887], [107.95054, 13.46333], [107.9504242034177, 13.463708820247813], [107.94938439357907, 13.46354772294887]], [[108.02489, 13.50169], [108.02816, 13.50116], [108.02831367375371, 13.501229674117148], [108.02489, 13.50169]], [[108.03624, 13.50663], [108.035439959503, 13.507343761619875], [108.03534, 13.50697], [108.03624, 13.50663]], [[108.03549511296261, 13.507549987599303], [108.03704892146793, 13.507606396488935], [108.03557, 13.50783], [108.03549511296261, 13.507549987599303]], [[108.03896812008578, 13.507316225875625], [108.03944481012658, 13.507094665715817], [108.03934, 13.50726], [108.03896812008578, 13.507316225875625]], [[108.04294, 13.504635859030836], [108.04294, 13.50294], [108.04303, 13.50462], [108.04294, 13.504635859030836]], [[108.06167, 13.51129], [108.06228637795274, 13.509813937007902], [108.06215, 13.51128], [108.0604, 13.51135], [108.05703, 13.50966], [108.06167, 13.51129]], [[107.79911, 13.51809], [107.79984730398286, 13.515741550276838], [107.79987, 13.51578], [107.79911, 13.51809]], [[107.7990859626788, 13.514230510927701], [107.79904, 13.51416], [107.80049, 13.5119], [107.7990859626788, 13.514230510927701]], [[107.80364739827374, 13.501772268803947], [107.80252, 13.49921], [107.80373, 13.50167], [107.80364739827374, 13.501772268803947]], [[107.80226703004978, 13.496145171756899], [107.8023, 13.49614], [107.80252, 13.49921], [107.80226703004978, 13.496145171756899]], [[107.8015, 13.45499], [107.80358857775954, 13.456724094378334], [107.80342, 13.45669], [107.8015, 13.45499]], [[107.80454865921787, 13.456918268156423], [107.80737194280617, 13.457302658879714], [107.80698, 13.45741], [107.80454865921787, 13.456918268156423]], [[107.8109984871549, 13.45416151206245], [107.81052, 13.45308], [107.8110197203058, 13.452970686183107], [107.8109984871549, 13.45416151206245]], [[107.81103344825377, 13.452200777101353], [107.81053, 13.44926], [107.81108, 13.44959], [107.81103344825377, 13.452200777101353]], [[107.81036, 13.43768], [107.81312885479466, 13.433104938851839], [107.81316, 13.43315], [107.81036, 13.43768]], [[107.80139667747328, 13.42863149485841], [107.80138, 13.42865], [107.80059, 13.42699], [107.80139667747328, 13.42863149485841]], [[107.80014608863198, 13.42595978805395], [107.80008, 13.42592], [107.80078, 13.42567], [107.80014608863198, 13.42595978805395]], [[107.8002747562459, 13.423074434047596], [107.80027, 13.42305], [107.8014, 13.42265], [107.8002747562459, 13.423074434047596]], [[107.80143159062607, 13.420401800445296], [107.80145443771903, 13.418775848996509], [107.8018, 13.42001], [107.80143159062607, 13.420401800445296]], [[107.80097970873787, 13.417080388349547], [107.80095222470476, 13.417006019789337], [107.80096, 13.41701], [107.80097970873787, 13.417080388349547]], [[107.79844, 13.41572], [107.7989675996457, 13.41494679362267], [107.79904, 13.41503], [107.79844, 13.41572]], [[107.79886023205222, 13.414823401015232], [107.7983, 13.41466], [107.79859012362219, 13.414512977894157], [107.79886023205222, 13.414823401015232]], [[107.79588562867816, 13.407916892175429], [107.7958, 13.40781], [107.79708, 13.40684], [107.79588562867816, 13.407916892175429]], [[107.79523229936099, 13.403681987436363], [107.79522, 13.40361], [107.79535554630591, 13.403498782518222], [107.79523229936099, 13.403681987436363]], [[108.05022, 13.70287], [108.05205271165858, 13.702216672232824], [108.05153, 13.70278], [108.05022, 13.70287]], [[108.0524247462799, 13.70181572951592], [108.05255, 13.70102], [108.05283226509685, 13.701376545385491], [108.0524247462799, 13.70181572951592]], [[108.05302174375846, 13.701172343719758], [108.05328, 13.70025], [108.05449, 13.69959], [108.05302174375846, 13.701172343719758]], [[108.0542, 13.69884], [108.05441126021724, 13.698741360119154], [108.05449, 13.69959], [108.0542, 13.69884]], [[108.05692, 13.69757], [108.05721, 13.69622], [108.05819970415273, 13.69537990228897], [108.05692, 13.69757]], [[108.0589339546642, 13.694123299064627], [108.05894, 13.69315], [108.0599, 13.69247], [108.0589339546642, 13.694123299064627]], [[108.05923, 13.65975], [108.0604, 13.65904], [108.05924778390033, 13.660060534259703], [108.05923, 13.65975]], [[108.06007, 13.65769], [108.06065, 13.65785], [108.06008526819126, 13.657744711018712], [108.06007, 13.65769]], [[108.07313, 13.63979], [108.07497, 13.63685], [108.07498819367461, 13.636838751222685], [108.07313, 13.63979]], [[108.08623, 13.63133], [108.08756559686888, 13.63136843444227], [108.08756, 13.63143], [108.08623, 13.63133]], [[108.0913994959891, 13.627732037233237], [108.09141, 13.6277], [108.09224, 13.62836], [108.0913994959891, 13.627732037233237]], [[107.81428435606063, 13.606012378787907], [107.81504811342121, 13.60702288852652], [107.81494, 13.60702], [107.81428435606063, 13.606012378787907]], [[107.82204, 13.61279], [107.8244602396365, 13.614951953193076], [107.82406, 13.61488], [107.82204, 13.61279]], [[107.842436572986, 13.609583952560584], [107.84251, 13.60952], [107.85206, 13.61734], [107.842436572986, 13.609583952560584]], [[107.85580945150501, 13.624597847109408], [107.85790042383765, 13.625543763164654], [107.85622, 13.62514], [107.85580945150501, 13.624597847109408]], [[107.86024141510985, 13.626106243905111], [107.86071886466209, 13.626108926205967], [107.86059, 13.62619], [107.86024141510985, 13.626106243905111]], [[107.86095034434435, 13.62596329329329], [107.86113, 13.62531], [107.86361, 13.62429], [107.86095034434435, 13.62596329329329]], [[107.86601568771795, 13.625616666020921], [107.86641684937032, 13.625694249170675], [107.86633, 13.62579], [107.86601568771795, 13.625616666020921]], [[107.92477119926379, 13.683249451153007], [107.92537659473822, 13.68325749627559], [107.92492, 13.68335], [107.92477119926379, 13.683249451153007]], [[107.92882658160644, 13.682558546840212], [107.93043, 13.6819], [107.93494, 13.68132], [107.92882658160644, 13.682558546840212]], [[108.00896, 13.68023], [108.00846, 13.6819], [108.00797705396825, 13.682005644444445], [108.00896, 13.68023]], [[108.01143, 13.67891], [108.010187652733, 13.679564405144758], [108.01142246445498, 13.67889492890995], [108.01143, 13.67891]], [[108.01104272727268, 13.678135454545359], [108.01081, 13.67771], [108.01082517730497, 13.677700354609934], [108.01104272727268, 13.678135454545359]], [[108.01316, 13.64384], [108.01251, 13.64355], [108.01254256883993, 13.643463752886841], [108.01316, 13.64384]], [[108.01358, 13.63968], [108.01346566913026, 13.640086629602761], [108.01333215638684, 13.639438700112592], [108.01358, 13.63968]], [[108.01055, 13.63673], [108.010727033061, 13.636902358920784], [108.01051909464242, 13.636726178369761], [108.01055, 13.63673]], [[107.92504, 13.53813], [107.92097, 13.53612], [107.92086984018442, 13.535824934597347], [107.92504, 13.53813]], [[107.92077954517416, 13.535558930377935], [107.9206, 13.53503], [107.92181460477764, 13.533884146436186], [107.92077954517416, 13.535558930377935]], [[107.92212, 13.53339], [107.9220256264853, 13.533542701589774], [107.92162775207876, 13.533573446430278], [107.92212, 13.53339]], [[107.72018, 13.81848], [107.70945, 13.81287], [107.72117199985324, 13.818634443090923], [107.72018, 13.81848]], [[107.72352, 13.819], [107.7224107826871, 13.81882730748422], [107.72427666776743, 13.818798453591226], [107.72352, 13.819]], [[107.73833, 13.81732], [107.7322524008487, 13.816682350252979], [107.73226, 13.81668], [107.73833, 13.81732]], [[107.74073456808199, 13.814314289897514], [107.74074, 13.81444], [107.73833, 13.81732], [107.74073456808199, 13.814314289897514]], [[107.76978, 13.72245], [107.76778, 13.72546], [107.76976841656725, 13.722383395261637], [107.76978, 13.72245]], [[107.76962, 13.72153], [107.769712, 13.722058999999986], [107.76956856826568, 13.721523889298892], [107.76962, 13.72153]], [[107.76608900719856, 13.719180311937619], [107.7676, 13.72129], [107.766, 13.71928], [107.76608900719856, 13.719180311937619]], [[107.5610752579241, 13.758133927017646], [107.55435047994992, 13.756236088802192], [107.55465, 13.75614], [107.5610752579241, 13.758133927017646]], [[107.57372729187708, 13.762349222334436], [107.57243120921306, 13.761657978246962], [107.57334, 13.76194], [107.57372729187708, 13.762349222334436]], [[107.65877, 13.78863], [107.664469386303, 13.791068447110959], [107.66402, 13.79106], [107.65877, 13.78863]], [[107.67460052384574, 13.788903084856118], [107.67306, 13.78464], [107.67488, 13.78885], [107.67460052384574, 13.788903084856118]], [[107.63834, 13.79217], [107.63827467073429, 13.792374763370118], [107.63591419696486, 13.790775526398962], [107.63834, 13.79217]], [[107.63494718840983, 13.790120371551376], [107.63474, 13.78998], [107.63379, 13.78728], [107.63494718840983, 13.790120371551376]], [[107.62611, 13.77421], [107.62758, 13.78179], [107.62609724567625, 13.774187152326528], [107.62611, 13.77421]], [[107.62472, 13.77172], [107.62592532329487, 13.773879176262028], [107.62449957906915, 13.771534428228186], [107.62472, 13.77172]], [[107.61045913253817, 13.758057437651182], [107.61041, 13.75803], [107.60981, 13.75614], [107.61045913253817, 13.758057437651182]], [[107.60686, 13.75365], [107.60649, 13.75256], [107.60669872960439, 13.752123904219385], [107.60686, 13.75365]], [[107.60654246473153, 13.750645175515112], [107.60628, 13.75026], [107.60637468582887, 13.749057489973262], [107.60654246473153, 13.750645175515112]], [[107.60702, 13.74705], [107.60643464864864, 13.748295962162167], [107.60658, 13.74645], [107.60702, 13.74705]], [[107.6078154192961, 13.74476710599821], [107.60783, 13.74485], [107.60658, 13.74645], [107.6078154192961, 13.74476710599821]], [[107.60792, 13.74059], [107.60729, 13.74178], [107.60788157349985, 13.740482354903568], [107.60792, 13.74059]], [[107.98315, 13.83045], [107.98063, 13.83223], [107.98344291115455, 13.830032680344315], [107.98315, 13.83045]], [[107.98501, 13.8278], [107.98450092689419, 13.828525292328187], [107.98489452203276, 13.827756494347224], [107.98501, 13.8278]], [[107.92927414397427, 13.729084973656486], [107.92441, 13.72444], [107.92418751617566, 13.723816371098478], [107.92927414397427, 13.729084973656486]], [[107.80685, 13.75098], [107.80694416055731, 13.750859617515344], [107.8088, 13.7521], [107.80685, 13.75098]], [[107.81177, 13.75897], [107.81134502202111, 13.753949329923776], [107.81138, 13.75395], [107.81177, 13.75897]], [[107.81261, 13.76032], [107.81347, 13.75915], [107.8126286209587, 13.760364262934601], [107.81261, 13.76032]], [[107.81283116654788, 13.76251195770967], [107.81311551731633, 13.761969370018841], [107.81317, 13.76213], [107.81283116654788, 13.76251195770967]], [[107.81224, 13.76364], [107.81230775510204, 13.763510712203248], [107.81299163365064, 13.763915456650377], [107.81224, 13.76364]], [[107.81576, 13.76493], [107.81517447604207, 13.764715418776783], [107.81626224039431, 13.764541600761735], [107.81576, 13.76493]], [[107.81651, 13.76435], [107.81643855940762, 13.764405247391442], [107.81611, 13.7628], [107.81651, 13.76435]], [[107.82385, 13.76321], [107.82117, 13.76146], [107.82392939192545, 13.763219472900197], [107.82385, 13.76321]], [[107.82561, 13.76342], [107.82460218035426, 13.76329974879227], [107.82550101045975, 13.763315335441499], [107.82561, 13.76342]], [[107.83032715293929, 13.76886516079878], [107.83044, 13.768], [107.83045, 13.76885], [107.83032715293929, 13.76886516079878]], [[107.82585, 13.78943], [107.82501, 13.78488], [107.82585, 13.78808], [107.82585, 13.78943]], [[107.82624, 13.79891], [107.82555, 13.7965], [107.82665712161648, 13.799291871902403], [107.82624, 13.79891]], [[107.89996319908109, 13.775213015624747], [107.8993, 13.77603], [107.89989, 13.77514], [107.89996319908109, 13.775213015624747]], [[107.94176672260612, 13.822662240868707], [107.94089793338895, 13.822724818723485], [107.9414, 13.82254], [107.94176672260612, 13.822662240868707]], [[107.94422890945059, 13.822484892476549], [107.94381352912185, 13.822514811827958], [107.94388, 13.82247], [107.94422890945059, 13.822484892476549]], [[107.94759, 13.82284], [107.94755386633355, 13.822626811367895], [107.9480370823484, 13.8226474364417], [107.94759, 13.82284]], [[107.95254900832526, 13.822236737657306], [107.95026, 13.82169], [107.95221, 13.822], [107.95254900832526, 13.822236737657306]], [[107.95656, 13.82927], [107.9535, 13.82462], [107.95702431705298, 13.829554043874174], [107.95656, 13.82927]], [[107.96269, 13.83302], [107.95929209597655, 13.830941347457106], [107.96092, 13.83155], [107.96269, 13.83302]], [[107.96932, 13.83229], [107.96757, 13.835], [107.96815, 13.83397], [107.96932, 13.83229]], [[107.99809, 13.83305], [107.99899, 13.82979], [107.99811245088448, 13.833951281289737], [107.99809, 13.83305]], [[107.82394, 13.85151], [107.82416, 13.8445], [107.82399182833433, 13.851622564663627], [107.82394, 13.85151]], [[107.7128, 13.92177], [107.71588, 13.92164], [107.71009, 13.92233], [107.7128, 13.92177]], [[107.73533, 13.89943], [107.73536415841583, 13.899460693069303], [107.73533, 13.899493333333325], [107.73533, 13.89943]], [[107.73678, 13.89867], [107.7361, 13.90003], [107.73605699213057, 13.899982830078695], [107.73678, 13.89867]], [[107.73797, 13.89851], [107.73806866483284, 13.898513986457893], [107.73819, 13.89941], [107.73797, 13.89851]], [[107.55088, 14.01343], [107.55452, 14.01337], [107.5484, 14.01392], [107.55088, 14.01343]], [[107.55811, 14.0091], [107.5582850719074, 14.009155075345213], [107.55452, 14.01337], [107.55811, 14.0091]], [[107.57948, 13.9997], [107.58014, 14.0011], [107.58003126172973, 14.00109716334947], [107.57948, 13.9997]], [[107.60593273071264, 13.977630479293675], [107.606, 13.97767], [107.605, 13.97817], [107.60593273071264, 13.977630479293675]], [[107.60498, 13.97618], [107.60578, 13.97642], [107.60546898965008, 13.976838255298174], [107.60498, 13.97618]], [[107.62124215693144, 13.93103419651461], [107.62131, 13.93116], [107.62161, 13.93337], [107.62124215693144, 13.93103419651461]], [[107.69812, 13.9127], [107.69771, 13.91159], [107.69647, 13.91147], [107.69718, 13.90898], [107.69812, 13.9127]], [[107.48791879867133, 13.894481096143199], [107.48481, 13.89563], [107.48777, 13.89442], [107.48791879867133, 13.894481096143199]], [[107.48930456363058, 13.895090841002851], [107.4888971830986, 13.894882816901417], [107.48928, 13.89504], [107.48930456363058, 13.895090841002851]], [[107.55361997531517, 13.892463603984833], [107.55361, 13.89392], [107.55361, 13.89246], [107.55361997531517, 13.892463603984833]], [[107.59625547620504, 13.915224022171863], [107.59543, 13.91633], [107.59567, 13.9153], [107.59625547620504, 13.915224022171863]], [[107.59885, 13.92016], [107.59656714909976, 13.915183576071025], [107.59698, 13.91513], [107.59885, 13.92016]], [[107.6189721374502, 13.926824829681273], [107.61858105856169, 13.926476674085409], [107.61877, 13.92645], [107.6189721374502, 13.926824829681273]], [[107.9047, 13.94994], [107.90701, 13.9512], [107.90466898251013, 13.950034268841778], [107.9047, 13.94994]], [[107.92734, 13.94446], [107.92337, 13.94758], [107.92292885058727, 13.947583813971868], [107.92734, 13.94446]], [[107.93173785249458, 13.944088752711497], [107.93081, 13.94463], [107.92734, 13.94446], [107.93173785249458, 13.944088752711497]], [[107.93370905291358, 13.94209934762225], [107.93297, 13.94337], [107.93216397640529, 13.943840180430248], [107.93370905291358, 13.94209934762225]], [[107.93638, 13.93909], [107.93680873581091, 13.939072428860209], [107.93585674954603, 13.939679544629138], [107.93638, 13.93909]], [[107.95230356936736, 13.958561758046594], [107.95206, 13.95793], [107.95216048917943, 13.957860430568081], [107.95230356936736, 13.958561758046594]], [[107.95699, 13.96311], [107.95334, 13.96125], [107.9532557626628, 13.96103150940666], [107.95699, 13.96311]], [[107.96287, 13.96285], [107.96559, 13.96512], [107.96267571536286, 13.962858590817287], [107.96287, 13.96285]], [[107.98881, 13.99186], [107.98883508922299, 13.992595950540935], [107.98729, 13.9869], [107.98881, 13.99186]], [[107.9966554787234, 13.989564521276606], [108.00432, 13.99617], [108.009, 14.0026], [108.0278, 14.00158], [108.03090600811908, 14.006244113667112], [108.02533, 14.01006], [108.01487, 14.00706], [108.01159, 14.01285], [108.00898, 14.01424], [108.00557, 14.02415], [107.99716, 14.02771], [107.99739, 14.03438], [107.99121, 14.04091], [107.99143, 14.04626], [107.98949, 14.04979], [107.99166, 14.05388], [107.99641, 14.05491], [107.99831, 14.05747], [108.00314, 14.05672], [108.00325, 14.05816], [107.99959, 14.06228], [107.99121, 14.06169], [107.98988, 14.06351], [107.98699, 14.06371], [107.98539, 14.06184], [107.98551, 14.0546], [107.98389, 14.05233], [107.98535, 14.0502], [107.9834, 14.04583], [107.98395, 14.04], [107.97709, 14.04193], [107.96294, 14.03915], [107.96484, 14.02915], [107.96101, 14.02327], [107.9636, 14.02209], [107.96385, 14.01983], [107.95958, 14.01831], [107.96104, 14.00971], [107.96414, 14.0106], [107.96472, 14.00931], [107.96964, 14.01155], [107.97283, 14.01004], [107.97629, 14.01159], [107.98204, 14.01118], [107.98139, 14.00604], [107.98306, 14.00351], [107.9862, 14.00313], [107.98553, 13.99798], [107.98889548732394, 13.994367628169028], [107.99208, 13.99621], [107.9966554787234, 13.989564521276606]], [[107.99675142822136, 13.987513209311825], [107.99721, 13.98762], [107.99684823031329, 13.988888605701364], [107.99675142822136, 13.987513209311825]], [[108.00672266949152, 13.973044766949153], [108.00645, 13.97277], [108.0054, 13.96771], [108.00672266949152, 13.973044766949153]], [[108.0074667917623, 13.973794613237393], [108.00946256553698, 13.973916492551876], [108.00775, 13.97408], [108.0074667917623, 13.973794613237393]], [[108.01056311212814, 13.971692814645339], [108.01034, 13.97298], [108.00958069116572, 13.973790416159654], [108.01056311212814, 13.971692814645339]], [[108.01021987710901, 13.971115642574535], [108.0106, 13.97148], [108.01059440165906, 13.971512298120736], [108.01021987710901, 13.971115642574535]], [[108.00843, 13.96922], [108.00966, 13.96679], [108.00848658522985, 13.96927992890252], [108.00843, 13.96922]], [[108.03853, 13.99059], [108.03747, 13.99046], [108.03748291755286, 13.990343126902706], [108.03853, 13.99059]], [[108.04567539524656, 13.987083287613862], [108.04218, 13.98742], [108.04172852677787, 13.987159589113258], [108.04567539524656, 13.987083287613862]], [[108.04688, 13.98706], [108.04710003442342, 13.987146746987959], [108.04677660765581, 13.987061998797515], [108.04688, 13.98706]], [[108.05487, 13.99021], [108.05560763453556, 13.991016074853299], [108.05267381177171, 13.989344168595858], [108.05487, 13.99021]], [[108.05575599900318, 13.991178205096254], [108.05584, 13.99127], [108.05522742855989, 13.992083046024598], [108.05575599900318, 13.991178205096254]], [[108.05123322987711, 13.990920057386653], [108.05133, 13.99089], [108.05332131168284, 13.991528043019823], [108.05123322987711, 13.990920057386653]], [[108.04720280903854, 13.996695752629236], [108.04702, 13.99627], [108.04737, 13.99212], [108.04720280903854, 13.996695752629236]], [[108.04834477366255, 13.998110382128159], [108.04778, 13.99804], [108.04759043280183, 13.997598507972668], [108.04834477366255, 13.998110382128159]], [[108.05501, 13.99719], [108.05107, 13.99845], [108.05100694121522, 13.998442141610408], [108.05501, 13.99719]], [[108.06258, 13.99615], [108.06273632463582, 13.996494715863614], [108.05882, 13.99486], [108.06258, 13.99615]], [[108.06336, 13.99787], [108.06320443801951, 13.998016411275755], [108.0632356792144, 13.99759585672919], [108.06336, 13.99787]], [[108.06180646077135, 13.999939674366537], [108.06176, 13.9999], [108.0618098195468, 13.999849827123086], [108.06180646077135, 13.999939674366537]], [[108.05927, 14.00731], [108.06298, 14.00543], [108.06265, 14.00066], [108.06340019728151, 14.006592481133977], [108.06276, 14.00555], [108.05927, 14.00731]], [[108.05983, 14.00756], [108.05948469204603, 14.00806857856265], [108.05927, 14.00731], [108.05983, 14.00756]], [[108.06503067371737, 14.00623986858686], [108.06473, 14.00669], [108.06363672511893, 14.006609826508722], [108.06503067371737, 14.00623986858686]], [[108.06872672306051, 14.0058554092364], [108.06875, 14.0059], [108.06778, 14.00618], [108.06872672306051, 14.0058554092364]], [[108.06881, 13.99988], [108.06890069974745, 13.999949657406034], [108.06837, 14.00214], [108.06881, 13.99988]], [[108.07006, 14.00084], [108.07006440336134, 14.00086642016806], [108.06984005372739, 14.000671081262633], [108.07006, 14.00084]], [[108.07041832965416, 14.002989977924944], [108.07029, 14.00302], [108.0700990909091, 14.001074545454626], [108.07041832965416, 14.002989977924944]], [[108.07471, 14.0018], [108.07423, 14.00031], [108.0747401927372, 14.001791521217635], [108.07471, 14.0018]], [[108.07819, 14.00284], [108.0781895228424, 14.00284091932366], [108.07617, 14.00139], [108.07819, 14.00284]], [[108.11715106311779, 13.99941849997239], [108.11667, 13.99944], [108.10513, 13.995], [108.11715106311779, 13.99941849997239]], [[108.15108, 14.02289], [108.15257, 14.02305], [108.15326, 14.02016], [108.15254, 14.02326], [108.15108, 14.02289]], [[107.80957511022942, 13.94222178161118], [107.80894112846715, 13.942205278832118], [107.81025, 13.94165], [107.80957511022942, 13.94222178161118]], [[107.8667, 13.95385], [107.86673804103543, 13.95391561663317], [107.86279, 13.95345], [107.8667, 13.95385]], [[107.89627, 13.97281], [107.89737, 13.97649], [107.89612840329347, 13.972719562942688], [107.89627, 13.97281]], [[107.89714, 13.97098], [107.89916, 13.96783], [107.89627, 13.97281], [107.89714, 13.97098]], [[107.94358, 13.9266], [107.94355425342465, 13.926580383561646], [107.94408564035675, 13.926187896331234], [107.94358, 13.9266]], [[107.95098, 13.92442], [107.94756320628888, 13.923619334443714], [107.94763, 13.92357], [107.95098, 13.92442]], [[107.98175, 13.93009], [107.97371066075814, 13.926991200146773], [107.9739, 13.92697], [107.98175, 13.93009]], [[107.99205, 13.93293], [107.99185730008452, 13.932958666103131], [108.00605, 13.92479], [107.99205, 13.93293]], [[108.01246, 13.88254], [108.01051753372745, 13.886914771866001], [108.01037, 13.88667], [108.01246, 13.88254]], [[108.1008, 13.96972], [108.10077987696513, 13.969760537707922], [108.09964, 13.96524], [108.1008, 13.96972]], [[108.10394, 13.95424], [108.10171, 13.95824], [108.10391781974066, 13.954159476015025], [108.10394, 13.95424]], [[108.01497, 13.8816], [108.01335529108498, 13.88042301338122], [108.01345, 13.8804], [108.01497, 13.8816]], [[108.01821820771951, 13.882290648734783], [108.01817556381187, 13.882225233808509], [108.0182, 13.88223], [108.01821820771951, 13.882290648734783]], [[108.01948816002458, 13.887082276815901], [108.01940323779027, 13.88623790717195], [108.01959, 13.88686], [108.01948816002458, 13.887082276815901]], [[108.03695395582982, 13.912322994478727], [108.03101, 13.91158], [108.03662, 13.912], [108.03695395582982, 13.912322994478727]], [[108.04508808709379, 13.918574206025516], [108.04119, 13.91642], [108.04463, 13.91806], [108.04508808709379, 13.918574206025516]], [[108.04501, 13.93181], [108.04726, 13.92863], [108.04502451450367, 13.931844746842083], [108.04501, 13.93181]], [[108.04640909226747, 13.937226242062009], [108.04662811177674, 13.935946346804695], [108.04707, 13.93705], [108.04640909226747, 13.937226242062009]], [[108.04631443462075, 13.939248008375989], [108.0463, 13.93917], [108.04707, 13.93705], [108.04631443462075, 13.939248008375989]], [[108.04677, 13.94171], [108.04634336484793, 13.9394043547101], [108.04747954076907, 13.942400492694745], [108.04677, 13.94171]], [[108.04826, 13.94316], [108.04810912177764, 13.943013172199716], [108.05052, 13.94387], [108.04826, 13.94316]], [[108.05241, 13.9452], [108.05085067974453, 13.943359808394167], [108.05087, 13.94333], [108.05241, 13.9452]], [[108.07466, 13.95128], [108.07288, 13.94936], [108.0763352715655, 13.952117635782754], [108.07466, 13.95128]], [[108.07813033292231, 13.953553786991376], [108.07812231915469, 13.953543869953927], [108.07813, 13.95355], [108.07813033292231, 13.953553786991376]], [[108.07781, 13.95541], [108.07815561933535, 13.953841419939558], [108.07837, 13.95628], [108.07781, 13.95541]], [[108.07745, 13.96454], [108.07745126365947, 13.96452966772554], [108.07848, 13.96502], [108.07745, 13.96454]], [[108.08946, 13.96368], [108.08618991187143, 13.961365329186105], [108.08642, 13.9614], [108.08946, 13.96368]], [[108.09337331948721, 13.968787194012746], [108.0935882846975, 13.968362637722421], [108.09366, 13.96845], [108.09337331948721, 13.968787194012746]], [[108.09893, 13.98109], [108.10046, 13.9764], [108.09785, 13.98448], [108.09893, 13.98109]], [[108.04139117330463, 13.960721456763553], [108.0411, 13.95945], [108.04152, 13.96058], [108.04139117330463, 13.960721456763553]], [[108.04584201349601, 13.937201824688158], [108.04618144246153, 13.937493670153845], [108.04603, 13.93776], [108.04584201349601, 13.937201824688158]], [[107.99409501408451, 13.934389609289319], [107.99467, 13.9348], [107.9944368411215, 13.935096747663552], [107.99409501408451, 13.934389609289319]], [[108.00196, 13.96268], [108.0035, 13.96532], [108.00338068701178, 13.965410781621465], [108.00196, 13.96268]], [[108.02991, 14.01048], [108.03119994439295, 14.006581501390183], [108.03146, 14.00688], [108.02991, 14.01048]], [[107.73875, 14.12283], [107.73874527958877, 14.122836252034007], [107.73642, 14.12099], [107.73875, 14.12283]], [[107.73613, 14.11742], [107.73495, 14.11831], [107.73622849255358, 14.116494169996367], [107.73613, 14.11742]], [[107.73628, 14.11601], [107.73626666377064, 14.116135360556036], [107.7361572, 14.115764399999989], [107.73628, 14.11601]], [[107.73574, 14.11493], [107.7358112295082, 14.115072459016398], [107.73448, 14.11459], [107.73574, 14.11493]], [[107.74611, 14.104], [107.74297, 14.10569], [107.74609113156562, 14.103905161290319], [107.74611, 14.104]], [[107.74603545894736, 14.101526075789472], [107.74593872413793, 14.101704663129972], [107.74592, 14.1016], [107.74603545894736, 14.101526075789472]], [[107.74885, 14.09999], [107.74788594876016, 14.10034127373112], [107.74891471792813, 14.09968258984139], [107.74885, 14.09999]], [[107.75173464565954, 14.076902841331458], [107.74921, 14.07624], [107.74725038674956, 14.074812141098922], [107.75173464565954, 14.076902841331458]], [[107.7518, 14.07692], [107.75175867021277, 14.07690914893617], [107.75232349012228, 14.076853706491065], [107.7518, 14.07692]], [[107.76167, 14.07857], [107.75660228081136, 14.076433702497045], [107.75664, 14.07643], [107.76167, 14.07857]], [[107.77469, 14.08441], [107.7729, 14.08164], [107.77485009832814, 14.084294836832871], [107.77469, 14.08441]], [[107.77822029197081, 14.081870563086543], [107.77548363727452, 14.083839114700018], [107.77713, 14.08223], [107.77822029197081, 14.081870563086543]], [[107.78047821093521, 14.08024637936089], [107.77975490810726, 14.08076667114301], [107.78019, 14.0803], [107.78047821093521, 14.08024637936089]], [[107.78195415939015, 14.080045215523217], [107.7813499382716, 14.080084197530866], [107.78191, 14.07998], [107.78195415939015, 14.080045215523217]], [[107.86394344587293, 14.078903272554884], [107.86403, 14.07891], [107.87054, 14.08169], [107.86394344587293, 14.078903272554884]], [[107.88085, 14.09533], [107.87801, 14.09116], [107.87905, 14.09226], [107.88085, 14.09533]], [[107.88565960995132, 14.105390560284324], [107.88562183238538, 14.10532994191658], [107.88774, 14.10545], [107.88565960995132, 14.105390560284324]], [[107.90519, 14.10159], [107.90378, 14.10014], [107.90522118541034, 14.101504322188449], [107.90519, 14.10159]], [[107.92092, 14.09442], [107.91853, 14.09331], [107.92126698038156, 14.094267459568105], [107.92092, 14.09442]], [[107.92622, 14.09209], [107.92246769282595, 14.09373959919161], [107.92812, 14.09088], [107.92622, 14.09209]], [[107.9393760490046, 14.085172802450229], [107.93868017513135, 14.086332834625958], [107.9377, 14.08446], [107.9393760490046, 14.085172802450229]], [[107.93952, 14.08518], [107.93946064316157, 14.085177032158079], [107.94166, 14.08273], [107.93952, 14.08518]], [[107.94373786762559, 14.082043820458527], [107.94373, 14.08209], [107.94166, 14.08273], [107.94373786762559, 14.082043820458527]], [[107.95811, 14.07521], [107.95695, 14.07442], [107.95822655487488, 14.075115436610943], [107.95811, 14.07521]], [[107.95864, 14.07478], [107.95829, 14.075063962264151], [107.95829, 14.073], [107.95864, 14.07478]], [[107.95945, 14.07267], [107.9594319069901, 14.072675147149367], [107.9585, 14.07088], [107.95945, 14.07267]], [[107.96229470310847, 14.051672350110673], [107.9642, 14.05571], [107.96222, 14.05166], [107.96229470310847, 14.051672350110673]], [[107.97329, 14.0532], [107.97212, 14.05249], [107.97442112394752, 14.053169151165068], [107.97329, 14.0532]], [[107.97659, 14.05311], [107.97621525188916, 14.053120220403024], [107.97669048183042, 14.053034274562583], [107.97659, 14.05311]], [[107.97863436849926, 14.051569316493314], [107.9779826219512, 14.052060487804896], [107.97857, 14.05156], [107.97863436849926, 14.051569316493314]], [[107.6735, 14.13905], [107.66861, 14.14056], [107.67454209828087, 14.138479202449176], [107.6735, 14.13905]], [[107.67549, 14.13796], [107.67537265300926, 14.138024275487385], [107.67587461207663, 14.1375355575465], [107.67549, 14.13796]], [[107.67928, 14.13422], [107.68164734856008, 14.133953902681231], [107.6789966333235, 14.13449589177617], [107.67928, 14.13422]], [[107.74720439325361, 14.074790697508218], [107.74543, 14.07487], [107.74716, 14.07477], [107.74720439325361, 14.074790697508218]], [[107.74186694685706, 14.072158981304282], [107.73955238982, 14.07193063935444], [107.74175, 14.07207], [107.74186694685706, 14.072158981304282]], [[107.73552674528302, 14.071533490566038], [107.73539, 14.07152], [107.73402, 14.06852], [107.73552674528302, 14.071533490566038]], [[107.71134, 14.04276], [107.70615, 14.043], [107.70615343329419, 14.042989405835065], [107.71134, 14.04276]], [[107.70185793187981, 14.033367709729907], [107.7005, 14.03366], [107.69907681335502, 14.03298197240027], [107.70185793187981, 14.033367709729907]], [[107.6986457513965, 14.032776607976635], [107.69838, 14.03265], [107.69892, 14.03028], [107.6986457513965, 14.032776607976635]], [[107.79250963250884, 13.946014431095408], [107.79255, 13.94598], [107.79297, 13.94766], [107.79250963250884, 13.946014431095408]], [[107.80413885102665, 13.948574438619486], [107.80357, 13.94676], [107.80424, 13.94859], [107.80413885102665, 13.948574438619486]], [[107.80902593362536, 13.944348822481249], [107.80904563355251, 13.944178910609564], [107.80914, 13.94425], [107.80902593362536, 13.944348822481249]], [[107.80773515372925, 13.942848956043958], [107.80761, 13.94277], [107.807789625, 13.942693795454542], [107.80773515372925, 13.942848956043958]], [[107.89510934053928, 13.983634784358294], [107.89506, 13.98385], [107.89201, 13.98409], [107.89510934053928, 13.983634784358294]], [[107.8915, 13.9857], [107.8891, 13.98558], [107.88909070274399, 13.985571635801932], [107.8915, 13.9857]], [[107.86331931716765, 13.985842709998526], [107.86331, 13.98585], [107.861, 13.98426], [107.86331931716765, 13.985842709998526]], [[107.87222, 14.05366], [107.87365, 14.05355], [107.87217960655738, 14.053735016393443], [107.87222, 14.05366]], [[107.87213430079156, 14.053819155672818], [107.87205, 14.05499], [107.87068, 14.05652], [107.87213430079156, 14.053819155672818]], [[108.07332, 14.01001], [108.0734693637919, 14.010026075026932], [108.07332987542821, 14.010293095608848], [108.07332, 14.01001]], [[108.07338, 14.01173], [108.07336352156058, 14.011257618069816], [108.07349711716341, 14.01175089414183], [108.07338, 14.01173]], [[108.07525, 14.01765], [108.07525176171654, 14.017612461885943], [108.07897, 14.01673], [108.07525, 14.01765]], [[108.09139, 14.14888], [108.09035455989063, 14.14657902197918], [108.09084, 14.14675], [108.09139, 14.14888]], [[108.04878183353574, 14.165866122631117], [108.04912, 14.16592], [108.05511, 14.17865], [108.04878183353574, 14.165866122631117]], [[108.0596, 14.17202], [108.0604, 14.17172], [108.05937991394805, 14.17234498229944], [108.0596, 14.17202]], [[108.06117393203883, 14.165058883495163], [108.06118, 14.16498], [108.06123541069101, 14.16492621903519], [108.06117393203883, 14.165058883495163]], [[108.06199561618061, 14.164188372530575], [108.0656, 14.16069], [108.06324, 14.16364], [108.06199561618061, 14.164188372530575]], [[108.07951394466278, 14.144050194987472], [108.07971, 14.14386], [108.08362, 14.1432], [108.07951394466278, 14.144050194987472]], [[107.88617555298003, 14.106218449098124], [107.88623, 14.10627], [107.88624994861442, 14.106337825289048], [107.88617555298003, 14.106218449098124]], [[107.88649499999997, 14.107170999999921], [107.88743, 14.11035], [107.88739754446111, 14.110384058281552], [107.88649499999997, 14.107170999999921]], [[107.88701439330544, 14.111265732217573], [107.88758, 14.11136], [107.88676, 14.11149], [107.88701439330544, 14.111265732217573]], [[107.89788, 14.12491], [107.90031, 14.12596], [107.90175877124139, 14.127371758837409], [107.89788, 14.12491]], [[107.90420450409879, 14.128924004149379], [107.90444012309837, 14.128984006503309], [107.90434, 14.12901], [107.90420450409879, 14.128924004149379]], [[107.90959146462852, 14.127719765375042], [107.90974, 14.12768], [107.91078, 14.1291], [107.90959146462852, 14.127719765375042]], [[107.92683718703267, 14.16180517030391], [107.93225, 14.16838], [107.92682, 14.16188], [107.92683718703267, 14.16180517030391]], [[107.93808, 14.18328], [107.94, 14.18598], [107.93999890944856, 14.186039668743025], [107.93808, 14.18328]], [[107.93998770320523, 14.186652810341922], [107.93993, 14.18981], [107.93980864390781, 14.189884016754501], [107.93998770320523, 14.186652810341922]], [[107.93529, 14.19264], [107.9362489722885, 14.193032306845291], [107.9351660673615, 14.193380497515035], [107.93529, 14.19264]], [[108.04251, 14.17015], [108.04511629674408, 14.16719747933419], [108.04505, 14.16738], [108.04251, 14.17015]], [[108.04558652451037, 14.164016902306185], [108.04586, 14.16515], [108.04524998269079, 14.166829430369802], [108.04558652451037, 14.164016902306185]], [[108.04503, 14.16265], [108.04525356781888, 14.163199113941099], [108.03868, 14.15689], [108.04503, 14.16265]], [[107.97229, 14.09189], [107.97303, 14.09335], [107.9719564210372, 14.091770646059185], [107.97229, 14.09189]], [[107.971, 14.09026], [107.97102191729323, 14.090395887218044], [107.97094595414352, 14.090284136984453], [107.971, 14.09026]], [[107.96997, 14.09072], [107.96885, 14.08974], [107.96899686567164, 14.089503582089552], [107.96997, 14.09072]], [[107.96805, 14.08832], [107.96811040816327, 14.088395510204085], [107.9680255557886, 14.088344987416109], [107.96805, 14.08832]], [[107.96394, 14.0896], [107.96625, 14.09016], [107.9638314304041, 14.089666414368184], [107.96394, 14.0896]], [[107.96174711538517, 14.090941434910903], [107.95587, 14.09461], [107.95583020201674, 14.09456093869305], [107.96174711538517, 14.090941434910903]], [[107.95471, 14.09318], [107.95204, 14.09315], [107.95225043165468, 14.093004316546763], [107.95471, 14.09318]], [[107.93927, 14.08967], [107.93746, 14.08849], [107.93770594162672, 14.088148213474641], [107.93927, 14.08967]], [[107.93881, 14.08677], [107.93854910617983, 14.086976462735384], [107.93877718494686, 14.086659500331223], [107.93881, 14.08677]], [[107.86404, 14.27408], [107.86445, 14.27007], [107.86513, 14.26856], [107.86404, 14.27408]], [[107.8706, 14.25668], [107.86975, 14.25555], [107.86986502018901, 14.255429579802104], [107.8706, 14.25668]], [[107.87011410435984, 14.255168801538757], [107.87188, 14.25332], [107.87264, 14.25338], [107.87011410435984, 14.255168801538757]], [[107.87656569347924, 14.248482117773177], [107.87695, 14.24847], [107.87735, 14.25068], [107.87656569347924, 14.248482117773177]], [[107.88115, 14.25911], [107.881011365003, 14.259006740829822], [107.8828, 14.25692], [107.88115, 14.25911]], [[107.88617, 14.26072], [107.88501, 14.26055], [107.88667474544768, 14.260080322600968], [107.88617, 14.26072]], [[107.88794840345238, 14.259720983351992], [107.8882, 14.25965], [107.88825798531938, 14.259834188661564], [107.88794840345238, 14.259720983351992]], [[107.89085, 14.26333], [107.89098358571943, 14.263719625014975], [107.88951617547191, 14.26342135784439], [107.89085, 14.26333]], [[107.89145779009877, 14.263756400048475], [107.89191, 14.26342], [107.89447, 14.26399], [107.89145779009877, 14.263756400048475]], [[107.89553, 14.2497], [107.89531171085682, 14.250205585821936], [107.89526867231638, 14.249310384180783], [107.89553, 14.2497]], [[107.89513789875052, 14.249115412682583], [107.89312953757288, 14.248875475727733], [107.89498, 14.24888], [107.89513789875052, 14.249115412682583]], [[107.89036, 14.25245], [107.88533, 14.25485], [107.8852818354907, 14.254582637825942], [107.89036, 14.25245]], [[107.88149802596479, 14.245273001956253], [107.8814, 14.24536], [107.88114187319886, 14.24483050912586], [107.88149802596479, 14.245273001956253]], [[107.88, 14.24495], [107.87995215239518, 14.244896000560278], [107.88094450257921, 14.244585291083274], [107.88, 14.24495]], [[107.87968892716538, 14.244598932086637], [107.8793, 14.24416], [107.8793803773249, 14.244106247663966], [107.87968892716538, 14.244598932086637]], [[107.88296, 14.2407], [107.88081, 14.24104], [107.8829464943609, 14.240636330558539], [107.88296, 14.2407]], [[107.8843, 14.22665], [107.88389, 14.22909], [107.8842416631579, 14.22660882105263], [107.8843, 14.22665]], [[107.87495, 14.21634], [107.87198, 14.21575], [107.87041628304883, 14.214878501699186], [107.87495, 14.21634]], [[107.86743463483145, 14.213917331460674], [107.86612, 14.21384], [107.86531884283822, 14.213235280411547], [107.86743463483145, 14.213917331460674]], [[107.86351, 14.21135], [107.86421198526403, 14.212399815800255], [107.86196, 14.2107], [107.86351, 14.21135]], [[107.86194239884394, 14.207514190751471], [107.86194, 14.20708], [107.86198341004184, 14.207053953974894], [107.86194239884394, 14.207514190751471]], [[107.86389, 14.20591], [107.86342, 14.20362], [107.86357982095373, 14.20358365715299], [107.86389, 14.20591]], [[107.87232, 14.20298], [107.87072, 14.20196], [107.87235682672234, 14.202826555323588], [107.87232, 14.20298]], [[107.88209, 14.18391], [107.88207957230144, 14.18412649888471], [107.88105, 14.18143], [107.88209, 14.18391]], [[107.86208, 14.15118], [107.85804, 14.15327], [107.8577768334231, 14.153281119714515], [107.86208, 14.15118]], [[107.8566734408602, 14.153327741935483], [107.8552, 14.15339], [107.85506205886487, 14.153007835215822], [107.8566734408602, 14.153327741935483]], [[107.8561, 14.15021], [107.85459, 14.1517], [107.85605732213085, 14.150099284948155], [107.8561, 14.15021]], [[107.85541, 14.14842], [107.85572121661723, 14.149227359050478], [107.85534336211764, 14.148494689959815], [107.85541, 14.14842]], [[107.85444201448149, 14.149504950435334], [107.8512, 14.15352], [107.85083484045438, 14.153547991324055], [107.85444201448149, 14.149504950435334]], [[107.8487452007548, 14.153708172764441], [107.84833, 14.15374], [107.8482448535429, 14.153683534454764], [107.8487452007548, 14.153708172764441]], [[107.84676686975261, 14.152703397835944], [107.84643, 14.15248], [107.84554, 14.14966], [107.84676686975261, 14.152703397835944]], [[107.84161654470664, 14.148178016886773], [107.84218, 14.1481], [107.84554, 14.14966], [107.84161654470664, 14.148178016886773]], [[107.84023, 14.14837], [107.84077812276519, 14.148294106078668], [107.84021405310374, 14.148467382379897], [107.84023, 14.14837]], [[107.84001435820377, 14.149686852568946], [107.8402, 14.15123], [107.83952579453518, 14.15267034803848], [107.84001435820377, 14.149686852568946]], [[107.83935761049054, 14.153029650315682], [107.83932, 14.15311], [107.83926123539231, 14.153092370617696], [107.83935761049054, 14.153029650315682]], [[107.75795713015377, 14.141467990797342], [107.75791, 14.14147], [107.75731, 14.13876], [107.75795713015377, 14.141467990797342]], [[107.75071, 14.13905], [107.75046737253508, 14.13742924853438], [107.75099, 14.13774], [107.75071, 14.13905]], [[107.75025, 14.1373], [107.75035664873174, 14.137363412759415], [107.74641, 14.13673], [107.75025, 14.1373]], [[107.74032259874866, 14.135585872464134], [107.74016, 14.1355], [107.73943693069305, 14.134518217821746], [107.74032259874866, 14.135585872464134]], [[107.73910463365063, 14.134067025507271], [107.73907, 14.13402], [107.73936625102546, 14.133477514355988], [107.73910463365063, 14.134067025507271]], [[107.73984, 14.13241], [107.73980967051146, 14.132478342447497], [107.73973763033176, 14.13216562257648], [107.73984, 14.13241]], [[107.94643045439055, 14.232254463251166], [107.94708, 14.23264], [107.94822353762423, 14.234988180312335], [107.94643045439055, 14.232254463251166]], [[107.94829936459425, 14.235143886075216], [107.94839, 14.23533], [107.9477, 14.23649], [107.94829936459425, 14.235143886075216]], [[108.17619, 13.76825], [108.17674116630769, 13.764517540442698], [108.17683, 13.76461], [108.17619, 13.76825]], [[108.17389, 13.76155], [108.17335683358098, 13.757758594353641], [108.17339, 13.75777], [108.17389, 13.76155]], [[108.17117999999996, 13.757009999999985], [108.16901, 13.75631], [108.16901998290598, 13.75626718869165], [108.17117999999996, 13.757009999999985]], [[108.16950182192792, 13.75420084057833], [108.16953, 13.75408], [108.16993845788043, 13.753815790307968], [108.16950182192792, 13.75420084057833]], [[108.17757, 13.74999], [108.18076, 13.74931], [108.18078373937068, 13.749319649456423], [108.17757, 13.74999]], [[108.23506, 13.75833], [108.23807, 13.75783], [108.23810452643849, 13.757912681734288], [108.23506, 13.75833]], [[108.2389745574388, 13.7599961770245], [108.23921, 13.76056], [108.23917470559552, 13.76059449225893], [108.2389745574388, 13.7599961770245]], [[108.2382284190715, 13.761519272271023], [108.2379456086764, 13.76179565515715], [108.23794, 13.76176], [108.2382284190715, 13.761519272271023]], [[108.23799918346253, 13.762136237726104], [108.23820648806809, 13.762679711962305], [108.23808, 13.76265], [108.23799918346253, 13.762136237726104]], [[108.238530635313, 13.762755853932584], [108.24269, 13.76177], [108.23957, 13.763], [108.238530635313, 13.762755853932584]], [[108.24429406379811, 13.762164141390391], [108.24444, 13.7622], [108.24438980244148, 13.762376318924334], [108.24429406379811, 13.762164141390391]], [[108.24369, 13.76517], [108.24611, 13.76765], [108.24620870261971, 13.768138812973811], [108.24369, 13.76517]], [[108.2463344590164, 13.768761606557344], [108.24653, 13.76973], [108.24638125121243, 13.770352541222124], [108.2463344590164, 13.768761606557344]], [[108.24628511627908, 13.770754883720928], [108.24626, 13.77086], [108.24602290909091, 13.771017090909098], [108.24628511627908, 13.770754883720928]], [[108.24466678260869, 13.772373217391301], [108.24470979758732, 13.772879838250596], [108.24457, 13.77247], [108.24466678260869, 13.772373217391301]], [[108.24729809359718, 13.780467828351458], [108.24733, 13.78055], [108.24733392379467, 13.780572870117478], [108.24729809359718, 13.780467828351458]], [[108.24742707127727, 13.781115786873222], [108.24803, 13.78463], [108.24799593786722, 13.7847752122503], [108.24742707127727, 13.781115786873222]], [[108.24795465053894, 13.784951226649756], [108.24784, 13.78544], [108.24674547260592, 13.785343988825081], [108.24795465053894, 13.784951226649756]], [[108.35996, 13.86331], [108.36171, 13.86331], [108.36178793847567, 13.863346558769514], [108.35996, 13.86331]], [[108.36619, 13.86861], [108.36855033057851, 13.870060619834716], [108.3685523227549, 13.870064355165427], [108.36619, 13.86861]], [[108.36383534999139, 13.847306821963395], [108.36364, 13.84725], [108.36618, 13.84399], [108.36383534999139, 13.847306821963395]], [[108.36479, 13.83972], [108.36503323407024, 13.839467673067317], [108.36618, 13.84399], [108.36479, 13.83972]], [[108.36965814300454, 13.834018964149461], [108.36977, 13.83401], [108.37203155345553, 13.83505566450094], [108.36965814300454, 13.834018964149461]], [[108.37635197590124, 13.83694281531642], [108.37932, 13.83376], [108.37646, 13.83699], [108.37635197590124, 13.83694281531642]], [[108.38485846365356, 13.83176108266025], [108.385, 13.83171], [108.38510519008506, 13.831765651668242], [108.38485846365356, 13.83176108266025]], [[108.46365008573387, 13.83160050068587], [108.46365157014925, 13.831588799999999], [108.46365218289381, 13.831599063471371], [108.46365008573387, 13.83160050068587]], [[108.47560672177167, 13.834055621490954], [108.47638179123051, 13.834043357733693], [108.4759, 13.83417], [108.47560672177167, 13.834055621490954]], [[108.47796413797155, 13.834018320601714], [108.47830558064454, 13.834012918027776], [108.47819, 13.83424], [108.47796413797155, 13.834018320601714]], [[108.51179, 13.81371], [108.50993, 13.81013], [108.51008705012592, 13.80993716630108], [108.51179, 13.81371]], [[108.5150067567999, 13.810205453593797], [108.5153, 13.81021], [108.51608227951154, 13.812577533759772], [108.5150067567999, 13.810205453593797]], [[108.51815759237573, 13.817154664888843], [108.51967259034446, 13.819072171542983], [108.51889, 13.81877], [108.51815759237573, 13.817154664888843]], [[108.52214133687806, 13.820025396885674], [108.52468229104987, 13.82077974265543], [108.5235, 13.82055], [108.52214133687806, 13.820025396885674]], [[108.52778873734985, 13.821383386928968], [108.52528131803753, 13.82089614550804], [108.52939, 13.82115], [108.5264, 13.82101], [108.52778873734985, 13.821383386928968]], [[108.5504098200225, 13.784501927259091], [108.55087500629774, 13.783497005626014], [108.55071, 13.78432], [108.5504098200225, 13.784501927259091]], [[108.5514945608888, 13.780406881492876], [108.55148, 13.78033], [108.55150977624784, 13.780330992541595], [108.5514945608888, 13.780406881492876]], [[108.55435326897906, 13.779408746727748], [108.55459543486974, 13.779366993987976], [108.55444, 13.77949], [108.55435326897906, 13.779408746727748]], [[108.55548962112788, 13.778659364575063], [108.55586764714502, 13.778057199238019], [108.55583, 13.77839], [108.55548962112788, 13.778659364575063]], [[108.55625873176206, 13.775861444070335], [108.55626, 13.77579], [108.5563484347826, 13.775701565217389], [108.55625873176206, 13.775861444070335]], [[108.54268, 13.74714], [108.5451, 13.74226], [108.54594950001118, 13.741271202196], [108.54268, 13.74714]], [[108.55819637367752, 13.72642224130746], [108.5590246836147, 13.725087227805373], [108.5587, 13.72582], [108.55819637367752, 13.72642224130746]], [[108.56060530438675, 13.721519955237227], [108.56076147602496, 13.720242818284769], [108.56088, 13.7209], [108.56060530438675, 13.721519955237227]], [[108.5599911758395, 13.713714454457678], [108.55995, 13.71347], [108.56016309435412, 13.713530256049161], [108.5599911758395, 13.713714454457678]], [[108.66180082599864, 13.82070134055518], [108.66162654460653, 13.820790955641561], [108.66125, 13.81662], [108.66180082599864, 13.82070134055518]], [[108.66819447443181, 13.82091128125], [108.66846, 13.82092], [108.67122, 13.82313], [108.66819447443181, 13.82091128125]], [[108.67670101904037, 13.836937841584158], [108.67871, 13.83657], [108.67681, 13.8371], [108.67670101904037, 13.836937841584158]], [[108.68457, 13.83614], [108.68913946838488, 13.839200929877777], [108.68636, 13.83793], [108.68457, 13.83614]], [[108.69602159552359, 13.843580925659479], [108.69627406532571, 13.843693731315742], [108.6962, 13.84371], [108.69602159552359, 13.843580925659479]], [[108.69684419736842, 13.843568500000002], [108.69826, 13.84299], [108.69966, 13.84295], [108.69684419736842, 13.843568500000002]], [[108.74733, 13.79526], [108.74899, 13.79067], [108.749586410744, 13.79033771401406], [108.74733, 13.79526]], [[108.75132303825482, 13.789370164400886], [108.75179, 13.78911], [108.75204421686747, 13.789246886005563], [108.75132303825482, 13.789370164400886]], [[108.75233446312365, 13.789403172451197], [108.7527, 13.7896], [108.75295, 13.791], [108.75233446312365, 13.789403172451197]], [[108.77014934256056, 13.798725064562415], [108.77039064230955, 13.798925166793287], [108.77024, 13.79896], [108.77014934256056, 13.798725064562415]], [[108.36456, 13.83309], [108.36456, 13.832955853658534], [108.3669, 13.83424], [108.36456, 13.83309]], [[108.23630901474012, 13.477582396237395], [108.23588, 13.47751], [108.23525327296541, 13.477034443305419], [108.23630901474012, 13.477582396237395]], [[108.25329, 13.48037], [108.25332824643286, 13.480454391585546], [108.2420343071159, 13.478548539325809], [108.25329, 13.48037]], [[108.34199481841048, 13.608452073293996], [108.33653, 13.61103], [108.34182, 13.60849], [108.34199481841048, 13.608452073293996]], [[108.34705, 13.60947], [108.35048, 13.60976], [108.35676, 13.6087], [108.35047, 13.60977], [108.34705, 13.60947]], [[108.38718, 13.5709], [108.38720639941398, 13.57087773190385], [108.38718773838967, 13.570918862324808], [108.38718, 13.5709]], [[108.39213418936788, 13.566721105527645], [108.39117, 13.5681], [108.3894671406873, 13.568970780330353], [108.39213418936788, 13.566721105527645]], [[108.39590535983471, 13.563540096032877], [108.3959, 13.56406], [108.39447892431384, 13.564743304685326], [108.39590535983471, 13.563540096032877]], [[108.39573, 13.55495], [108.39599923418753, 13.554434283809803], [108.39595231451766, 13.558985491787759], [108.39573, 13.55495]], [[108.39436, 13.54509], [108.3954, 13.54745], [108.39551284457477, 13.548116217008774], [108.39436, 13.54509]], [[108.39206, 13.54093], [108.39332309867807, 13.54072956817384], [108.39209730997342, 13.541153276872201], [108.39206, 13.54093]], [[108.41377, 13.47464], [108.41389685704355, 13.47452968952734], [108.41491, 13.47727], [108.41377, 13.47464]], [[108.42034511528608, 13.471908642186166], [108.42081, 13.47206], [108.42075380326705, 13.472257812500002], [108.42034511528608, 13.471908642186166]], [[108.41909, 13.4715], [108.41668, 13.47266], [108.41645738065716, 13.472467464352137], [108.41909, 13.4715]], [[108.41594, 13.47202], [108.41602, 13.47067], [108.41622488375873, 13.472266385953496], [108.41594, 13.47202]], [[108.41209, 13.46386], [108.41216491105301, 13.463762853864123], [108.41589, 13.46667], [108.41209, 13.46386]], [[108.41470986368414, 13.460462508932588], [108.41481, 13.46066], [108.41280769452453, 13.46292927953887], [108.41470986368414, 13.460462508932588]], [[108.41458495798668, 13.460216167140397], [108.41370002040586, 13.460285281714091], [108.41454437429219, 13.459772046998864], [108.41458495798668, 13.460216167140397]], [[108.41624, 13.45568], [108.41701106709388, 13.455120829206727], [108.41564559356405, 13.457695578187336], [108.41624, 13.45568]], [[108.41755, 13.45473], [108.41769465224488, 13.454877055106081], [108.41737752663623, 13.454855076103502], [108.41755, 13.45473]], [[108.42369601921024, 13.458186614194238], [108.42337, 13.45837], [108.42056, 13.45779], [108.42369601921024, 13.458186614194238]], [[108.42465158112773, 13.457243650172604], [108.42465, 13.45765], [108.42417415584414, 13.45791766233767], [108.42465158112773, 13.457243650172604]], [[108.42481, 13.45203], [108.42709, 13.44785], [108.42481, 13.452240413223164], [108.42481, 13.45203]], [[108.42691, 13.44347], [108.42711889112903, 13.44342179435484], [108.42691771539207, 13.443657741206833], [108.42691, 13.44347]], [[108.43688748222023, 13.442841783699828], [108.43733, 13.4437], [108.43684, 13.44627], [108.43688748222023, 13.442841783699828]], [[108.43639870466322, 13.442436683937824], [108.43667, 13.44242], [108.43676428571429, 13.442602857142857], [108.43639870466322, 13.442436683937824]], [[108.43311, 13.44288], [108.43308711094187, 13.442640338097158], [108.43412241403416, 13.442576669725172], [108.43311, 13.44288]], [[108.43128, 13.43943], [108.43126337543438, 13.439019581036376], [108.43294, 13.4411], [108.43128, 13.43943]], [[108.43012, 13.44067], [108.43005626693785, 13.440570924057942], [108.43128, 13.43943], [108.43012, 13.44067]], [[108.43112563362757, 13.435619080180453], [108.43117, 13.43571], [108.43114828797529, 13.436178359389968], [108.43112563362757, 13.435619080180453]], [[108.43093, 13.42976], [108.4310658527877, 13.429733699533095], [108.4308517679558, 13.42996154696132], [108.43093, 13.42976]], [[108.4378, 13.42843], [108.43621, 13.4292], [108.43313302172389, 13.429333505255782], [108.4378, 13.42843]], [[108.43440302904564, 13.424636514522824], [108.43417, 13.42275], [108.43471318550523, 13.421761280316305], [108.43440302904564, 13.424636514522824]], [[108.43506, 13.42113], [108.43854285625491, 13.42031715410434], [108.43492932503757, 13.421367857796765], [108.43506, 13.42113]], [[108.44153, 13.41962], [108.44266, 13.42068], [108.44139809302374, 13.419650785090287], [108.44153, 13.41962]], [[108.44514493753823, 13.425668047523368], [108.44459, 13.42584], [108.44298, 13.42492], [108.44514493753823, 13.425668047523368]], [[108.44686511333504, 13.424727631389233], [108.44672, 13.42518], [108.44589871515846, 13.425434482626954], [108.44686511333504, 13.424727631389233]], [[108.45442, 13.41357], [108.45905, 13.4057], [108.46034, 13.4048], [108.45952, 13.4054], [108.45442, 13.41357]], [[108.46439, 13.41134], [108.46433026955158, 13.411800553194384], [108.46397490362337, 13.410833701750072], [108.46439, 13.41134]], [[108.46155, 13.41819], [108.46401, 13.41427], [108.46134750827567, 13.419177147156175], [108.46155, 13.41819]], [[108.46044, 13.42753], [108.46035, 13.42404], [108.46122315520864, 13.419783368357887], [108.46044, 13.42753]], [[108.47100505911219, 13.453465237564114], [108.46911, 13.45102], [108.46724, 13.4467], [108.47100505911219, 13.453465237564114]], [[108.47295, 13.45696], [108.47287685466378, 13.457301344902374], [108.47258577322513, 13.456305539980729], [108.47295, 13.45696]], [[108.47232, 13.4599], [108.46845, 13.46709], [108.47267704903928, 13.458233771150013], [108.47232, 13.4599]], [[108.45240781658484, 13.476784560313213], [108.45225, 13.47653], [108.4523134993128, 13.476211009334564], [108.45240781658484, 13.476784560313213]], [[108.45980080144278, 13.486771782352427], [108.45809, 13.48595], [108.45769987035871, 13.485320715544365], [108.45980080144278, 13.486771782352427]], [[108.46359539517786, 13.540562013190616], [108.46352, 13.54054], [108.46339, 13.53609], [108.46359539517786, 13.540562013190616]], [[108.50013865198673, 13.61081547152174], [108.49851, 13.60925], [108.49357, 13.60286], [108.50013865198673, 13.61081547152174]], [[108.51228, 13.61256], [108.50083, 13.61148], [108.50070858854653, 13.611363298473616], [108.51228, 13.61256]], [[108.55366, 13.63016], [108.55382476821191, 13.630420883002202], [108.54469, 13.62581], [108.55366, 13.63016]], [[108.57541, 13.61585], [108.57553777148156, 13.615829957414658], [108.57306, 13.6219], [108.57541, 13.61585]], [[108.3115, 13.35372], [108.31095253626226, 13.351536366227906], [108.3117139445954, 13.35377337210589], [108.3115, 13.35372]], [[108.31238372668443, 13.353940460601446], [108.31614, 13.35486], [108.31614089305359, 13.354877749439803], [108.31238372668443, 13.353940460601446]], [[108.32188835728543, 13.3599446981038], [108.32027, 13.35818], [108.32162, 13.35896], [108.32188835728543, 13.3599446981038]], [[108.41156, 13.42049], [108.40677, 13.41849], [108.41172380451572, 13.42042462188188], [108.41156, 13.42049]], [[108.41352176678444, 13.419707014134278], [108.41179917345885, 13.42039454041774], [108.41169847482958, 13.420208419421865], [108.41352176678444, 13.419707014134278]], [[108.40840388307548, 13.413588194622045], [108.41085166553366, 13.418643264159746], [108.40861, 13.4145], [108.40840388307548, 13.413588194622045]], [[108.44059, 13.38245], [108.44430561506123, 13.382706249314566], [108.4443, 13.382759166666666], [108.44059, 13.38245]], [[108.44838255419074, 13.380849624277456], [108.44978, 13.38165], [108.44979520156251, 13.381852687500006], [108.44838255419074, 13.380849624277456]], [[108.44971698553054, 13.382958086816723], [108.44982810344828, 13.382291379310317], [108.44987, 13.38285], [108.44971698553054, 13.382958086816723]], [[108.44715, 13.38508], [108.44742820154012, 13.3848710739422], [108.44731822225421, 13.385303659133443], [108.44715, 13.38508]], [[108.44803, 13.38625], [108.4476801988959, 13.385784923532054], [108.45105, 13.38648], [108.44803, 13.38625]], [[108.45845779661019, 13.380806447292233], [108.45708, 13.38496], [108.45414, 13.39051], [108.45781, 13.3822], [108.45845779661019, 13.380806447292233]], [[108.4621440156216, 13.375649124321988], [108.45965172381061, 13.378238047802553], [108.45986, 13.37779], [108.4621440156216, 13.375649124321988]], [[108.47137, 13.36837], [108.46647278950593, 13.371591635994454], [108.4672, 13.37091], [108.47137, 13.36837]], [[108.49106776919743, 13.364471523929696], [108.49046102310703, 13.36402710903015], [108.4908, 13.36411], [108.49106776919743, 13.364471523929696]], [[108.49360130713019, 13.375358975458305], [108.49119, 13.37736], [108.49043004410112, 13.377470433361978], [108.49360130713019, 13.375358975458305]], [[108.48473, 13.37849], [108.48550302331142, 13.378391124925283], [108.48437734313417, 13.379058992590254], [108.48473, 13.37849]], [[108.48354, 13.38041], [108.48374990550472, 13.380071328933568], [108.48366017320016, 13.380602820275957], [108.48354, 13.38041]], [[108.48531, 13.38325], [108.48519924781036, 13.383072295921705], [108.48881341896693, 13.383423798852144], [108.48531, 13.38325]], [[108.48914, 13.38344], [108.48901941196898, 13.383434017826136], [108.49346, 13.38276], [108.48914, 13.38344]], [[108.52299, 13.36794], [108.52171, 13.36826], [108.5234850276243, 13.367323179864954], [108.52299, 13.36794]], [[108.52425, 13.36637], [108.52391319008265, 13.366789675849391], [108.5243347761194, 13.363565323383096], [108.52425, 13.36637]], [[108.5220342270562, 13.359686293579529], [108.52243, 13.35961], [108.52435449909937, 13.362912821462292], [108.5220342270562, 13.359686293579529]], [[108.52048359485757, 13.350844920089804], [108.52048860926028, 13.351897944661161], [108.52027, 13.35133], [108.52048359485757, 13.350844920089804]], [[108.52981, 13.34928], [108.52949451882844, 13.349219623430963], [108.53014113313228, 13.349165738905644], [108.52981, 13.34928]], [[108.54315, 13.34572], [108.5372, 13.34673], [108.55096, 13.34327], [108.54315, 13.34572]], [[108.64323, 13.2258], [108.64285048221028, 13.225877163368034], [108.64352227757641, 13.225495691627467], [108.64323, 13.2258]], [[108.65085, 13.21587], [108.65137075182315, 13.215552706678723], [108.64543543880598, 13.223503780419927], [108.65085, 13.21587]], [[108.50277, 13.34895], [108.50395522933238, 13.349431800541613], [108.50387, 13.34949], [108.50277, 13.34895]], [[108.64492, 13.17252], [108.64507091307523, 13.172535091307525], [108.63924, 13.17866], [108.64492, 13.17252]], [[108.50204, 13.11217], [108.5009, 13.11328], [108.49984825377271, 13.113322556205729], [108.50204, 13.11217]], [[108.49917, 13.11335], [108.49236993624773, 13.110965433515481], [108.49955189613232, 13.11333454755534], [108.49917, 13.11335]], [[108.43522071462806, 13.341986801200717], [108.43509, 13.34196], [108.43434587351777, 13.340759083003926], [108.43522071462806, 13.341986801200717]], [[108.43409170642576, 13.340348892548507], [108.43408, 13.34033], [108.43429, 13.33441], [108.43409170642576, 13.340348892548507]], [[108.43352131878834, 13.327747848172855], [108.4335, 13.32769], [108.43429755377481, 13.325265179249154], [108.43352131878834, 13.327747848172855]], [[108.43472215379094, 13.323974258232388], [108.43474, 13.32392], [108.43702, 13.32142], [108.43472215379094, 13.323974258232388]], [[108.41471, 13.26214], [108.41468, 13.2741], [108.41457028051948, 13.261951061157022], [108.41471, 13.26214]], [[108.41207, 13.25857], [108.41407563380284, 13.261282163892476], [108.41194194244605, 13.25852925441465], [108.41207, 13.25857]], [[108.40961474209651, 13.257694226289516], [108.40952, 13.25767], [108.40951121621622, 13.257383648648645], [108.40961474209651, 13.257694226289516]], [[108.5271100854982, 13.365553344294641], [108.53036, 13.36597], [108.52742, 13.36591], [108.5271100854982, 13.365553344294641]], [[108.67582, 13.45661], [108.6790827843655, 13.458973314080957], [108.67831, 13.45869], [108.67582, 13.45661]], [[108.68277979082492, 13.460328690864053], [108.68451, 13.46088], [108.68457320378202, 13.460986182353782], [108.68277979082492, 13.460328690864053]], [[108.68548906793046, 13.462524834123181], [108.6869315984148, 13.464948285336856], [108.68674, 13.46494], [108.68548906793046, 13.462524834123181]], [[108.70835964082076, 13.460890087661458], [108.70846, 13.46083], [108.70895618953604, 13.460853047054952], [108.70835964082076, 13.460890087661458]], [[108.71163645013581, 13.460977540033632], [108.71212, 13.461], [108.71234800626374, 13.461483237155992], [108.71163645013581, 13.460977540033632]], [[108.42914386876932, 13.439152559632301], [108.42933, 13.43908], [108.42968833623694, 13.439998959059237], [108.42914386876932, 13.439152559632301]], [[108.45982, 13.40243], [108.45524, 13.39878], [108.45488222222222, 13.398034629629642], [108.45982, 13.40243]], [[108.45443982222221, 13.397112962962943], [108.45416, 13.39653], [108.45415613153756, 13.395365592803783], [108.45443982222221, 13.397112962962943]], [[108.41390516336368, 13.419601580074987], [108.41402, 13.41957], [108.41465961813842, 13.419851431980907], [108.41390516336368, 13.419601580074987]], [[108.41543514181153, 13.420192662397072], [108.41552, 13.42023], [108.41661, 13.42238], [108.41543514181153, 13.420192662397072]], [[108.42287, 13.43215], [108.42403, 13.4346], [108.42460589357964, 13.438373618456042], [108.42287, 13.43215]], [[108.42497860304275, 13.439709876346795], [108.42646, 13.44073], [108.42504, 13.43993], [108.42497860304275, 13.439709876346795]], [[108.42695274472169, 13.44011406909789], [108.42702, 13.44015], [108.42646, 13.44073], [108.42695274472169, 13.44011406909789]], [[108.39109454653342, 13.480671718301064], [108.3912, 13.4807], [108.39291, 13.48439], [108.39109454653342, 13.480671718301064]], [[108.39229191729324, 13.48670781015038], [108.39223, 13.48694], [108.39209243050801, 13.486879108585514], [108.39229191729324, 13.48670781015038]], [[108.37564605780959, 13.483674102511351], [108.37563, 13.4837], [108.37306, 13.48215], [108.37564605780959, 13.483674102511351]], [[108.295, 13.41411], [108.29494, 13.41586], [108.29464049550587, 13.414054415764001], [108.295, 13.41411]], [[108.27356, 13.40469], [108.27408578352693, 13.404962393875396], [108.27232, 13.40506], [108.27356, 13.40469]], [[108.26718185174543, 13.402499569027439], [108.26717, 13.4025], [108.26711444444442, 13.402414965986358], [108.26718185174543, 13.402499569027439]], [[108.26628708829307, 13.401148604530226], [108.26619, 13.401], [108.2668, 13.39864], [108.26628708829307, 13.401148604530226]], [[108.26533, 13.37411], [108.26528, 13.37497], [108.26461890177721, 13.3738706880981], [108.26533, 13.37411]], [[108.39944, 13.46178], [108.39941263082231, 13.46193365152387], [108.39915726124843, 13.461506765072011], [108.39944, 13.46178]], [[108.39868802278934, 13.461053299334244], [108.39691690856283, 13.460994541990237], [108.39825, 13.46063], [108.39868802278934, 13.461053299334244]], [[108.39582, 13.46301], [108.39666728370008, 13.461453202307165], [108.39477, 13.46925], [108.39582, 13.46301]], [[108.38564, 13.47601], [108.38903, 13.47145], [108.38559340247146, 13.476468985656096], [108.38564, 13.47601]], [[108.38544, 13.47798], [108.385556988417, 13.47682766409265], [108.38639, 13.47941], [108.38544, 13.47798]], [[108.48802, 13.61556], [108.48799642625806, 13.615556567420875], [108.49004, 13.61493], [108.48802, 13.61556]], [[108.14981, 13.63689], [108.15024, 13.63995], [108.14974732325695, 13.640775958069218], [108.14981, 13.63689]], [[108.15161683124789, 13.63340838011497], [108.14991716959587, 13.63662502950315], [108.15108, 13.63375], [108.15161683124789, 13.63340838011497]], [[108.1651154139085, 13.63245480153399], [108.16221, 13.63108], [108.16507, 13.63236], [108.1651154139085, 13.63245480153399]], [[108.16701, 13.63495], [108.16663547709288, 13.634405448288412], [108.16784069972339, 13.6349965812929], [108.16701, 13.63495]], [[108.16808, 13.63501], [108.167984930586, 13.635004669004822], [108.16831, 13.6338], [108.16808, 13.63501]], [[108.1820260230074, 13.638142366474941], [108.17886, 13.63628], [108.18201, 13.63811], [108.1820260230074, 13.638142366474941]], [[108.29429, 13.67853], [108.27568, 13.69716], [108.28049, 13.69196], [108.29429, 13.67853]], [[108.3155686606733, 13.676416403665659], [108.31527755261703, 13.676358678133198], [108.31553224371707, 13.675923119440373], [108.3155686606733, 13.676416403665659]], [[108.31831, 13.67696], [108.31624366650198, 13.676550254550355], [108.31898827486586, 13.67646859678085], [108.31831, 13.67696]], [[108.37485, 13.6931], [108.3751633956772, 13.6927395949712], [108.37744380143238, 13.693597441370592], [108.37485, 13.6931]], [[108.37838421146574, 13.693951206203561], [108.37854, 13.69406], [108.37758509184759, 13.694994762410804], [108.37838421146574, 13.693951206203561]], [[108.46912, 13.66547], [108.46910376161527, 13.665484514757301], [108.46624, 13.66099], [108.46912, 13.66547]], [[108.47877, 13.61482], [108.48008, 13.61306], [108.47921942161341, 13.611683074581451], [108.48074065349762, 13.61329782481919], [108.47877, 13.61482]], [[108.48335, 13.61488], [108.482603937749, 13.614427625746226], [108.48743433223825, 13.615474720754179], [108.48335, 13.61488]], [[108.44896, 13.56677], [108.45376, 13.5694], [108.45374758747792, 13.569430849835594], [108.44896, 13.56677]], [[108.45509, 13.58128], [108.45708, 13.58258], [108.45709715904889, 13.582740608697542], [108.45509, 13.58128]], [[108.4571466841503, 13.583204163646773], [108.45730424986544, 13.584678978740582], [108.45693, 13.58431], [108.4571466841503, 13.583204163646773]], [[108.46028, 13.58449], [108.45764, 13.58501], [108.45752054339113, 13.584892225878582], [108.46028, 13.58449]], [[108.46476377072794, 13.586437400422092], [108.465, 13.58654], [108.46505017331334, 13.586879565817094], [108.46476377072794, 13.586437400422092]], [[108.4652391840204, 13.58815876328095], [108.46556, 13.59033], [108.46537421266181, 13.590619967153982], [108.4652391840204, 13.58815876328095]], [[108.46437958884532, 13.593475494521607], [108.46427, 13.59494], [108.46328814007481, 13.59602705920289], [108.46437958884532, 13.593475494521607]], [[108.46318624469268, 13.596265267962899], [108.46471, 13.59985], [108.46315, 13.59635], [108.46318624469268, 13.596265267962899]], [[108.46415363597059, 13.601275072777069], [108.46417868344956, 13.601465016159159], [108.46414, 13.60131], [108.46415363597059, 13.601275072777069]], [[108.47389, 13.61869], [108.47468, 13.61663], [108.47590941643358, 13.61535620030168], [108.47389, 13.61869]], [[108.47774375616359, 13.6123279387025], [108.47777, 13.6122], [108.47783859031414, 13.612171379581152], [108.47774375616359, 13.6123279387025]], [[108.47905298545761, 13.611664653550056], [108.47916, 13.61162], [108.47916497598115, 13.61162528188163], [108.47905298545761, 13.611664653550056]], [[108.32103, 13.62175], [108.32095, 13.6187], [108.32124013514343, 13.618753290128387], [108.32103, 13.62175]], [[108.33257, 13.61318], [108.33374, 13.61256], [108.33685, 13.61195], [108.33257, 13.61318]], [[108.28257, 13.6619], [108.28280440922629, 13.661641088067132], [108.28375, 13.66179], [108.28257, 13.6619]], [[108.28529678082187, 13.658888189823932], [108.28541958033965, 13.658752554119616], [108.28542, 13.65877], [108.28529678082187, 13.658888189823932]], [[108.55404314217125, 13.630766641771144], [108.55426, 13.63111], [108.55236, 13.63401], [108.55404314217125, 13.630766641771144]], [[108.56125, 13.67001], [108.56467, 13.67408], [108.56471191318721, 13.674488430632769], [108.56125, 13.67001]], [[108.56399, 13.68163], [108.56728, 13.68826], [108.56715102017559, 13.688713383625192], [108.56399, 13.68163]], [[108.56693144936489, 13.689485208293105], [108.56662, 13.69058], [108.56452141850019, 13.693081620330904], [108.56693144936489, 13.689485208293105]], [[108.55712182793737, 13.707471650910689], [108.5571099361754, 13.708783708647989], [108.55696, 13.70794], [108.55712182793737, 13.707471650910689]], [[108.46413458856347, 13.827781478382118], [108.46415, 13.82766], [108.4641896016403, 13.827602120679568], [108.46413458856347, 13.827781478382118]], [[108.46859868528244, 13.822656522671242], [108.46861, 13.82263], [108.46896409470752, 13.822623676880223], [108.46859868528244, 13.822656522671242]], [[108.47034, 13.8225], [108.47024846118877, 13.82250822820775], [108.46997502057614, 13.821904115226372], [108.47034, 13.8225]], [[108.46986850055949, 13.821668780305853], [108.46986, 13.82165], [108.47081, 13.82008], [108.46986850055949, 13.821668780305853]], [[108.47078, 13.81604], [108.46942, 13.81689], [108.47071044463446, 13.816004023086787], [108.47078, 13.81604]], [[108.46627417708147, 13.810065655843681], [108.46615, 13.80997], [108.46767489386905, 13.80582393721011], [108.46627417708147, 13.810065655843681]], [[108.46798, 13.8049], [108.46796847037312, 13.80493491457631], [108.46645, 13.80469], [108.46798, 13.8049]], [[108.46007, 13.79137], [108.460064645, 13.791396010000001], [108.45998, 13.78912], [108.46007, 13.79137]], [[108.45835750152, 13.782052170159298], [108.45836, 13.78151], [108.45889897044336, 13.781733938423647], [108.45835750152, 13.782052170159298]], [[108.36456, 13.83084], [108.36466493051783, 13.830757658690862], [108.36456, 13.831752400000017], [108.36456, 13.83084]], [[108.37007533766884, 13.818346693346669], [108.36826, 13.81618], [108.3701, 13.81832], [108.37007533766884, 13.818346693346669]], [[108.36629, 13.8097], [108.36630553849578, 13.80928046061417], [108.36776, 13.81218], [108.36629, 13.8097]], [[108.36637, 13.80754], [108.36747, 13.806], [108.36632284190107, 13.808813268671166], [108.36637, 13.80754]], [[108.35556, 13.77647], [108.35492826698604, 13.775668586631058], [108.3598, 13.7781], [108.35556, 13.77647]], [[108.35314, 13.7734], [108.35317041597295, 13.772324985455699], [108.35399083265554, 13.774479362087815], [108.35314, 13.7734]], [[108.35699506943753, 13.75131176740927], [108.35817822774997, 13.747851108645525], [108.35779, 13.7496], [108.35699506943753, 13.75131176740927]], [[108.36334, 13.73512], [108.36589612272361, 13.73360526060823], [108.36584, 13.73384], [108.36334, 13.73512]], [[108.36684, 13.72929], [108.36693279180349, 13.72926927950019], [108.36650748647317, 13.731048165273116], [108.36684, 13.72929]], [[108.36982, 13.72339], [108.3722, 13.72028], [108.36978925856243, 13.723571775456909], [108.36982, 13.72339]], [[108.37253163944344, 13.71883736842106], [108.37272833602584, 13.717585226762289], [108.3728, 13.71767], [108.37253163944344, 13.71883736842106]], [[108.3703, 13.71484], [108.37035749318139, 13.714780693153589], [108.37101175269113, 13.71555463428097], [108.3703, 13.71484]], [[108.37315, 13.69717], [108.37346170245807, 13.696870059898833], [108.37365948947074, 13.697831900850888], [108.37315, 13.69717]], [[108.37421, 13.69615], [108.37500498798718, 13.696459910571276], [108.37380219893292, 13.696542412347561], [108.37421, 13.69615]], [[108.37589450014637, 13.696398897101874], [108.37634197020664, 13.6962116578568], [108.37617, 13.69638], [108.37589450014637, 13.696398897101874]], [[108.20399, 14.07747], [108.2041040871966, 14.07734850454389], [108.20397601618045, 14.077638708016664], [108.20399, 14.07747]], [[108.2053, 14.073], [108.20938, 14.07345], [108.20446, 14.07319], [108.2053, 14.073]], [[108.22689598465473, 13.95466772378517], [108.22689, 13.95492], [108.22503, 13.95756], [108.22689598465473, 13.95466772378517]], [[108.22668, 13.95218], [108.22701365313652, 13.949707544706236], [108.22691819093208, 13.95373164378611], [108.22668, 13.95218]], [[108.22707, 13.94929], [108.228, 13.94863], [108.22705349362158, 13.94941231649644], [108.22707, 13.94929]], [[108.2278190308563, 13.945991660378636], [108.22681433339841, 13.94523591450322], [108.22781, 13.94586], [108.2278190308563, 13.945991660378636]], [[108.23471, 13.94833], [108.23483627460328, 13.948612169175238], [108.23382161849712, 13.947987068538398], [108.23471, 13.94833]], [[108.23552, 13.95014], [108.23568, 13.95474], [108.23510875620023, 13.949221047805464], [108.23552, 13.95014]], [[108.23911, 13.95796], [108.23915306243805, 13.95826848364717], [108.23568, 13.95474], [108.23911, 13.95796]], [[108.23965606674612, 13.961871823599523], [108.2396, 13.96188], [108.23956983606557, 13.961254098360623], [108.23965606674612, 13.961871823599523]], [[108.24296, 13.95856], [108.24610426978617, 13.955535952293884], [108.24104, 13.96167], [108.24296, 13.95856]], [[108.24625154368329, 13.955394309457544], [108.24889, 13.95377], [108.24926739686312, 13.95389113973384], [108.24625154368329, 13.955394309457544]], [[108.2497, 13.95403], [108.25048495145631, 13.956551359223312], [108.24940982985511, 13.953936858965836], [108.2497, 13.95403]], [[108.25069, 13.95721], [108.24928, 13.96188], [108.25066589509471, 13.95713257212239], [108.25069, 13.95721]], [[108.26084955935637, 13.971068640997558], [108.25942, 13.97104], [108.25938253065749, 13.971026406471088], [108.26084955935637, 13.971068640997558]], [[108.27097, 13.97136], [108.27123, 13.97349], [108.27091313502643, 13.97135836290508], [108.27097, 13.97136]], [[108.27007, 13.97677], [108.26682, 13.9796], [108.27013818429343, 13.9765772030324], [108.27007, 13.97677]], [[108.27153, 13.98049], [108.26741, 13.98226], [108.26738835177353, 13.982162399521373], [108.27153, 13.98049]], [[108.30819, 14.00639], [108.31213, 14.00402], [108.31222807738898, 14.00385819138939], [108.31231486091002, 14.00405985020708], [108.30819, 14.00639]], [[108.3147, 13.99978], [108.31473518026567, 13.99974943936518], [108.31449769965603, 14.000113756209501], [108.3147, 13.99978]], [[108.31654741071429, 13.998175178571431], [108.31626, 13.99875], [108.31497098738343, 13.999544596818438], [108.31654741071429, 13.998175178571431]], [[108.31619, 13.99734], [108.31673, 13.99781], [108.31663676470589, 13.997996470588236], [108.31619, 13.99734]], [[108.32194716875868, 13.991760688052134], [108.32188, 13.99195], [108.32180770653589, 13.992018481857912], [108.32194716875868, 13.991760688052134]], [[108.35547810167809, 13.982034931294391], [108.35444, 13.98099], [108.35293, 13.9776], [108.35547810167809, 13.982034931294391]], [[108.35750887184042, 13.984056158443027], [108.35748, 13.98405], [108.35736761045986, 13.983936871054997], [108.35750887184042, 13.984056158443027]], [[108.36767028250776, 13.990269914860695], [108.36411, 13.98769], [108.36184, 13.98498], [108.36767028250776, 13.990269914860695]], [[108.36900348441927, 13.99054821529745], [108.36825, 13.99069], [108.36806932707714, 13.990559077592126], [108.36900348441927, 13.99054821529745]], [[108.3703143367347, 13.989883112244897], [108.37011, 13.99034], [108.36984877763328, 13.990389154746424], [108.3703143367347, 13.989883112244897]], [[108.37064306407542, 13.988027238791615], [108.371, 13.98835], [108.37089203400666, 13.988591407108695], [108.37064306407542, 13.988027238791615]], [[108.36906, 13.98444], [108.3690503997634, 13.982519952679034], [108.36976225545746, 13.98603131778538], [108.36906, 13.98444]], [[108.3687094654088, 13.982335220125785], [108.36902, 13.98237], [108.36903313929315, 13.9824348120902], [108.3687094654088, 13.982335220125785]], [[108.36762, 13.982], [108.36757343495798, 13.981827619796336], [108.36766430280956, 13.982013631633711], [108.36762, 13.982]], [[108.38361, 13.93311], [108.38278549266686, 13.932223535468417], [108.3888605007272, 13.937062624142953], [108.38361, 13.93311]], [[108.41082, 13.95839], [108.41084943649092, 13.958446882614128], [108.40622, 13.95646], [108.41082, 13.95839]], [[108.41527702024834, 13.967002676138248], [108.41431, 13.96583], [108.41109240070995, 13.958916382866546], [108.41527702024834, 13.967002676138248]], [[108.41644, 13.96925], [108.41459, 13.98228], [108.41642133661152, 13.969213935160347], [108.41644, 13.96925]], [[108.41995, 14.02243], [108.42139, 14.01552], [108.41997274802584, 14.02249724048816], [108.41995, 14.02243]], [[108.42238012450943, 14.027130489917475], [108.42063, 14.02444], [108.4200541035542, 14.022737717858696], [108.42238012450943, 14.027130489917475]], [[108.43392, 14.02839], [108.42331, 14.02856], [108.42326348317813, 14.028488489064896], [108.43392, 14.02839]], [[108.43536840758749, 14.058910368034898], [108.43523, 14.05877], [108.43516101255167, 14.058472073192542], [108.43536840758749, 14.058910368034898]], [[108.44454, 14.06783], [108.44458987786263, 14.067872026717586], [108.43927, 14.06401], [108.44454, 14.06783]], [[108.45270806612375, 14.06358935942628], [108.45269, 14.06366], [108.4474, 14.06428], [108.45270806612375, 14.06358935942628]], [[108.45625, 14.05693], [108.4566763839507, 14.056848447647983], [108.45358, 14.06018], [108.45625, 14.05693]], [[108.52096, 14.0107], [108.52107337464608, 14.010683994167612], [108.51832, 14.01797], [108.52096, 14.0107]], [[108.53777147911912, 14.013284808647779], [108.53743, 14.01357], [108.53635844601413, 14.013457204843592], [108.53777147911912, 14.013284808647779]], [[108.54293, 14.0108], [108.53996, 14.01298], [108.53993276817027, 14.012977142338858], [108.54293, 14.0108]], [[108.56869819774286, 14.006139474485906], [108.56868, 14.00674], [108.56678224761527, 14.00745963698993], [108.56869819774286, 14.006139474485906]], [[108.56877, 14.00609], [108.57112, 14.00704], [108.56875363445951, 14.006101276479804], [108.56877, 14.00609]], [[108.58318, 14.00096], [108.58318776111409, 14.000960739153722], [108.58281, 14.00446], [108.58318, 14.00096]], [[108.58591, 13.99922], [108.58738, 13.99955], [108.58409, 13.99943], [108.58591, 13.99922]], [[108.59516, 14.01556], [108.595127236377, 14.015867693155231], [108.59435, 14.01419], [108.59516, 14.01556]], [[108.59508831391025, 14.016233225886394], [108.59495985964912, 14.017439578947394], [108.59478668421052, 14.016920052631578], [108.59508831391025, 14.016233225886394]], [[108.59566977288023, 14.018283110699873], [108.59517, 14.01807], [108.59509526666666, 14.017845799999991], [108.59566977288023, 14.018283110699873]], [[108.60162, 14.01607], [108.59924, 14.01608], [108.60162808601548, 14.016021276573388], [108.60162, 14.01607]], [[108.6203, 14.01772], [108.62032849385908, 14.017732773109243], [108.6191, 14.01923], [108.6203, 14.01772]], [[108.62368417404782, 14.017198897254213], [108.62371433819901, 14.017407725993204], [108.6235387153087, 14.017266984323593], [108.62368417404782, 14.017198897254213]], [[108.62492, 14.01812], [108.62517220267085, 14.018576037706206], [108.62458427019146, 14.01810487703565], [108.62492, 14.01812]], [[108.62698, 14.01947], [108.62786, 14.02073], [108.62626767368234, 14.019453932489075], [108.62698, 14.01947]], [[108.63169, 14.02125], [108.63173254061674, 14.02129453916919], [108.62786, 14.02073], [108.63169, 14.02125]], [[108.64152, 14.02718], [108.64154827900188, 14.027230590874932], [108.6363, 14.02612], [108.64152, 14.02718]], [[108.66213827428714, 14.031394001975007], [108.66136220520673, 14.033544150076573], [108.66152, 14.03269], [108.66213827428714, 14.031394001975007]], [[108.65316, 14.06628], [108.65300475132564, 14.066579461901744], [108.6531533296625, 14.066246860069244], [108.65316, 14.06628]], [[108.64729689318453, 14.07758944998008], [108.64741, 14.07676], [108.6485301568797, 14.075210585921873], [108.64729689318453, 14.07758944998008]], [[108.64710074308563, 14.079335161612795], [108.64705, 14.0794], [108.64708137206426, 14.079169938195298], [108.64710074308563, 14.079335161612795]], [[108.64756, 14.07871], [108.64757732217574, 14.078726199442116], [108.64752196850394, 14.078796929133844], [108.64756, 14.07871]], [[108.6491, 14.07913], [108.64930861386141, 14.079269306930705], [108.64908036585366, 14.079155182926831], [108.6491, 14.07913]], [[108.65104869669085, 14.080431289152362], [108.65039, 14.08056], [108.65042005487992, 14.08001149844141], [108.65104869669085, 14.080431289152362]], [[108.65238, 14.08245], [108.65211, 14.08114], [108.65293217030454, 14.0827456502418], [108.65238, 14.08245]], [[108.17957752606284, 13.836375192606285], [108.1778342143906, 13.835522349486048], [108.17944, 13.83583], [108.17957752606284, 13.836375192606285]], [[108.17792, 13.84055], [108.17963646492655, 13.836608843101631], [108.17972, 13.83694], [108.17792, 13.84055]], [[108.17885, 13.84321], [108.17880129411765, 13.843070690702088], [108.18111, 13.84308], [108.17885, 13.84321]], [[108.18817020082638, 13.83981425482848], [108.18790493372059, 13.83980335344057], [108.18814, 13.83969], [108.18817020082638, 13.83981425482848]], [[108.18847732079308, 13.841148723945098], [108.18845879666227, 13.841001620553333], [108.18849, 13.84113], [108.18847732079308, 13.841148723945098]], [[108.21129, 13.85698], [108.20962, 13.85706], [108.21141942668137, 13.85679921352444], [108.21129, 13.85698]], [[108.21288550759007, 13.855118529411778], [108.21260155772063, 13.85520440693327], [108.21261, 13.85519], [108.21288550759007, 13.855118529411778]], [[108.21471112875449, 13.854644937310553], [108.21608, 13.85506], [108.21617461654377, 13.855236730187094], [108.21471112875449, 13.854644937310553]], [[108.24346489206573, 13.891861809670473], [108.23982, 13.8912], [108.24345, 13.89184], [108.24346489206573, 13.891861809670473]], [[108.24495292061494, 13.894259251667572], [108.24381246989273, 13.892370843004205], [108.245, 13.89411], [108.24495292061494, 13.894259251667572]], [[108.23803388888888, 13.90421222222223], [108.24362455325999, 13.898470458814062], [108.24359, 13.89858], [108.23803388888888, 13.90421222222223]], [[108.23485, 13.90502], [108.23713885633803, 13.905119515492958], [108.23702, 13.90524], [108.23485, 13.90502]], [[108.22365, 13.91279], [108.22373967418228, 13.912784501111464], [108.22315666666668, 13.913447777777762], [108.22365, 13.91279]], [[108.22361088431167, 13.916617569688887], [108.22279, 13.91611], [108.22243665306122, 13.914407795918368], [108.22361088431167, 13.916617569688887]], [[108.2241, 13.91692], [108.22386658144461, 13.916775672496282], [108.2269, 13.91774], [108.2241, 13.91692]], [[108.23469272836925, 13.943801562399482], [108.23582, 13.94253], [108.23545, 13.94357], [108.23469272836925, 13.943801562399482]], [[108.23261085110623, 13.94333284034283], [108.23440610540064, 13.943889207439474], [108.23424, 13.94394], [108.23261085110623, 13.94333284034283]], [[108.22902, 13.94222], [108.22937494186047, 13.94233], [108.22852286821706, 13.94233], [108.22902, 13.94222]], [[108.22319, 13.94351], [108.2232428441139, 13.943498307220082], [108.22320381105683, 13.943816354351652], [108.22319, 13.94351]], [[108.2233, 13.94595], [108.22328911298082, 13.945708506120072], [108.22383670746764, 13.945829864898231], [108.2233, 13.94595]], [[108.49967513542828, 13.904309161519677], [108.49945, 13.90751], [108.49962, 13.90443], [108.49967513542828, 13.904309161519677]], [[108.50779, 13.88704], [108.50677066302067, 13.887426208420738], [108.50825217695805, 13.886622625910325], [108.50779, 13.88704]], [[108.51483, 13.88718], [108.51033819990107, 13.885491153899814], [108.51058, 13.88536], [108.51483, 13.88718]], [[108.51981, 13.89115], [108.52007892028652, 13.891595322125829], [108.51483, 13.88718], [108.51981, 13.89115]], [[108.5219, 13.89587], [108.52087813458546, 13.892918791675921], [108.52199, 13.89476], [108.5219, 13.89587]], [[108.51664, 13.90247], [108.51699, 13.90005], [108.5167620936673, 13.902639015939446], [108.51664, 13.90247]], [[108.51919, 13.906], [108.51874805989868, 13.905388216251916], [108.51924381314818, 13.906004980137107], [108.51919, 13.906]], [[108.52308, 13.90636], [108.5199494993742, 13.906070287859825], [108.52383647058822, 13.90618807486631], [108.52308, 13.90636]], [[108.55420357708874, 13.881697634564162], [108.55389150458716, 13.88145555963303], [108.5542, 13.88151], [108.55420357708874, 13.881697634564162]], [[108.5541, 13.88676], [108.55425250319229, 13.884264031086328], [108.55430704500074, 13.887124996856969], [108.5541, 13.88676]], [[108.55604, 13.89018], [108.55511874898676, 13.88855593893541], [108.55618676987316, 13.89024092334358], [108.55604, 13.89018]], [[108.56028, 13.89194], [108.56013067003693, 13.89187801397759], [108.57011, 13.88421], [108.56028, 13.89194]], [[108.5788, 13.89079], [108.57638, 13.88584], [108.57889122116711, 13.890753688661636], [108.5788, 13.89079]], [[108.58982, 13.89011], [108.58974045080542, 13.890061907521149], [108.59133369942202, 13.889888728323694], [108.58982, 13.89011]], [[108.59283, 13.88967], [108.59267196940651, 13.889693100817654], [108.59290927426161, 13.88947521181433], [108.59283, 13.88967]], [[108.59384991881299, 13.887163913773797], [108.59373438100621, 13.88744780667044], [108.59374, 13.88715], [108.59384991881299, 13.887163913773797]], [[108.5945, 13.88803], [108.5939359330003, 13.887174801645607], [108.59453, 13.88725], [108.5945, 13.88803]], [[108.60720146956233, 13.87969046649883], [108.60404, 13.87921], [108.60715, 13.87961], [108.60720146956233, 13.87969046649883]], [[108.61863651089239, 13.880224764293699], [108.61491, 13.87986], [108.61861, 13.88018], [108.61863651089239, 13.880224764293699]], [[108.61653459507872, 13.89332103610822], [108.61569, 13.88954], [108.61654, 13.89325], [108.61653459507872, 13.89332103610822]], [[108.61426, 13.898], [108.6164, 13.89509], [108.61426625802375, 13.898114432434232], [108.61426, 13.898]], [[108.61445770921038, 13.90161525413287], [108.61428998845265, 13.898548360277124], [108.61479, 13.90118], [108.61445770921038, 13.90161525413287]], [[108.61244, 13.90204], [108.6142711741795, 13.901859588750787], [108.61408, 13.90211], [108.61244, 13.90204]], [[108.58923, 13.91528], [108.60224, 13.91868], [108.61821, 13.92352], [108.58923, 13.91528]], [[108.6262071962426, 13.92523239330203], [108.62514, 13.92333], [108.62622, 13.92509], [108.6262071962426, 13.92523239330203]], [[108.62644, 13.93072], [108.62641946569573, 13.929988978768206], [108.62710838421944, 13.931588074319576], [108.62644, 13.93072]], [[108.6407, 13.94352], [108.63049, 13.93598], [108.6408858524103, 13.943520380845102], [108.6407, 13.94352]], [[108.64639898502674, 13.943796238502674], [108.64618867357657, 13.94397597780926], [108.64594018559549, 13.94379390957155], [108.64639898502674, 13.943796238502674]], [[108.64887, 13.94252], [108.64773635758746, 13.943105507619666], [108.64933908299658, 13.941239042586275], [108.64887, 13.94252]], [[108.65159, 13.94194], [108.64944157017413, 13.941119690430126], [108.64951, 13.94104], [108.65159, 13.94194]], [[108.65607352941177, 13.93988794117647], [108.65428363740023, 13.940453614595214], [108.65545, 13.93981], [108.65607352941177, 13.93988794117647]], [[108.65825729160586, 13.939197789917017], [108.65728072393331, 13.939506422153153], [108.6574, 13.9391], [108.65825729160586, 13.939197789917017]], [[108.70145, 13.94847], [108.69582, 13.94807], [108.69601375978701, 13.94771578288937], [108.70145, 13.94847]], [[108.6991214502232, 13.94419564621612], [108.69620223976085, 13.947371217937206], [108.6971, 13.94573], [108.6991214502232, 13.94419564621612]], [[108.70432, 13.94537], [108.69952500184587, 13.943889335948315], [108.69959, 13.94384], [108.70432, 13.94537]], [[108.72646, 13.93383], [108.7264196481307, 13.933770307885641], [108.72651212121212, 13.933689393939392], [108.72646, 13.93383]], [[108.73067, 13.93032], [108.7274580219985, 13.931460971290084], [108.72747, 13.93138], [108.73067, 13.93032]], [[108.53039014530191, 13.822082822085891], [108.53064, 13.82215], [108.53072940005505, 13.822477465370152], [108.53039014530191, 13.822082822085891]], [[108.53149462925484, 13.825280439742409], [108.53153, 13.82541], [108.53151793402243, 13.82544486782494], [108.53149462925484, 13.825280439742409]], [[108.5305257700482, 13.828311987341031], [108.53026, 13.82908], [108.52707, 13.832], [108.5305257700482, 13.828311987341031]], [[108.52769, 13.83527], [108.52633832525177, 13.835456437896308], [108.52626, 13.83538], [108.52769, 13.83527]], [[108.52553700080071, 13.838026250625564], [108.5255, 13.83807], [108.52272, 13.83889], [108.52553700080071, 13.838026250625564]], [[108.52923739983771, 13.872846931794747], [108.52927, 13.87294], [108.52673, 13.87713], [108.52923739983771, 13.872846931794747]], [[108.59831, 13.87189], [108.59838853842653, 13.871804757073646], [108.59834, 13.87628], [108.59831, 13.87189]], [[108.37280656307131, 13.905739972577702], [108.37289, 13.90581], [108.37254, 13.90812], [108.37280656307131, 13.905739972577702]], [[108.37597, 13.92474], [108.37672, 13.92129], [108.37626811188811, 13.926044239510473], [108.37597, 13.92474]], [[108.37645, 13.92684], [108.3763956234719, 13.926602102689502], [108.37651958090804, 13.926810873108268], [108.37645, 13.92684]], [[108.37817, 13.92612], [108.3802, 13.92743], [108.38023629396477, 13.927509404562526], [108.37817, 13.92612]], [[108.38188, 13.93125], [108.38150035124755, 13.930274930902003], [108.38200983782075, 13.931389594419992], [108.38188, 13.93125]], [[108.62376274456523, 14.017162119565215], [108.62381, 14.01714], [108.62809, 14.01675], [108.62376274456523, 14.017162119565215]], [[108.63568014227936, 14.015820841638982], [108.63566246346399, 14.015670244322864], [108.63575, 14.01574], [108.63568014227936, 14.015820841638982]], [[108.65323523076924, 13.985162153846154], [108.65425, 13.98364], [108.65357, 13.98522], [108.65323523076924, 13.985162153846154]], [[108.65354, 13.95973], [108.64903842416348, 13.946667896055965], [108.64939, 13.947], [108.65354, 13.95973]], [[108.57663, 13.99536], [108.57572, 13.99828], [108.57569708458135, 13.998285078552243], [108.57663, 13.99536]], [[108.70444, 14.03616], [108.70698, 14.0363], [108.70917, 14.03047], [108.70697, 14.03638], [108.70444, 14.03616]], [[108.68822, 14.02262], [108.68391, 14.01722], [108.68833245604232, 14.022665270765751], [108.68822, 14.02262]], [[108.68097, 14.01639], [108.68249, 14.01664], [108.68391, 14.01722], [108.68097, 14.01639]], [[108.66299551862794, 14.029597085952958], [108.66875, 14.02519], [108.66893171049063, 14.025170409337731], [108.66299551862794, 14.029597085952958]], [[108.18657, 14.15991], [108.18525, 14.15986], [108.18673197346986, 14.159773334884804], [108.18657, 14.15991]], [[108.24664, 14.14939], [108.24662597459181, 14.149316794210902], [108.24694654531807, 14.149453987614939], [108.24664, 14.14939]], [[108.24984, 14.14954], [108.24896, 14.1503], [108.25015, 14.15293], [108.24891394450124, 14.150278874068167], [108.24984, 14.14954]], [[108.26609, 14.164], [108.26557890168955, 14.157168974504588], [108.26577, 14.15737], [108.26609, 14.164]], [[108.26061, 14.21074], [108.26058363867685, 14.210634554707385], [108.26189, 14.21246], [108.26061, 14.21074]], [[108.26943612867963, 14.224033327086747], [108.26882817127435, 14.221987729228982], [108.26958, 14.22384], [108.26943612867963, 14.224033327086747]], [[108.26914, 14.23066], [108.26912699939089, 14.230569515760616], [108.26952033411492, 14.231036330597918], [108.26914, 14.23066]], [[108.27009, 14.2316], [108.27006708604954, 14.231577327249022], [108.27421, 14.23189], [108.27009, 14.2316]], [[108.28171, 14.23885], [108.28154609079971, 14.238773291941584], [108.28984, 14.23434], [108.28171, 14.23885]], [[108.37551, 14.17118], [108.3772287033828, 14.17228554433813], [108.37517022444938, 14.171270483706417], [108.37551, 14.17118]], [[108.37872, 14.17194], [108.3776542680712, 14.172186937885943], [108.37882860742819, 14.17145638956502], [108.37872, 14.17194]], [[108.38154, 14.1692], [108.3813929947715, 14.169224393880713], [108.38180614438329, 14.168362932988046], [108.38154, 14.1692]], [[108.38216, 14.16725], [108.38210617515027, 14.167419287833825], [108.37892, 14.16516], [108.38216, 14.16725]], [[108.3935, 14.1552], [108.390941215133, 14.15526926646933], [108.39122, 14.15502], [108.3935, 14.1552]], [[108.40132921153534, 14.162426929128186], [108.39993, 14.16114], [108.40132, 14.16239], [108.40132921153534, 14.162426929128186]], [[108.43874, 14.16453], [108.43485679272159, 14.166767279320302], [108.43483, 14.16668], [108.43874, 14.16453]], [[108.44254, 14.15469], [108.4401, 14.15659], [108.44260849127078, 14.154184469191826], [108.44254, 14.15469]], [[108.4640522018567, 14.123207193525348], [108.46361971640997, 14.12395163568777], [108.46385, 14.12329], [108.4640522018567, 14.123207193525348]], [[108.47216, 14.12207], [108.47213518385277, 14.12206966334684], [108.47278, 14.11954], [108.47216, 14.12207]], [[108.48212081120634, 14.11356042546519], [108.48115739007493, 14.113784378622931], [108.48133, 14.11358], [108.48212081120634, 14.11356042546519]], [[108.48469, 14.11652], [108.48303324470972, 14.113537840477484], [108.48335, 14.11353], [108.48469, 14.11652]], [[108.50516, 14.11525], [108.50354428258488, 14.111949178532312], [108.50361, 14.11195], [108.50516, 14.11525]], [[108.54826583958264, 14.121423628953375], [108.54595, 14.12273], [108.5482, 14.12142], [108.54826583958264, 14.121423628953375]], [[108.55211460517066, 14.121745491681637], [108.54874889830512, 14.12145025423729], [108.55201, 14.12163], [108.55211460517066, 14.121745491681637]], [[108.56172, 14.1431], [108.56170780393948, 14.142908403823501], [108.56285, 14.14447], [108.56172, 14.1431]], [[108.57064, 14.15237], [108.56944, 14.15235], [108.57130038896369, 14.152043716451098], [108.57064, 14.15237]], [[108.57622090487237, 14.149612598607893], [108.57344998426613, 14.15098164905971], [108.57413, 14.15021], [108.57622090487237, 14.149612598607893]], [[108.57655, 14.14945], [108.57643318032456, 14.14950771801223], [108.57579, 14.14552], [108.57655, 14.14945]], [[108.64740231392778, 14.161628155858512], [108.64307, 14.16023], [108.64734, 14.16156], [108.64740231392778, 14.161628155858512]], [[108.64593, 14.16385], [108.64598659340659, 14.163806105601722], [108.64585949539273, 14.164243198771356], [108.64593, 14.16385]], [[108.64567, 14.1653], [108.64568744827297, 14.165202692323833], [108.6459464495114, 14.16528958306189], [108.64567, 14.1653]], [[108.65247, 14.17091], [108.65305, 14.17004], [108.6525974330146, 14.170964392140382], [108.65247, 14.17091]], [[108.67327597948217, 14.181985486077187], [108.67181, 14.18171], [108.6732, 14.18188], [108.67327597948217, 14.181985486077187]], [[108.26291381907028, 14.145312980829495], [108.26306386749499, 14.145088609353285], [108.26309, 14.14515], [108.26291381907028, 14.145312980829495]], [[108.26091, 14.13058], [108.26286113115104, 14.129413147056736], [108.2629, 14.12947], [108.26091, 14.13058]], [[108.26156, 14.12751], [108.26267, 14.12571], [108.26268744212875, 14.125707940859801], [108.26156, 14.12751]], [[108.26427167176351, 14.12528878695209], [108.26457752818258, 14.124813533131679], [108.26443, 14.12526], [108.26427167176351, 14.12528878695209]], [[108.26453, 14.12083], [108.26517144183774, 14.118784320625608], [108.26528, 14.11907], [108.26453, 14.12083]], [[108.2649927344992, 14.118314038155802], [108.26468581395349, 14.118141395348836], [108.2649, 14.11807], [108.2649927344992, 14.118314038155802]], [[108.32459316582293, 14.0735911779232], [108.32486911627907, 14.073605209302325], [108.32462, 14.07361], [108.32459316582293, 14.0735911779232]], [[108.32656142065491, 14.073572664987406], [108.32962, 14.07209], [108.3267, 14.07357], [108.32656142065491, 14.073572664987406]], [[108.32952062941064, 14.071016797634933], [108.32952, 14.07101], [108.32953839809068, 14.070988199522699], [108.32952062941064, 14.071016797634933]], [[108.3323950022464, 14.067603319255985], [108.33244, 14.06755], [108.33246656731868, 14.067560161693317], [108.3323950022464, 14.067603319255985]], [[108.3363, 14.07091], [108.34042394988067, 14.070821206820751], [108.34039, 14.07089], [108.3363, 14.07091]], [[108.34045917239725, 14.07074983487926], [108.3401514656135, 14.069713216124198], [108.34077, 14.07012], [108.34045917239725, 14.07074983487926]], [[108.35384, 14.04792], [108.35531, 14.04516], [108.3553489985829, 14.04523300897496], [108.35384, 14.04792]], [[108.37032, 14.05603], [108.37207, 14.05682], [108.37205392827121, 14.05693049313533], [108.37032, 14.05603]], [[108.3564082960206, 14.135640930567702], [108.35788, 14.13758], [108.35638, 14.13591], [108.3564082960206, 14.135640930567702]], [[108.35816, 14.16065], [108.3590871960735, 14.163505763906366], [108.35877, 14.16321], [108.35816, 14.16065]], [[108.35933669038457, 14.163738400493719], [108.36547, 14.16403], [108.35951, 14.1639], [108.35933669038457, 14.163738400493719]], [[108.45317413631022, 14.128205370152761], [108.45319, 14.12777], [108.45330558857648, 14.12770512125062], [108.45317413631022, 14.128205370152761]], [[108.44517, 14.07096], [108.44549651864523, 14.06863595552514], [108.44562, 14.06874], [108.44517, 14.07096]], [[108.3127, 14.04673], [108.3155, 14.0447], [108.31262033631556, 14.046918757265061], [108.3127, 14.04673]], [[108.31086512384653, 14.050672574065091], [108.3107, 14.05105], [108.30706, 14.05387], [108.31086512384653, 14.050672574065091]], [[108.59094, 14.01651], [108.59098842735582, 14.016515162306966], [108.59094, 14.01729], [108.59094, 14.01651]], [[108.59036553905402, 14.08641813988884], [108.59137489267044, 14.087135063952843], [108.59126, 14.08715], [108.59036553905402, 14.08641813988884]], [[108.58467, 14.09173], [108.58587, 14.09232], [108.58437809019536, 14.091972192806281], [108.58467, 14.09173]], [[108.43949887598026, 14.212294636460454], [108.44111, 14.21322], [108.43953, 14.21238], [108.43949887598026, 14.212294636460454]], [[108.45117209888485, 14.212620300274986], [108.45293760946966, 14.21234715263328], [108.45184, 14.21281], [108.45117209888485, 14.212620300274986]], [[108.45497830987495, 14.212031429517298], [108.45544, 14.21196], [108.4574463429016, 14.213064727079152], [108.45497830987495, 14.212031429517298]], [[108.46016614478991, 14.214203433340197], [108.461, 14.21422], [108.46152250433151, 14.214771303782847], [108.46016614478991, 14.214203433340197]], [[108.51382, 14.24279], [108.51477, 14.24358], [108.51527899042524, 14.244732541537614], [108.51382, 14.24279]], [[108.64373, 14.24384], [108.65288619640751, 14.249062277435428], [108.65258, 14.24901], [108.64373, 14.24384]], [[108.48128, 14.37584], [108.48179644761547, 14.375894682688697], [108.4812711050933, 14.3758984757755], [108.48128, 14.37584]], [[108.48064395146876, 14.37926709043885], [108.48063, 14.37938], [108.47956, 14.37788], [108.48064395146876, 14.37926709043885]], [[108.51553262658227, 14.245306867088596], [108.51564, 14.24555], [108.515, 14.24797], [108.51553262658227, 14.245306867088596]], [[108.52793, 14.30386], [108.5269, 14.30123], [108.52802627856364, 14.303933068552773], [108.52793, 14.30386]], [[108.52905, 14.30471], [108.52868235194585, 14.30443098138748], [108.52913862278686, 14.304682469252601], [108.52905, 14.30471]], [[108.54074120796173, 14.31740131484887], [108.54081, 14.31746], [108.5394, 14.32035], [108.54074120796173, 14.31740131484887]], [[108.53959636648818, 14.322014439756979], [108.53961, 14.32213], [108.53686, 14.32445], [108.53959636648818, 14.322014439756979]], [[108.52538, 14.33837], [108.52408, 14.3406], [108.52367229993463, 14.340829459333273], [108.52538, 14.33837]], [[108.53787978511765, 14.516558732037], [108.53692, 14.5155], [108.53788, 14.51655], [108.53787978511765, 14.516558732037]], [[108.50552, 14.50152], [108.50624, 14.49587], [108.5055469669172, 14.501572672224215], [108.50552, 14.50152]], [[108.52624, 14.47496], [108.52698548566428, 14.47466272044062], [108.52139, 14.48134], [108.52624, 14.47496]], [[108.52865582183139, 14.472669452614536], [108.52563, 14.4695], [108.52889, 14.47239], [108.52865582183139, 14.472669452614536]], [[108.52364, 14.44981], [108.52657361457892, 14.448457553956834], [108.52659, 14.4485], [108.52364, 14.44981]], [[108.52029, 14.4372], [108.52034066133209, 14.436870701341494], [108.52293, 14.44049], [108.52029, 14.4372]], [[108.52021, 14.42839], [108.52185862119622, 14.425318461699893], [108.52189, 14.42615], [108.52021, 14.42839]], [[108.52185531415043, 14.425230824986341], [108.52019722656254, 14.42383617187504], [108.52185, 14.42509], [108.52185531415043, 14.425230824986341]], [[108.51975, 14.42346], [108.5197, 14.42241], [108.51981640582838, 14.423515855369665], [108.51975, 14.42346]], [[108.51756, 14.42119], [108.51854580738139, 14.415958388550221], [108.51863, 14.41609], [108.51756, 14.42119]], [[108.5183596918462, 14.415667449322793], [108.51377, 14.41212], [108.51776, 14.41473], [108.5183596918462, 14.415667449322793]], [[108.49964634978642, 14.3835154130424], [108.49910245485937, 14.382632437177564], [108.4993, 14.38269], [108.49964634978642, 14.3835154130424]], [[109.06845540684807, 14.500127720348928], [109.06988092947677, 14.501355482612935], [109.06948, 14.50142], [109.06845540684807, 14.500127720348928]], [[109.0683, 14.49806], [109.06839882979735, 14.500056361906568], [109.06837, 14.50002], [109.0683, 14.49806]], [[109.06627765982526, 14.495029819719889], [109.06652227678252, 14.495683655699086], [109.06634, 14.49544], [109.06627765982526, 14.495029819719889]], [[109.06634, 14.4851], [109.06552632100815, 14.48666998318299], [109.06597118082941, 14.484935328443711], [109.06634, 14.4851]], [[109.06271, 14.48296], [109.06285026061875, 14.483142884678468], [109.05813, 14.48108], [109.06271, 14.48296]], [[109.04094, 14.43052], [109.04111658062051, 14.430727214494018], [109.04086496050797, 14.430501542705588], [109.04094, 14.43052]], [[109.04505, 14.42798], [109.04494449293315, 14.42799672673011], [109.045198137754, 14.427638984901868], [109.04505, 14.42798]], [[109.05163, 14.42239], [109.04854585399833, 14.422650224818891], [109.04862, 14.42258], [109.05163, 14.42239]], [[109.05562869892748, 14.42122615040858], [109.05431876683276, 14.421285835563975], [109.05482, 14.42108], [109.05562869892748, 14.42122615040858]], [[109.05991, 14.41933], [109.0573, 14.42115], [109.05682891588997, 14.421171464264006], [109.05991, 14.41933]], [[109.06197141761078, 14.419371843539366], [109.06103447203111, 14.419307397547113], [109.0619, 14.41929], [109.06197141761078, 14.419371843539366]], [[109.08601, 14.41875], [109.07879, 14.42052], [109.08602976320824, 14.418665914300327], [109.08601, 14.41875]], [[109.08914, 14.40473], [109.09251313936136, 14.407135108242867], [109.0913945750279, 14.408224355365975], [109.09203, 14.40707], [109.08914, 14.40473]], [[109.09258, 14.40707], [109.09252662183987, 14.407121979135772], [109.09392, 14.40333], [109.09258, 14.40707]], [[109.12687562931961, 14.39449022165928], [109.12015, 14.39158], [109.12649, 14.39379], [109.12687562931961, 14.39449022165928]], [[109.12021738317756, 14.349637009345786], [109.12074562606695, 14.350057202553256], [109.12057, 14.35004], [109.12021738317756, 14.349637009345786]], [[109.11577014284028, 14.344426025262658], [109.11663101694917, 14.345538305084764], [109.11574, 14.34452], [109.11577014284028, 14.344426025262658]], [[109.13334, 14.29103], [109.10574, 14.33055], [109.11484, 14.31691], [109.13334, 14.29103]], [[109.13329, 14.28767], [109.13333016415187, 14.287646468242311], [109.13334, 14.29103], [109.13329, 14.28767]], [[109.08756, 14.31615], [109.09398, 14.31662], [109.09147, 14.31661], [109.08756, 14.31615]], [[109.08632, 14.31418], [109.08632029724276, 14.314182395427032], [109.08631435043921, 14.314180100169517], [109.08632, 14.31418]], [[109.08353654012275, 14.314229352125484], [109.08362619406292, 14.314227762516616], [109.08352, 14.31426], [109.08353654012275, 14.314229352125484]], [[109.08436, 14.31021], [109.08378, 14.3108], [109.08429272557144, 14.310166084748024], [109.08436, 14.31021]], [[109.08221, 14.30749], [109.0822, 14.3088], [109.0816646427878, 14.30725158221704], [109.08221, 14.30749]], [[109.07494, 14.29126], [109.07629, 14.29199], [109.07627758639022, 14.292017309941519], [109.07494, 14.29126]], [[109.05898, 14.2685], [109.06071, 14.26967], [109.05579, 14.26703], [109.05898, 14.2685]], [[109.0474738553279, 14.265626524880114], [109.05035, 14.26547], [109.0476, 14.26574], [109.0474738553279, 14.265626524880114]], [[109.04603, 14.26393], [109.04722669205864, 14.265404185869349], [109.04565492314481, 14.26399028020887], [109.04603, 14.26393]], [[109.04643, 14.26059], [109.04739, 14.26178], [109.04733704260782, 14.261863719406735], [109.04643, 14.26059]], [[109.04921, 14.25394], [109.04650901980715, 14.260326794318862], [109.04779, 14.25606], [109.04921, 14.25394]], [[109.09605, 14.20872], [109.09839, 14.21039], [109.09598806556063, 14.20875276305562], [109.09605, 14.20872]], [[109.08891, 14.21114], [109.08897783993703, 14.212419267383886], [109.08892, 14.21245], [109.08891, 14.21114]], [[109.07554, 14.20621], [109.07572021284926, 14.206288227442606], [109.07534562836145, 14.206369073015516], [109.07554, 14.20621]], [[109.03917, 14.15294], [109.04011, 14.1917], [109.03929, 14.15862], [109.03917, 14.15294]], [[109.03987, 14.15264], [109.04589, 14.15221], [109.03917, 14.15294], [109.03987, 14.15264]], [[109.08479, 14.16642], [109.08446314152265, 14.165983215903784], [109.08552472644558, 14.165931290554292], [109.08479, 14.16642]], [[109.11248, 14.14303], [109.11141, 14.14651], [109.1122864911673, 14.141983067597435], [109.11248, 14.14303]], [[109.11424, 14.12397], [109.11449055006837, 14.124631900926902], [109.10891, 14.11934], [109.11424, 14.12397]], [[109.1007, 14.11136], [109.09938, 14.11381], [109.10047561931593, 14.111327888983375], [109.1007, 14.11136]], [[109.0841392931176, 14.095081058832303], [109.0848, 14.09614], [109.0864932413446, 14.102244352129492], [109.08606, 14.10152], [109.0841392931176, 14.095081058832303]], [[109.08334, 14.0938], [109.08354563609964, 14.094129581145989], [109.08303056342477, 14.093693994995018], [109.08334, 14.0938]], [[109.07775284170393, 14.091642771773829], [109.07826312272611, 14.092048623191468], [109.07823, 14.09204], [109.07775284170393, 14.091642771773829]], [[109.07614, 14.09036], [109.0762143318349, 14.090419119738458], [109.07574719987278, 14.090614692319933], [109.07614, 14.09036]], [[109.07238889908257, 14.091900799475754], [109.07274022185014, 14.091873613785406], [109.07251, 14.09197], [109.07238889908257, 14.091900799475754]], [[109.06663, 14.0886], [109.06727721311512, 14.088979836065786], [109.06659877486909, 14.088592157068058], [109.06663, 14.0886]], [[109.06284141511661, 14.088022876538354], [109.06264591033477, 14.087599301422111], [109.06644064536097, 14.08855243909301], [109.06284141511661, 14.088022876538354]], [[109.06133646312516, 14.08588219120897], [109.06146881258142, 14.086093201191135], [109.06131, 14.08589], [109.06133646312516, 14.08588219120897]], [[109.08926566507658, 14.057049410312343], [109.08299, 14.06169], [109.08795, 14.05741], [109.08926566507658, 14.057049410312343]], [[109.08677, 14.04281], [109.08877, 14.04513], [109.08662281726366, 14.042786727516047], [109.08677, 14.04281]], [[109.07479897144712, 14.040503642115516], [109.07852, 14.04256], [109.07483, 14.04054], [109.07479897144712, 14.040503642115516]], [[109.03089, 14.00569], [109.03004, 14.00369], [109.0312966831872, 14.005671692718261], [109.03089, 14.00569]], [[109.02861, 14.00296], [109.02963618543608, 14.003483856900932], [109.02834146835654, 14.003043386141917], [109.02861, 14.00296]], [[109.02936, 13.99763], [109.02542, 13.99858], [109.02214, 13.99935], [109.02936, 13.99763]], [[109.0195126786517, 13.9764457564045], [109.02308, 13.97842], [109.01976, 13.97676], [109.0195126786517, 13.9764457564045]], [[109.01442035776614, 13.969361806282727], [109.01443521605117, 13.96985212968886], [109.01432, 13.96976], [109.01442035776614, 13.969361806282727]], [[109.015193515625, 13.967211269531246], [109.01488380560016, 13.967522964876762], [109.01494, 13.9673], [109.015193515625, 13.967211269531246]], [[109.01789, 13.96632], [109.01770129032258, 13.966333548387096], [109.01790280267903, 13.96626301906234], [109.01789, 13.96632]], [[109.02030828619546, 13.960439739916996], [109.02043, 13.96105], [109.0186, 13.96316], [109.02030828619546, 13.960439739916996]], [[109.02137, 13.96306], [109.02124582199619, 13.962794470438652], [109.02257502122602, 13.962924148412293], [109.02137, 13.96306]], [[109.0282, 13.96229], [109.02437563619557, 13.962721150824217], [109.03154, 13.96101], [109.0282, 13.96229]], [[109.06538, 13.93602], [109.06371602888086, 13.934266353790614], [109.06374, 13.93427], [109.06538, 13.93602]], [[109.10633, 13.93352], [109.11074, 13.92993], [109.10519, 13.93473], [109.10633, 13.93352]], [[109.11284, 13.92963], [109.11298188229325, 13.929696844241501], [109.11074, 13.92993], [109.11284, 13.92963]], [[109.10333, 13.93161], [109.10387303892216, 13.931955734780443], [109.10323501453722, 13.931611294079874], [109.10333, 13.93161]], [[109.09946, 13.93156], [109.09422083103743, 13.926409071857629], [109.09955641509434, 13.93156], [109.09946, 13.93156]], [[109.08955, 13.89521], [109.08971526410028, 13.895418345767435], [109.08914706457925, 13.89518066753642], [109.08955, 13.89521]], [[109.08694, 13.89502], [109.08750503993092, 13.895061133175048], [109.0852631191516, 13.895401678103553], [109.08694, 13.89502]], [[109.09046, 13.89346], [109.08742, 13.89371], [109.09057166177693, 13.89338028769103], [109.09046, 13.89346]], [[109.1236, 13.89581], [109.11954, 13.89479], [109.1235983018028, 13.895772639661693], [109.1236, 13.89581]], [[109.1236, 13.87461], [109.13003840909087, 13.875029545454543], [109.12347459928762, 13.87467126447017], [109.1236, 13.87461]], [[109.11738270676688, 13.876877819548861], [109.1182727771949, 13.87714392307889], [109.11822, 13.87717], [109.11738270676688, 13.876877819548861]], [[109.11469, 13.87447], [109.11636509257033, 13.87652271459486], [109.1163, 13.8765], [109.11469, 13.87447]], [[109.07971, 13.87743], [109.07974895042977, 13.877433990822723], [109.07837, 13.87918], [109.07971, 13.87743]], [[109.07803, 13.88228], [109.07739176474986, 13.88324605608315], [109.07837, 13.87918], [109.07803, 13.88228]], [[109.07541826569678, 13.885576941041348], [109.0764833005485, 13.884621140533389], [109.07583, 13.88561], [109.07541826569678, 13.885576941041348]], [[109.07092, 13.8826], [109.07504158532072, 13.885546696631591], [109.07446, 13.8855], [109.07092, 13.8826]], [[109.06388491596286, 13.882012323488423], [109.07092369300113, 13.881237238819033], [109.06799, 13.88193], [109.07092, 13.8826], [109.06388491596286, 13.882012323488423]], [[109.07286, 13.88078], [109.07235610375882, 13.880898989872149], [109.07629, 13.87665], [109.07286, 13.88078]], [[109.03152, 13.83095], [109.03127, 13.83237], [109.03098870589386, 13.830524007428405], [109.03152, 13.83095]], [[109.03041, 13.83006], [109.03071772229255, 13.830306732288621], [109.02665, 13.83095], [109.03041, 13.83006]], [[109.02393339589116, 13.828347670183232], [109.02556, 13.82901], [109.0239, 13.82844], [109.02393339589116, 13.828347670183232]], [[109.04156, 13.81031], [109.0414793336256, 13.810371709776415], [109.04206, 13.80772], [109.04156, 13.81031]], [[109.04609, 13.79616], [109.04221, 13.80164], [109.04742, 13.79355], [109.04609, 13.79616]], [[109.04699, 13.79298], [109.04714636103529, 13.792715734863675], [109.04742, 13.79355], [109.04699, 13.79298]], [[109.04892, 13.79043], [109.04791880916532, 13.791410223487343], [109.04973719845812, 13.788336971296038], [109.04892, 13.79043]], [[109.05533, 13.7867], [109.05509482289267, 13.78347242055622], [109.05563, 13.78707], [109.04999198685772, 13.787906354480093], [109.05533, 13.7867]], [[109.05606049260982, 13.78087318309741], [109.05540826293857, 13.782598239143812], [109.05601, 13.78092], [109.05606049260982, 13.78087318309741]], [[109.05769262241333, 13.77406820518678], [109.05862, 13.7785], [109.05759, 13.77417], [109.05769262241333, 13.77406820518678]], [[109.0588, 13.77304], [109.0586810055991, 13.773087792833149], [109.05878077118803, 13.772988831805423], [109.0588, 13.77304]], [[109.05876088538096, 13.770235737817341], [109.05825323700898, 13.771373127207738], [109.05823, 13.77131], [109.05876088538096, 13.770235737817341]], [[109.05908, 13.76959], [109.06091, 13.76869], [109.05903471010014, 13.769681645444432], [109.05908, 13.76959]], [[109.06157, 13.76712], [109.06114372477057, 13.7681340183488], [109.06156153897001, 13.767028832401905], [109.06157, 13.76712]], [[109.06395, 13.75859], [109.06391008673988, 13.758705797730004], [109.0630986496133, 13.757719589529998], [109.06395, 13.75859]], [[109.06280414550153, 13.75706177141626], [109.06265644819095, 13.757182144724384], [109.06263, 13.75715], [109.06280414550153, 13.75706177141626]], [[109.0672714158836, 13.754877650767218], [109.06694015452386, 13.754966315517779], [109.06715, 13.75486], [109.0672714158836, 13.754877650767218]], [[109.11469, 13.75063], [109.11168, 13.74735], [109.11164843965518, 13.74728237068968], [109.11469, 13.75063]], [[109.11505455518395, 13.752955270903007], [109.11502, 13.75289], [109.11469, 13.75063], [109.11505455518395, 13.752955270903007]], [[109.11117928100471, 13.73968817582418], [109.1121, 13.74086], [109.11104, 13.7398], [109.11117928100471, 13.73968817582418]], [[109.11351535196034, 13.736172321466125], [109.11383, 13.73756], [109.11325, 13.7364], [109.11351535196034, 13.736172321466125]], [[109.11521339948071, 13.727976580118694], [109.11552, 13.72898], [109.11515, 13.72801], [109.11521339948071, 13.727976580118694]], [[109.11636, 13.72355], [109.11633071697749, 13.723687327277991], [109.11622882845188, 13.723465915674286], [109.11636, 13.72355]], [[109.11519, 13.7228], [109.11533060691319, 13.722890132636657], [109.1104, 13.72313], [109.11519, 13.7228]], [[108.76056, 14.09186], [108.76829203924935, 14.090900835637424], [108.76796, 14.0911], [108.76056, 14.09186]], [[108.77918, 14.08437], [108.78437922032951, 14.08235436023457], [108.78357, 14.08291], [108.77918, 14.08437]], [[108.78508457273801, 14.081870039917213], [108.78585050005103, 14.081153131952236], [108.78574, 14.08142], [108.78508457273801, 14.081870039917213]], [[108.78605362613317, 14.080662563301049], [108.7868, 14.0778], [108.78721978629605, 14.077846176492566], [108.78605362613317, 14.080662563301049]], [[108.78735112219451, 14.077860623441396], [108.78768738738738, 14.077897612612611], [108.7875499706783, 14.08050246758322], [108.78735112219451, 14.077860623441396]], [[108.78740255771754, 14.083296810324805], [108.78728, 14.08562], [108.78613, 14.08819], [108.78740255771754, 14.083296810324805]], [[108.7755457939778, 14.150702627575283], [108.77443109181142, 14.151693473945395], [108.77509, 14.1509], [108.7755457939778, 14.150702627575283]], [[108.77386009144924, 14.15238108705761], [108.77183, 14.15876], [108.77367, 14.15261], [108.77386009144924, 14.15238108705761]], [[108.75984875659587, 14.1912826603007], [108.7623, 14.19924], [108.76007, 14.19272], [108.75984875659587, 14.1912826603007]], [[108.7705000343268, 14.220585580888303], [108.77046, 14.22088], [108.76884, 14.22482], [108.7705000343268, 14.220585580888303]], [[108.78794, 14.21972], [108.79005, 14.2169], [108.79043211433046, 14.216947764291309], [108.78794, 14.21972]], [[108.79084930300097, 14.216999912875123], [108.79245, 14.2172], [108.79443, 14.21863], [108.79084930300097, 14.216999912875123]], [[108.79919, 14.21741], [108.79931393723253, 14.217468095577747], [108.79443, 14.21863], [108.79919, 14.21741]], [[108.81588, 14.23005], [108.81529, 14.22875], [108.80964, 14.22859], [108.81528, 14.2287], [108.81488779618293, 14.226946182931195], [108.81588, 14.23005]], [[108.81475452951949, 14.226350254643762], [108.81475, 14.22633], [108.81492237664784, 14.226200440677962], [108.81475452951949, 14.226350254643762]], [[108.82175615077384, 14.220100873689463], [108.8236115803241, 14.217941275360484], [108.82318, 14.21883], [108.82175615077384, 14.220100873689463]], [[108.82359760832594, 14.19429114308505], [108.82357, 14.19427], [108.82555, 14.19182], [108.82359760832594, 14.19429114308505]], [[108.83992, 14.16713], [108.83812, 14.16508], [108.83814366662543, 14.164695765375573], [108.83992, 14.16713]], [[108.84248392586383, 14.158157372090374], [108.84365, 14.157], [108.84426271672676, 14.156900532998902], [108.84248392586383, 14.158157372090374]], [[108.84789926178752, 14.154381832322422], [108.84797, 14.15432], [108.84972, 14.15443], [108.84789926178752, 14.154381832322422]], [[108.85829, 14.14415], [108.86107, 14.14296], [108.86123851570964, 14.143140110827279], [108.85829, 14.14415]], [[108.86326967084759, 14.14527642797415], [108.86554, 14.14371], [108.86328, 14.14529], [108.86326967084759, 14.14527642797415]], [[108.86673528866534, 14.144057882522004], [108.86643, 14.14423], [108.86554, 14.14371], [108.86673528866534, 14.144057882522004]], [[108.86886, 14.14286], [108.86860462198393, 14.143003978552263], [108.86887170861618, 14.142834241253269], [108.86886, 14.14286]], [[108.9000132265997, 14.191050771202809], [108.90007205948608, 14.191596362969955], [108.89996, 14.19155], [108.9000132265997, 14.191050771202809]], [[108.92745, 14.19407], [108.92807222478362, 14.19539103107907], [108.92783, 14.19526], [108.92745, 14.19407]], [[108.92838070752003, 14.195557904283465], [108.93169, 14.19683], [108.93205393967865, 14.197544932886514], [108.92838070752003, 14.195557904283465]], [[108.93472563714593, 14.202203044101832], [108.9356, 14.2029], [108.93593, 14.20457], [108.93472563714593, 14.202203044101832]], [[108.93879715739453, 14.21013957873569], [108.94239, 14.21166], [108.93879, 14.21028], [108.93879715739453, 14.21013957873569]], [[108.94600960338344, 14.219334350343035], [108.94596, 14.2193], [108.94239, 14.21166], [108.94600960338344, 14.219334350343035]], [[108.94625582094224, 14.219504856002503], [108.94833, 14.22036], [108.94996, 14.22207], [108.94625582094224, 14.219504856002503]], [[108.95242120939952, 14.22201320286001], [108.95577, 14.21648], [108.95256, 14.22201], [108.95242120939952, 14.22201320286001]], [[108.970106769278, 14.216619231618347], [108.97098657789465, 14.215578987312787], [108.97029, 14.21664], [108.970106769278, 14.216619231618347]], [[108.97168924699378, 14.214508696631993], [108.97052, 14.20902], [108.9718, 14.21434], [108.97168924699378, 14.214508696631993]], [[108.98563, 14.16893], [108.98863797918696, 14.163049151802309], [108.98835, 14.16396], [108.98563, 14.16893]], [[108.99366060710051, 14.167445986216064], [108.99648, 14.16628], [108.99388, 14.16759], [108.99366060710051, 14.167445986216064]], [[109.02073, 14.16917], [109.02490474874372, 14.17002891959799], [109.0249, 14.17004], [109.02073, 14.16917]], [[109.03271, 14.16032], [109.03732, 14.15772], [109.03736929213002, 14.15774251924722], [109.03271, 14.16032]], [[108.79232, 13.90836], [108.79253028671738, 13.908385067290812], [108.7922983138712, 13.908406951521584], [108.79232, 13.90836]], [[108.81123, 13.91324], [108.80384, 13.90812], [108.81129963777454, 13.913242883772872], [108.81123, 13.91324]], [[108.84386, 13.92517], [108.83786, 13.92275], [108.83770146308613, 13.922654130819101], [108.84386, 13.92517]], [[108.85514, 13.92795], [108.85531865936474, 13.92834529463309], [108.85192, 13.92551], [108.85514, 13.92795]], [[108.90023816723448, 13.921077982060448], [108.89954, 13.92196], [108.89802383284663, 13.92256885452616], [108.90023816723448, 13.921077982060448]], [[108.91472275560048, 13.93030379316153], [108.91415, 13.93036], [108.91413605981242, 13.930315075772839], [108.91472275560048, 13.93030379316153]], [[108.98769530776813, 13.908457316548695], [108.98753, 13.90851], [108.98723715716628, 13.90845317974868], [108.98769530776813, 13.908457316548695]], [[108.99266, 13.90675], [108.99322633362033, 13.906694583106365], [108.99189943117432, 13.907117465837128], [108.99266, 13.90675]], [[108.99685, 13.90634], [109.00373, 13.90653], [108.99472515817376, 13.906547920083236], [108.99685, 13.90634]], [[109.0098, 13.90792], [109.01255924686168, 13.909659999999851], [109.00962456841663, 13.907879827034453], [109.0098, 13.90792]], [[109.01359, 13.91031], [109.01432, 13.91288], [109.01340871892073, 13.910195682907803], [109.01359, 13.91031]], [[109.01978, 13.91492], [109.02003890303095, 13.915239497357343], [109.01907123532105, 13.914655186823252], [109.01978, 13.91492]], [[109.02256685714285, 13.91747], [109.02206, 13.91747], [109.02193223084838, 13.917309044055747], [109.02256685714285, 13.91747]], [[109.03603, 13.90353], [109.03693623994326, 13.90249589947069], [109.03111, 13.91166], [109.03603, 13.90353]], [[109.04007, 13.89892], [109.04062851804572, 13.899109567134733], [109.03881348685853, 13.900353793460932], [109.04007, 13.89892]], [[109.04936506814741, 13.903475544490846], [109.04921, 13.90343], [109.0472, 13.90134], [109.04936506814741, 13.903475544490846]], [[109.07481, 13.89326], [109.07769, 13.89329], [109.07443348359966, 13.893457000841043], [109.07481, 13.89326]], [[109.0841105119454, 13.895576757679182], [109.08376, 13.89563], [109.07769, 13.89329], [109.0841105119454, 13.895576757679182]], [[108.85021, 13.57074], [108.8502202877636, 13.57061775716189], [108.85061263327698, 13.57149547856809], [108.85021, 13.57074]], [[108.85053, 13.58438], [108.85201044269866, 13.574622536758845], [108.85213, 13.57489], [108.85053, 13.58438]], [[108.83855, 13.6015], [108.83878770534706, 13.601061272229805], [108.83844327276661, 13.602850099502449], [108.83855, 13.6015]], [[108.83835, 13.60403], [108.83836207851861, 13.603877206739595], [108.84, 13.60614], [108.83835, 13.60403]], [[108.82364622041251, 13.64840689017429], [108.82525, 13.64373], [108.82367, 13.64839], [108.82364622041251, 13.64840689017429]], [[108.81926, 13.66114], [108.8194, 13.6576], [108.81928771717554, 13.661164979676723], [108.81926, 13.66114]], [[108.82651, 13.72169], [108.83171, 13.71401], [108.82655175881384, 13.72176720116843], [108.82651, 13.72169]], [[108.8277, 13.72389], [108.82697346439167, 13.722546824925772], [108.82788561417641, 13.723957616592838], [108.8277, 13.72389]], [[108.83335, 13.72864], [108.83062431440294, 13.725072699201037], [108.83073, 13.72511], [108.83335, 13.72864]], [[108.8332, 13.74309], [108.83570698055478, 13.740493838318766], [108.83571, 13.74055], [108.8332, 13.74309]], [[108.8341418888889, 13.757217925925941], [108.8341785009817, 13.75707335509795], [108.83418, 13.75708], [108.8341418888889, 13.757217925925941]], [[108.8372059943101, 13.75882214509247], [108.83686224709388, 13.758073750562646], [108.83723, 13.75821], [108.8372059943101, 13.75882214509247]], [[108.83935, 13.76349], [108.83767386300279, 13.759840772600556], [108.83802, 13.75991], [108.83935, 13.76349]], [[108.84182948913197, 13.76632775024576], [108.8458541572315, 13.766295568988678], [108.84183, 13.76641], [108.84182948913197, 13.76632775024576]], [[108.85213, 13.77002], [108.84640551400365, 13.766508103163419], [108.8475, 13.76693], [108.85213, 13.77002]], [[108.89615524128313, 13.81691880055788], [108.89134, 13.81618], [108.89464, 13.81626], [108.89615524128313, 13.81691880055788]], [[108.89842171674516, 13.818705054409612], [108.89719289217454, 13.817369953119366], [108.89786, 13.81766], [108.89842171674516, 13.818705054409612]], [[108.89879493670887, 13.81939941713276], [108.89959, 13.82365], [108.89957443880307, 13.823713870584424], [108.89879493670887, 13.81939941713276]], [[108.90354, 13.83909], [108.90229, 13.83373], [108.90317, 13.83686], [108.90354, 13.83909]], [[108.95963994278615, 13.807492698142367], [108.95943746265546, 13.80791506357257], [108.95958, 13.80753], [108.95963994278615, 13.807492698142367]], [[108.96936684210526, 13.803262255639098], [108.9689329338843, 13.803572190082644], [108.96915, 13.80327], [108.96936684210526, 13.803262255639098]], [[108.97265890693272, 13.796271449898047], [108.97232, 13.79847], [108.97247, 13.79633], [108.97265890693272, 13.796271449898047]], [[109.01371, 13.75429], [109.0090321238938, 13.753120530973451], [109.00915, 13.75306], [109.01371, 13.75429]], [[109.00823137878778, 13.638430535009562], [109.00589, 13.63586], [109.00823, 13.63842], [109.00823137878778, 13.638430535009562]], [[109.00224, 13.63407], [109.00201712665407, 13.632824841419872], [109.00227536576925, 13.634087343760813], [109.00224, 13.63407]], [[109.00212474820144, 13.632648129496397], [109.00269, 13.63172], [109.00299195298771, 13.631575949033389], [109.00212474820144, 13.632648129496397]], [[109.04466133967499, 13.59320287356322], [109.04672, 13.59095], [109.04479, 13.59317], [109.04466133967499, 13.59320287356322]], [[109.04646, 13.58588], [109.04679780157308, 13.585374220595492], [109.04672, 13.59095], [109.04646, 13.58588]], [[108.93993681947174, 13.566472021392686], [108.93994, 13.56652], [108.9396, 13.56736], [108.93993681947174, 13.566472021392686]], [[108.94965, 13.66282], [108.95241, 13.66225], [108.95254116613418, 13.662442891373802], [108.94965, 13.66282]], [[108.95297576197389, 13.66308200290278], [108.95326, 13.6635], [108.95328333408352, 13.663679265022655], [108.95297576197389, 13.66308200290278]], [[108.95377144574631, 13.667429202241463], [108.95388659695291, 13.66831385595568], [108.95384, 13.66827], [108.95377144574631, 13.667429202241463]], [[108.95811, 13.67039], [108.96259, 13.66746], [108.95813665807724, 13.670545321854982], [108.95811, 13.67039]], [[108.97950857691437, 13.790789154054645], [108.9784, 13.78919], [108.97638, 13.78244], [108.97950857691437, 13.790789154054645]], [[108.97077039136873, 13.709873647133477], [108.97069, 13.70968], [108.97072744785159, 13.70961061809094], [108.97077039136873, 13.709873647133477]], [[108.97337, 13.68468], [108.97337884934944, 13.684723099609307], [108.96774, 13.68286], [108.97337, 13.68468]], [[108.96505783705939, 13.68354544164038], [108.96504, 13.68355], [108.96222, 13.67784], [108.96505783705939, 13.68354544164038]], [[108.79596852331605, 13.8163377720208], [108.79635, 13.81433], [108.79660935542367, 13.814038704253218], [108.79596852331605, 13.8163377720208]], [[108.79736844596437, 13.813186129655788], [108.79838, 13.81205], [108.80062, 13.8112], [108.79736844596437, 13.813186129655788]], [[108.80132445367184, 13.807012414284028], [108.80134, 13.80692], [108.80302, 13.80538], [108.80132445367184, 13.807012414284028]], [[108.80451, 13.8055], [108.80482, 13.80427], [108.80528696527013, 13.804047814911799], [108.80451, 13.8055]], [[108.80603511084482, 13.80369184242061], [108.8073, 13.80309], [108.80884685922602, 13.802714425126192], [108.80603511084482, 13.80369184242061]], [[108.80965402595463, 13.802518446373156], [108.80973, 13.8025], [108.81305, 13.8041], [108.80965402595463, 13.802518446373156]], [[108.82578, 13.7943], [108.82805003145124, 13.7910084543957], [108.82806, 13.79125], [108.82578, 13.7943]], [[108.82456861231282, 13.774669637271211], [108.82452, 13.77402], [108.82574, 13.7715], [108.82456861231282, 13.774669637271211]], [[108.82782, 13.76398], [108.82844, 13.75995], [108.82855763472679, 13.759942420442862], [108.82782, 13.76398]], [[108.83232, 13.7597], [108.83380407553997, 13.758440488521991], [108.83376, 13.7586], [108.83232, 13.7597]], [[109.04990009490191, 13.889754733522366], [109.054, 13.88605], [109.04998, 13.88972], [109.04990009490191, 13.889754733522366]], [[109.06094405122236, 13.882377986030264], [109.061, 13.88233], [109.06120126126125, 13.882307837837839], [109.06094405122236, 13.882377986030264]], [[108.95838122770603, 13.826281638225682], [108.96077, 13.82257], [108.9586, 13.82622], [108.95838122770603, 13.826281638225682]], [[109.00392, 13.8423], [109.00676, 13.84246], [109.00691546223754, 13.842733553744905], [109.00392, 13.8423]], [[109.00702056968659, 13.842918502429294], [109.0078, 13.84429], [109.00811908643168, 13.846155895895668], [109.00702056968659, 13.842918502429294]], [[109.00862235285774, 13.849098806234823], [109.00885, 13.85043], [109.00855663603245, 13.851453281458229], [109.00862235285774, 13.849098806234823]], [[109.01645, 13.88347], [109.01828045625268, 13.885398199062287], [109.01788, 13.88543], [109.01645, 13.88347]], [[109.03916, 13.89206], [109.03728, 13.8923], [109.03721890169491, 13.892065789830507], [109.03761, 13.89213], [109.03916, 13.89206]], [[108.88761, 13.90441], [108.887860045986, 13.904177170294995], [108.88760514626658, 13.906312663499925], [108.88761, 13.90441]], [[108.8876, 13.90833], [108.88760062215252, 13.908086116214822], [108.88778318101502, 13.90841364829166], [108.8876, 13.90833]], [[108.89080849812777, 13.909795137569878], [108.89354, 13.9106], [108.89499929631734, 13.911708835390728], [108.89080849812777, 13.909795137569878]], [[109.01193, 13.88352], [109.00951, 13.88261], [109.01379372805582, 13.883499383539206], [109.01193, 13.88352]], [[109.00394638287696, 13.892844788951335], [109.00572, 13.89331], [109.00387, 13.89293], [109.00394638287696, 13.892844788951335]], [[109.00582, 13.89993], [109.00573967446593, 13.899945381485248], [109.00654, 13.89789], [109.00582, 13.89993]], [[108.76258, 14.04707], [108.75638209563557, 14.04536803578564], [108.75644, 14.04535], [108.76258, 14.04707]], [[108.76744, 14.04874], [108.76427, 14.0484], [108.76771979138073, 14.048640907219324], [108.76744, 14.04874]], [[108.77402, 14.04722], [108.77224, 14.04704], [108.77403201676319, 14.047208310966708], [108.77402, 14.04722]], [[108.78921, 14.03637], [108.78904268400392, 14.036529087340538], [108.78921236430283, 14.036296443911834], [108.78921, 14.03637]], [[108.79173, 14.03155], [108.79165805338745, 14.03160980747216], [108.79053, 14.03026], [108.79173, 14.03155]], [[108.79817, 14.02195], [108.7959116858088, 14.0201891118421], [108.79592, 14.02017], [108.79817, 14.02195]], [[108.86590205037282, 14.02599808947808], [108.86622520161728, 14.023408452792994], [108.86642, 14.02401], [108.86590205037282, 14.02599808947808]], [[108.8655, 14.02922], [108.86559775556394, 14.02843661637117], [108.86679, 14.03289], [108.8655, 14.02922]], [[108.86977364106988, 14.044467336065575], [108.86883, 14.04316], [108.8698, 14.04445], [108.86977364106988, 14.044467336065575]], [[108.85942642748864, 14.057255149065183], [108.86252, 14.05654], [108.86458785114218, 14.055825863511242], [108.86172, 14.05721], [108.85942642748864, 14.057255149065183]], [[108.86537561247216, 14.056595612472158], [108.86465899999997, 14.05587899999998], [108.86537, 14.05641], [108.86537561247216, 14.056595612472158]], [[108.86250408611228, 14.061697163360067], [108.86551, 14.06104], [108.86344, 14.06192], [108.86250408611228, 14.061697163360067]], [[108.86000433180814, 14.062243668349637], [108.86111652981485, 14.062000515748979], [108.86088, 14.06229], [108.86000433180814, 14.062243668349637]], [[108.8581, 14.06266], [108.85869149472983, 14.06253068536271], [108.8578889529996, 14.063446629728714], [108.8581, 14.06266]], [[108.85864, 14.07071], [108.85825614928356, 14.070064057665348], [108.86423, 14.07273], [108.85864, 14.07071]], [[108.86616, 14.12214], [108.8664707699453, 14.12260763477483], [108.86246841947715, 14.121350959888247], [108.86616, 14.12214]], [[108.86867, 14.12607], [108.86748975975975, 14.123716629400485], [108.86804, 14.12371], [108.86867, 14.12607]], [[108.88013, 14.13258], [108.8805564933713, 14.133019099086711], [108.87683211970503, 14.13145119533528], [108.88013, 14.13258]], [[108.88244, 14.13475], [108.88235046706588, 14.134639149700599], [108.88642, 14.13398], [108.88244, 14.13475]], [[108.88731, 14.13216], [108.88742616954474, 14.132230957613816], [108.88642, 14.13398], [108.88731, 14.13216]], [[108.92860967537989, 14.034006653233261], [108.92826343687975, 14.034258398916224], [108.9249, 14.02931], [108.92860967537989, 14.034006653233261]], [[108.93467, 14.03698], [108.93428145309763, 14.036789369176025], [108.93470474458601, 14.036954537361149], [108.93467, 14.03698]], [[108.95504, 14.02713], [108.95418, 14.02804], [108.95563665816326, 14.025779668367372], [108.95504, 14.02713]], [[108.95732, 14.02197], [108.95665946128476, 14.02346490340817], [108.95737, 14.01912], [108.95732, 14.02197]], [[108.96157, 14.01686], [108.95876543284552, 14.016958061788618], [108.95879, 14.01692], [108.96157, 14.01686]], [[108.99913, 14.00891], [108.993550954039, 14.006295134093412], [108.99359, 14.00628], [108.99913, 14.00891]], [[109.01895604633498, 14.006616589441698], [109.01881, 14.00686], [109.01140871761233, 14.010778648737292], [109.01895604633498, 14.006616589441698]], [[109.02603, 13.95808], [109.02599432829098, 13.958094442995625], [109.02570152791806, 13.956735518684162], [109.02603, 13.95808]], [[109.02259956863219, 13.959468935562535], [109.02034457648101, 13.960381951581862], [109.02044, 13.96023], [109.02259956863219, 13.959468935562535]], [[108.87810089903182, 13.98094085532504], [108.87853, 13.98124], [108.87860831926173, 13.98181869232278], [108.87810089903182, 13.98094085532504]], [[108.87488204502122, 13.98467338151178], [108.87657, 13.98795], [108.87487, 13.98468], [108.87488204502122, 13.98467338151178]], [[108.87635, 13.99236], [108.87533750201331, 13.99477819907503], [108.87529, 13.99475], [108.87635, 13.99236]], [[108.87812, 13.99643], [108.879, 13.99826], [108.87898889589906, 13.99827640378549], [108.87812, 13.99643]], [[108.87912477266981, 13.998856443970965], [108.87534, 14.00115], [108.87894274133333, 13.99834458666667], [108.87912477266981, 13.998856443970965]], [[108.88925875949631, 13.997085022480986], [108.88562, 13.99989], [108.885544375, 13.999845624999999], [108.88699, 13.9984], [108.88925875949631, 13.997085022480986]], [[108.8915335610766, 13.99533146682573], [108.89252, 13.99394], [108.89489974855977, 13.992736604421482], [108.8915335610766, 13.99533146682573]], [[109.01461, 13.9459], [109.02009327225636, 13.946272079188823], [109.01998, 13.94638], [109.01461, 13.9459]], [[109.02269835298567, 13.944443111485475], [109.02231103069433, 13.944159096740051], [109.02195, 13.94138], [109.02269835298567, 13.944443111485475]], [[109.02972, 13.9302], [109.02968065217637, 13.930207637388126], [109.02777092707085, 13.92329814586046], [109.02972, 13.9302]], [[109.0268, 13.91986], [109.02682223121352, 13.919938722858825], [109.02574, 13.92047], [109.0268, 13.91986]], [[108.86582, 14.00714], [108.86993, 14.00402], [108.8656907528571, 14.007360563059075], [108.86582, 14.00714]], [[108.8649, 14.00871], [108.86505407972635, 14.008447059597431], [108.86493820553412, 14.00886744038784], [108.8649, 14.00871]], [[109.02555982256098, 14.08180117215447], [109.02572, 14.08168], [109.02627138484326, 14.081738244877808], [109.02555982256098, 14.08180117215447]], [[109.02714, 14.08183], [109.02809532055582, 14.084093878294205], [109.02699502047082, 14.081814685261001], [109.02714, 14.08183]], [[109.04156, 14.09188], [109.0443639880175, 14.096004078596174], [109.04376, 14.09573], [109.04156, 14.09188]], [[109.04459371170512, 14.096108322958623], [109.04582662068968, 14.095593310344817], [109.04495, 14.09627], [109.04459371170512, 14.096108322958623]], [[109.04604390716973, 14.095425580430387], [109.04577, 14.09208], [109.04609, 14.09539], [109.04604390716973, 14.095425580430387]], [[109.0467, 14.09059], [109.04796, 14.09088], [109.04797591924238, 14.091093179419529], [109.0467, 14.09059]], [[109.0487445450559, 14.094522543301895], [109.04994557559624, 14.095740896398109], [109.04887, 14.0952], [109.0487445450559, 14.094522543301895]], [[109.05050320294941, 14.096021321714442], [109.05233, 14.09564], [109.0506, 14.09607], [109.05050320294941, 14.096021321714442]], [[109.00082, 14.09121], [109.00175, 14.09359], [109.00170817016574, 14.093723332596682], [109.00082, 14.09121]], [[109.00194, 14.10107], [109.00134, 14.09851], [109.01, 14.09572], [109.00172, 14.09886], [109.00194, 14.10107]], [[108.78805, 14.07245], [108.79165, 14.06825], [108.78804172246339, 14.072630781399456], [108.78805, 14.07245]], [[108.7997624437299, 14.065499389067524], [108.80038, 14.06529], [108.80053008827238, 14.065307477931903], [108.7997624437299, 14.065499389067524]], [[108.80579, 14.06592], [108.8081, 14.06514], [108.80820442396977, 14.065179320136766], [108.80579, 14.06592]], [[108.81006, 14.06168], [108.81189, 14.05997], [108.8119284134968, 14.06003196347975], [108.81006, 14.06168]], [[108.84474350729292, 14.071871839065079], [108.84525874605733, 14.071816826592837], [108.84517, 14.07194], [108.84474350729292, 14.071871839065079]], [[108.85265, 14.06111], [108.85894, 14.05737], [108.8590291172754, 14.05734895842109], [108.85265, 14.06111]], [[108.86923, 14.14174], [108.8689698796492, 14.14253442161192], [108.86843, 14.14032], [108.86923, 14.14174]], [[108.86978, 14.13667], [108.86983245131103, 14.136671665120986], [108.86843, 14.14032], [108.86978, 14.13667]], [[108.99766, 14.11483], [109.00025, 14.11079], [108.99748313418858, 14.1154469079502], [108.99766, 14.11483]], [[108.99641, 14.11919], [108.99683025490883, 14.117724150877999], [108.99642283321121, 14.11923800208776], [108.99641, 14.11919]], [[108.99655851004101, 14.119745495573271], [108.99785, 14.1227], [108.99772, 14.12409], [108.99655851004101, 14.119745495573271]], [[108.98563, 14.1514], [108.98789, 14.14877], [108.98567246317783, 14.151446674402083], [108.98563, 14.1514]], [[108.9904501003764, 14.15684853199498], [108.99056, 14.15697], [108.99030779093057, 14.157767711038606], [108.9904501003764, 14.15684853199498]], [[108.68176, 14.44119], [108.68532, 14.43826], [108.68158003777073, 14.441715914465018], [108.68176, 14.44119]], [[108.68536, 14.43659], [108.68559612810361, 14.436326786613922], [108.68535835077975, 14.436658854945515], [108.68536, 14.43659]], [[108.68876, 14.4328], [108.68812, 14.43407], [108.68741783284071, 14.434296121627572], [108.68876, 14.4328]], [[108.75895569435797, 14.388007269149329], [108.7582, 14.38876], [108.75603, 14.38977], [108.75895569435797, 14.388007269149329]], [[108.75948765144456, 14.381111891891893], [108.75946, 14.381], [108.76070787470512, 14.375899930523106], [108.75948765144456, 14.381111891891893]], [[108.77307085499967, 14.372727191028476], [108.77308, 14.3729], [108.76478, 14.37114], [108.77307085499967, 14.372727191028476]], [[108.77393426029437, 14.36499321462568], [108.77384, 14.36604], [108.77279, 14.36742], [108.77393426029437, 14.36499321462568]], [[108.78439, 14.39063], [108.78449171358415, 14.390820327691541], [108.78207, 14.38875], [108.78439, 14.39063]], [[108.78571, 14.3931], [108.78561349781485, 14.393487035359554], [108.78480557716105, 14.391407633021052], [108.78571, 14.3931]], [[108.78678, 14.43293], [108.78672457850456, 14.433026008984664], [108.78475, 14.42894], [108.78678, 14.43293]], [[108.78433, 14.48806], [108.78442132140056, 14.48805855808315], [108.78357, 14.4895], [108.78433, 14.48806]], [[108.8004880202365, 14.483042970864314], [108.80049, 14.48311], [108.79811, 14.48215], [108.8004880202365, 14.483042970864314]], [[108.80788, 14.47663], [108.80787, 14.47295], [108.80809396444563, 14.47285644523157], [108.80788, 14.47663]], [[108.80945, 14.47229], [108.8098462176352, 14.472668262153245], [108.80838018443218, 14.472736884984025], [108.80945, 14.47229]], [[108.81276, 14.47545], [108.81066, 14.47373], [108.81059275549367, 14.473380968990934], [108.81276, 14.47545]], [[108.85027, 14.47828], [108.85034128139634, 14.478514406130275], [108.84822, 14.48025], [108.85027, 14.47828]], [[108.85131, 14.4817], [108.85129845363971, 14.48171952168131], [108.85124538461538, 14.481487514792914], [108.85131, 14.4817]], [[108.8553, 14.49422], [108.85713, 14.49364], [108.8598382035361, 14.493255812986739], [108.8553, 14.49422]], [[108.86212628318583, 14.491600132743372], [108.86156, 14.49289], [108.86149103932323, 14.492904651389791], [108.86212628318583, 14.491600132743372]], [[108.8626, 14.4846], [108.86372, 14.48797], [108.8636109086074, 14.48821848594983], [108.8626, 14.4846]], [[108.88620796059702, 14.47044177791045], [108.88649898891478, 14.469839178846295], [108.88709147828588, 14.472496916882369], [108.88620796059702, 14.47044177791045]], [[108.88694, 14.46099], [108.88989732780462, 14.458857311679365], [108.88696605711529, 14.461343100501027], [108.88694, 14.46099]], [[108.89013, 14.45866], [108.89146, 14.45505], [108.89148129631295, 14.45503335916011], [108.89013, 14.45866]], [[108.89350068523909, 14.453455418045733], [108.89345, 14.4539], [108.89156698995914, 14.454966398543547], [108.89350068523909, 14.453455418045733]], [[108.89329722420908, 14.44914752682257], [108.8938, 14.45083], [108.89357078255291, 14.452840564464424], [108.89329722420908, 14.44914752682257]], [[108.89192, 14.4459], [108.89211207089946, 14.445181566864646], [108.89279248585409, 14.447458486182098], [108.89192, 14.4459]], [[108.89323, 14.441], [108.89343254272865, 14.44084333233383], [108.89278702459977, 14.442656930886383], [108.89323, 14.441]], [[108.94196, 14.41875], [108.94207224944431, 14.418801426305537], [108.93982, 14.42034], [108.94196, 14.41875]], [[108.99413321138385, 14.414506657925282], [108.99309, 14.41467], [108.98777, 14.41428], [108.99413321138385, 14.414506657925282]], [[108.98048485542093, 14.426295187142948], [108.98103, 14.42614], [108.98384368880272, 14.427227474551628], [108.98048485542093, 14.426295187142948]], [[108.97903, 14.42863], [108.97966, 14.42653], [108.98017152122893, 14.426384384467676], [108.97903, 14.42863]], [[108.96944, 14.43896], [108.96937775019867, 14.43904072393591], [108.96931, 14.43575], [108.96944, 14.43896]], [[108.96800193143093, 14.440824850208909], [108.96779, 14.44051], [108.96912583969116, 14.439367394981145], [108.96800193143093, 14.440824850208909]], [[108.97368852255885, 14.458902619908695], [108.97365, 14.45887], [108.97362, 14.45485], [108.97368852255885, 14.458902619908695]], [[108.97588713851145, 14.462367521800843], [108.97548, 14.46202], [108.97489, 14.45992], [108.97588713851145, 14.462367521800843]], [[108.9831103104068, 14.466378099983674], [108.98261, 14.46555], [108.97828, 14.46441], [108.98277, 14.46535], [108.98276053579646, 14.464034475708367], [108.9831103104068, 14.466378099983674]], [[108.98162, 14.45977], [108.98332500497509, 14.45643493532345], [108.98162498279969, 14.4599643291876], [108.98162, 14.45977]], [[108.98344, 14.45621], [108.98463, 14.45548], [108.98339602600959, 14.456296015058179], [108.98344, 14.45621]], [[108.98867374225757, 14.449973117063372], [108.98872, 14.45036], [108.98604, 14.45163], [108.98867374225757, 14.449973117063372]], [[108.99665, 14.44679], [108.9998, 14.4492], [108.99658299084551, 14.446829054415192], [108.99665, 14.44679]], [[108.68269434841191, 14.249061241578445], [108.67942, 14.25089], [108.68209, 14.24918], [108.68269434841191, 14.249061241578445]], [[108.68922, 14.25036], [108.68356517162181, 14.248890119113618], [108.68438, 14.24873], [108.68922, 14.25036]], [[108.69372762945677, 14.249645259599879], [108.69661548754243, 14.252087218905608], [108.6966, 14.25211], [108.69372762945677, 14.249645259599879]], [[108.72804, 14.25678], [108.72644, 14.25442], [108.72881272614273, 14.257138924619085], [108.72804, 14.25678]], [[108.74264, 14.26435], [108.74148, 14.2645], [108.74290991883295, 14.264100581331578], [108.74264, 14.26435]], [[108.74436, 14.2624], [108.74586, 14.25864], [108.74369687593422, 14.263373393124068], [108.74436, 14.2624]], [[109.03821, 14.26712], [109.03519, 14.26686], [109.03834090647106, 14.266930411317789], [109.03821, 14.26712]], [[109.04052653575859, 14.264814485324512], [109.03983861253647, 14.26497763879666], [109.03987, 14.26492], [109.04052653575859, 14.264814485324512]], [[108.9712, 14.2219], [108.97118663545703, 14.221822750004398], [108.97158973250842, 14.222143297925577], [108.9712, 14.2219]], [[108.98063853211009, 14.236996743119265], [108.97826, 14.23442], [108.98, 14.23558], [108.98063853211009, 14.236996743119265]], [[108.9815, 14.23793], [108.98132323244552, 14.237738501815981], [108.98204363132149, 14.237795029465008], [108.9815, 14.23793]], [[108.98022, 14.24147], [108.97883450065136, 14.243135029918989], [108.9815, 14.23793], [108.98022, 14.24147]], [[108.97621, 14.24826], [108.97663200953565, 14.247435924668563], [108.97621175898573, 14.248472397527431], [108.97621, 14.24826]], [[108.97034, 14.32619], [108.97035300692498, 14.326165250712185], [108.97039039441063, 14.326439042145601], [108.97034, 14.32619]], [[108.9686466689584, 14.330186544345136], [108.97093312620872, 14.330413508851601], [108.97099, 14.33083], [108.9686466689584, 14.330186544345136]], [[108.96848, 14.33017], [108.96851837641913, 14.330173809423957], [108.96626, 14.33116], [108.96848, 14.33017]], [[108.95790650220265, 14.328727348017619], [108.95703965549176, 14.332318570105576], [108.95666, 14.3323], [108.95790650220265, 14.328727348017619]], [[108.95793, 14.32863], [108.9579249407583, 14.32865095971564], [108.95785645939087, 14.328528591370558], [108.95793, 14.32863]], [[108.95698, 14.32732], [108.95708680998798, 14.327467285351853], [108.95675169619473, 14.327319675704823], [108.95698, 14.32732]], [[108.91737, 14.33391], [108.92095, 14.33435], [108.91665049842759, 14.334052842223937], [108.91737, 14.33391]], [[108.91469, 14.3363], [108.9143227899607, 14.336353355304853], [108.91624592308564, 14.334133162328586], [108.91469, 14.3363]], [[108.91252040992556, 14.335696594540947], [108.9140794295564, 14.3363887153636], [108.91352, 14.33647], [108.91252040992556, 14.335696594540947]], [[108.91201, 14.33547], [108.91204284365558, 14.335484580815711], [108.91139137931034, 14.335937999999997], [108.91201, 14.33547]], [[108.91086, 14.33634], [108.91090159325766, 14.336308533796375], [108.91101, 14.33825], [108.91086, 14.33634]], [[108.90769, 14.34052], [108.90812396331985, 14.340223284115641], [108.90757467603703, 14.341719369214937], [108.90769, 14.34052]], [[108.90754, 14.34208], [108.90755070247934, 14.341968694214877], [108.91314, 14.34369], [108.90754, 14.34208]], [[108.91872550663706, 14.349149914970004], [108.91387, 14.34581], [108.91631, 14.34695], [108.91872550663706, 14.349149914970004]], [[108.92175541008753, 14.352045438058287], [108.9215351087985, 14.351708751182592], [108.9218, 14.35195], [108.92175541008753, 14.352045438058287]], [[108.91208769196574, 14.361662409092256], [108.91390603697882, 14.360287134878506], [108.91235, 14.36167], [108.91208769196574, 14.361662409092256]], [[108.91959, 14.3683], [108.91882872469766, 14.365197803142987], [108.91908, 14.36526], [108.91959, 14.3683]], [[108.9279, 14.37996], [108.92717, 14.37747], [108.92872758322525, 14.3806707479464], [108.9279, 14.37996]], [[108.9296, 14.38142], [108.92936619900559, 14.381219206204808], [108.93798, 14.38143], [108.9296, 14.38142]], [[108.95765, 14.38532], [108.95469, 14.38532], [108.95807638758231, 14.385156406396991], [108.95765, 14.38532]], [[108.96636194152333, 14.376087142422938], [108.96174, 14.38097], [108.96631, 14.37612], [108.96636194152333, 14.376087142422938]], [[108.96980932484078, 14.374326585987266], [108.9693410095298, 14.374202620169653], [108.96944, 14.37414], [108.96980932484078, 14.374326585987266]], [[108.97139366844551, 14.375344566112156], [108.9709214388489, 14.37488843525179], [108.97136, 14.37511], [108.97139366844551, 14.375344566112156]], [[108.97821240537938, 14.385804801131233], [108.9741, 14.38494], [108.97707, 14.38509], [108.97821240537938, 14.385804801131233]], [[108.97911319865318, 14.387175319865298], [108.97865445394577, 14.38608139017836], [108.97886, 14.38621], [108.97911319865318, 14.387175319865298]], [[108.97930021629826, 14.387888324637137], [108.97859796978979, 14.390041935671281], [108.97857277046612, 14.390055663250447], [108.97930021629826, 14.387888324637137]], [[108.9897, 14.38753], [108.9846, 14.38841], [108.98971829054378, 14.387415313347155], [108.9897, 14.38753]], [[109.00602, 14.3765], [109.00586549524063, 14.376503611129602], [109.00647, 14.37509], [109.00602, 14.3765]], [[109.02378, 14.36262], [109.0237407340803, 14.362661540007705], [109.02577, 14.35694], [109.02378, 14.36262]], [[109.02670194540116, 14.355839998870758], [109.02677067784556, 14.355879452539748], [109.02577, 14.35694], [109.02670194540116, 14.355839998870758]], [[109.02704, 14.34957], [109.02777, 14.35408], [109.02755723773141, 14.354382158179753], [109.02704, 14.34957]], [[109.02906614726665, 14.345180323540353], [109.02868885714288, 14.345957428571387], [109.02903, 14.34521], [109.02906614726665, 14.345180323540353]], [[109.01524354141023, 14.291042825156799], [109.01848, 14.29614], [109.01523, 14.2911], [109.01524354141023, 14.291042825156799]], [[109.01573568046358, 14.28295286754967], [109.01613, 14.2873], [109.01568, 14.28297], [109.01573568046358, 14.28295286754967]], [[109.02173, 14.27898], [109.02155658060914, 14.279153986120898], [109.0221, 14.27618], [109.02173, 14.27898]], [[109.02555720000001, 14.271629359999986], [109.02525, 14.27251], [109.0221, 14.27618], [109.02555720000001, 14.271629359999986]], [[109.0262905493866, 14.269270438830434], [109.02638357491496, 14.269260418577124], [109.02630851808634, 14.26947558148582], [109.0262905493866, 14.269270438830434]], [[109.02863882286412, 14.267295431473228], [109.02853946353588, 14.26736095723712], [109.02862, 14.26729], [109.02863882286412, 14.267295431473228]], [[109.03152, 14.26905], [109.02950253742577, 14.267544662540768], [109.03063, 14.26787], [109.03152, 14.26905]], [[109.0088581306351, 14.24345910658012], [109.00888, 14.24346], [109.0133, 14.25059], [109.0088581306351, 14.24345910658012]], [[109.01639, 14.26024], [109.02066, 14.25962], [109.02072280636706, 14.259662944524479], [109.01639, 14.26024]], [[109.02096677969111, 14.259829763891348], [109.02183, 14.26042], [109.0232227613941, 14.262592707774795], [109.02096677969111, 14.259829763891348]], [[109.02349874449061, 14.263023241405364], [109.02358, 14.26315], [109.02372555951321, 14.265701121994788], [109.02349874449061, 14.263023241405364]], [[109.02479623369351, 14.268771589801029], [109.0238, 14.26658], [109.02379655194974, 14.266539290761568], [109.02479623369351, 14.268771589801029]], [[108.901172683714, 14.27817659880834], [108.90079126629986, 14.278861988476383], [108.90104, 14.27826], [108.901172683714, 14.27817659880834]], [[108.90712, 14.27879], [108.90403565925642, 14.27637701418168], [108.90419, 14.27628], [108.90712, 14.27879]], [[108.81745297880578, 14.238149706442137], [108.81786296744237, 14.23771379898369], [108.81796, 14.2378], [108.81745297880578, 14.238149706442137]], [[108.81087, 14.24154], [108.81470642326912, 14.240044081225292], [108.81319, 14.24109], [108.81087, 14.24154]], [[108.80522065326633, 14.323708693467335], [108.80532933194154, 14.32349133611692], [108.80533, 14.32365], [108.80522065326633, 14.323708693467335]], [[108.79276943846153, 14.344496777138751], [108.79383, 14.33964], [108.79282, 14.34447], [108.79276943846153, 14.344496777138751]], [[108.78595, 14.34721], [108.78597707886141, 14.347097816145594], [108.79032, 14.34988], [108.78595, 14.34721]], [[108.82644, 14.3534], [108.82447, 14.35175], [108.82666994620612, 14.353426610985277], [108.82644, 14.3534]], [[108.82981, 14.35379], [108.82760742923702, 14.353535103086777], [108.83017093727065, 14.353697948883996], [108.82981, 14.35379]], [[108.83768, 14.35408], [108.83279, 14.35303], [108.83815756283414, 14.353728850857248], [108.83768, 14.35408]], [[108.8418, 14.35198], [108.84139941437222, 14.35192331335456], [108.84412093558285, 14.350308926380348], [108.8418, 14.35198]], [[108.84455, 14.35], [108.8444904376013, 14.35004288492707], [108.84452, 14.34686], [108.84455, 14.35]], [[109.06037, 14.36165], [109.06511, 14.36438], [109.06585635214007, 14.3652846692607], [109.06037, 14.36165]], [[109.06839909117694, 14.366969215782559], [109.06982, 14.36748], [109.07182205293007, 14.36923690359169], [109.06839909117694, 14.366969215782559]], [[109.07369551212993, 14.370478056983066], [109.07596, 14.37149], [109.07794, 14.37329], [109.07369551212993, 14.370478056983066]], [[109.07552956698012, 14.37879530998366], [109.07537, 14.3786], [109.07794, 14.37329], [109.07552956698012, 14.37879530998366]], [[109.08608911394126, 14.385615820924494], [109.08619, 14.38572], [109.08602, 14.39309], [109.08608911394126, 14.385615820924494]], [[108.89791, 14.35761], [108.89933, 14.3593], [108.8978333440782, 14.357649840906728], [108.89791, 14.35761]], [[108.86482, 14.39216], [108.86651, 14.39187], [108.86453396311002, 14.392531580632767], [108.86482, 14.39216]], [[108.86375, 14.39355], [108.86399349643389, 14.393233682202686], [108.86377668818805, 14.393764641172087], [108.86375, 14.39355]], [[108.86385292152704, 14.394377751855796], [108.86434, 14.39697], [108.86419778736776, 14.397151353723679], [108.86385292152704, 14.394377751855796]], [[108.85711, 14.39698], [108.86067, 14.39836], [108.85707988639945, 14.396993762324238], [108.85711, 14.39698]], [[108.85269, 14.399], [108.85655583081548, 14.397233262839988], [108.8525519053233, 14.399127593180378], [108.85269, 14.399]], [[108.85006, 14.40143], [108.85222561714285, 14.399429068571425], [108.84970607879924, 14.402527811131957], [108.85006, 14.40143]], [[108.84874647670131, 14.405504354676495], [108.84853, 14.40778], [108.84682, 14.41148], [108.84874647670131, 14.405504354676495]], [[108.99732344241735, 14.414007143671602], [108.99812819684352, 14.413785771094823], [108.99788, 14.41392], [108.99732344241735, 14.414007143671602]], [[109.00057, 14.41216], [109.00116388567358, 14.412144021013267], [108.99889478832503, 14.413371185905852], [109.00057, 14.41216]], [[108.99586, 14.40833], [108.99576617104032, 14.408215714145044], [109.00116, 14.41017], [108.99586, 14.40833]], [[108.98247, 14.40269], [108.98085805248681, 14.39671399946328], [108.98097, 14.39672], [108.98247, 14.40269]], [[108.97562, 14.39662], [108.97529927110243, 14.396416041332124], [108.97898391800337, 14.396613543343564], [108.97562, 14.39662]], [[108.97356, 14.39531], [108.97355155081496, 14.395228324544593], [108.97399261840924, 14.395585111706845], [108.97356, 14.39531]], [[108.97332, 14.39299], [108.973478125, 14.392916250000003], [108.97344934131736, 14.394240299401119], [108.97332, 14.39299]], [[108.98728, 14.48742], [108.98519590201626, 14.484706740360805], [108.98527, 14.48472], [108.98728, 14.48742]], [[108.9905592432431, 14.489548972972734], [108.98990654148936, 14.48852177021277], [108.98995, 14.48854], [108.9905592432431, 14.489548972972734]], [[108.99232, 14.49232], [108.9922564461862, 14.492219980883199], [108.99467, 14.49272], [108.99232, 14.49232]], [[109.00037, 14.49855], [108.99837, 14.49492], [109.00039152454453, 14.498554760880566], [109.00037, 14.49855]], [[109.00769, 14.5061], [109.00748232006207, 14.502692161018446], [109.00773, 14.50291], [109.00769, 14.5061]], [[109.01041, 14.51464], [109.01039621278284, 14.514612790789991], [109.0113, 14.51514], [109.01041, 14.51464]], [[109.04244, 14.53362], [109.04115872981866, 14.532515136582752], [109.04124, 14.53244], [109.04244, 14.53362]], [[109.04071, 14.53293], [109.04094103204524, 14.532716404335535], [109.04052, 14.53373], [109.04071, 14.53293]], [[109.04817, 14.53961], [109.04811666498537, 14.539575300110968], [109.04866, 14.53877], [109.04817, 14.53961]], [[109.05014940803383, 14.53831866807611], [109.04962766909469, 14.538227134928892], [109.04964, 14.53816], [109.05014940803383, 14.53831866807611]], [[109.05101, 14.53972], [109.05068999727706, 14.538487048332197], [109.05086, 14.53854], [109.05101, 14.53972]], [[109.0492, 14.5407], [109.04995, 14.53948], [109.04945479130808, 14.540871707185884], [109.0492, 14.5407]], [[109.05058, 14.54163], [109.05003960334676, 14.54126581964673], [109.050745919808, 14.541430182596827], [109.05058, 14.54163]], [[109.05585, 14.53735], [109.05563228980114, 14.53748024305152], [109.05702, 14.53303], [109.05585, 14.53735]], [[109.06182727843685, 14.556719783670621], [109.06209, 14.55662], [109.06238642974124, 14.55679489354733], [109.06182727843685, 14.556719783670621]], [[108.73284, 14.58681], [108.73015005733558, 14.589163699831369], [108.73011, 14.58906], [108.73284, 14.58681]], [[108.73538, 14.5833], [108.73530501246239, 14.583308457241083], [108.73560996309965, 14.583033726937247], [108.73538, 14.5833]], [[108.73652, 14.58198], [108.73638094758064, 14.582141008064518], [108.7364, 14.57814], [108.73652, 14.58198]], [[108.73562462543714, 14.563366515737158], [108.7356353896104, 14.56375402597404], [108.73557, 14.56349], [108.73562462543714, 14.563366515737158]], [[108.73693, 14.56052], [108.73644403754696, 14.561514182728361], [108.73694290014203, 14.560386472214176], [108.73693, 14.56052]], [[108.74118571482495, 14.54457391431538], [108.74070939428418, 14.545482451643132], [108.74079, 14.54506], [108.74118571482495, 14.54457391431538]], [[108.74928, 14.53746], [108.74905043478262, 14.537454782608695], [108.74972858966916, 14.536617910621041], [108.74928, 14.53746]], [[108.75131, 14.53621], [108.74992029913409, 14.536381332983469], [108.74997, 14.53632], [108.75131, 14.53621]], [[108.76158094869993, 14.530809409697822], [108.7612943776824, 14.530602103004291], [108.76138, 14.5306], [108.76158094869993, 14.530809409697822]], [[108.76248134966939, 14.532593687281201], [108.7622443737347, 14.53150076841827], [108.76233, 14.53159], [108.76248134966939, 14.532593687281201]], [[108.76286, 14.53434], [108.76284060328057, 14.534250543487968], [108.76744, 14.5392], [108.76286, 14.53434]], [[108.76883, 14.54202], [108.768769930063, 14.541898131494738], [108.77499, 14.54184], [108.76883, 14.54202]], [[108.78128, 14.54439], [108.78119877058178, 14.544357069154776], [108.78431, 14.54375], [108.78128, 14.54439]], [[108.78795, 14.54039], [108.78805617101284, 14.540429980716134], [108.78431, 14.54375], [108.78795, 14.54039]], [[108.79633, 14.54603], [108.7962529679033, 14.54600048770321], [108.79681897637793, 14.545864645669296], [108.79633, 14.54603]], [[108.80181, 14.54061], [108.80193681742526, 14.54055918308846], [108.79825815393866, 14.545377967267118], [108.80181, 14.54061]], [[108.80469845146361, 14.539548668082162], [108.80338114940659, 14.539980425947006], [108.80463, 14.53948], [108.80469845146361, 14.539548668082162]], [[108.82287973541531, 14.544938870093256], [108.82217, 14.54595], [108.8228, 14.54489], [108.82287973541531, 14.544938870093256]], [[108.82463, 14.54721], [108.82295762164976, 14.544986606817595], [108.82373, 14.54546], [108.82463, 14.54721]], [[108.839, 14.56089], [108.83244, 14.5577], [108.83912761927769, 14.56088046261626], [108.839, 14.56089]], [[108.8551108449674, 14.55861046271267], [108.85501161831459, 14.558595338464572], [108.85284, 14.5572], [108.8551108449674, 14.55861046271267]], [[108.87181345282711, 14.558216429851718], [108.87026, 14.55839], [108.87139, 14.55812], [108.87181345282711, 14.558216429851718]], [[108.8821126046781, 14.561530552911853], [108.87891, 14.56136], [108.88196, 14.56141], [108.8821126046781, 14.561530552911853]], [[108.88547, 14.56401], [108.88536522779923, 14.56392862033462], [108.8864046031746, 14.563921957671957], [108.88547, 14.56401]], [[108.8881605986083, 14.5624790720491], [108.88685, 14.56388], [108.8867398194713, 14.563890379325166], [108.8881605986083, 14.5624790720491]], [[108.9388410062096, 14.589965279432265], [108.93543, 14.58897], [108.93884, 14.58992], [108.9388410062096, 14.589965279432265]], [[108.94939, 14.60286], [108.94872, 14.60555], [108.94943054841636, 14.60248131902686], [108.94939, 14.60286]], [[108.95183, 14.60118], [108.95187240679117, 14.601224305602717], [108.94939, 14.60286], [108.95183, 14.60118]], [[108.94998, 14.59735], [108.94994219640911, 14.597703047094573], [108.94932714590446, 14.596177721843047], [108.94998, 14.59735]], [[108.94861, 14.59489], [108.9488769172258, 14.595369282025905], [108.94648, 14.59325], [108.94861, 14.59489]], [[108.94367, 14.58181], [108.9428499192452, 14.58333159561733], [108.94283, 14.58331], [108.94367, 14.58181]], [[108.93886433526012, 14.568591329479773], [108.93916, 14.56965], [108.93886, 14.5686], [108.93886433526012, 14.568591329479773]], [[108.93986, 14.55914], [108.94081365026871, 14.554292277800744], [108.93988994263626, 14.559352519686668], [108.93986, 14.55914]], [[108.94628, 14.55093], [108.945, 14.54911], [108.94637719307248, 14.550914597819114], [108.94628, 14.55093]], [[108.94811, 14.55064], [108.94922, 14.54922], [108.94853, 14.54816], [108.94931, 14.54849], [108.94921, 14.54931], [108.94811, 14.55064]], [[108.95013, 14.54303], [108.95030078997723, 14.542759967198162], [108.94853, 14.54816], [108.95013, 14.54303]], [[108.95166674170353, 14.540673272676994], [108.95148104907436, 14.540893881868913], [108.95161, 14.54069], [108.95166674170353, 14.540673272676994]], [[108.95911, 14.53214], [108.95907266469091, 14.532210563734173], [108.95738, 14.52937], [108.95911, 14.53214]], [[108.97384203387435, 14.481727154130645], [108.97138, 14.48292], [108.97377, 14.4817], [108.97384203387435, 14.481727154130645]], [[108.97765, 14.48125], [108.97964, 14.48161], [108.98057, 14.47641], [108.97989629467746, 14.481972620973998], [108.97765, 14.48125]], [[108.98145, 14.48403], [108.98142851602022, 14.48400155143337], [108.98146127659575, 14.484031914893619], [108.98145, 14.48403]], [[109.04547, 14.47093], [109.0469, 14.47004], [109.04723858352857, 14.470135418994413], [109.04547, 14.47093]], [[109.04834444052864, 14.470447069603525], [109.0491, 14.47066], [109.04937696978396, 14.47102090002153], [109.04834444052864, 14.470447069603525]], [[108.88710494156835, 14.472557309320838], [108.88711, 14.47258], [108.88707863257639, 14.472647335402712], [108.88710494156835, 14.472557309320838]], [[108.88649731435312, 14.474636533697936], [108.89029, 14.48697], [108.88647, 14.47473], [108.88649731435312, 14.474636533697936]], [[108.88053468256024, 14.500296455040163], [108.88049, 14.50041], [108.87961, 14.49968], [108.88053468256024, 14.500296455040163]], [[108.87227, 14.49784], [108.86820209253376, 14.500065096373099], [108.8682, 14.49998], [108.87227, 14.49784]], [[108.86821137138479, 14.500442436314868], [108.86848042692401, 14.501421340510737], [108.86823, 14.5012], [108.86821137138479, 14.500442436314868]], [[108.87523663142878, 14.504545246543273], [108.87531, 14.50455], [108.876449883382, 14.505261603498585], [108.87523663142878, 14.504545246543273]], [[108.87823555782965, 14.506376359801173], [108.87877, 14.50671], [108.88127623367447, 14.509433788680937], [108.87823555782965, 14.506376359801173]], [[108.88439, 14.50994], [108.88172, 14.50988], [108.88168135733555, 14.509841144428306], [108.88439, 14.50994]], [[108.88487175131343, 14.510322259194346], [108.88623, 14.5114], [108.88624146938776, 14.511455053061226], [108.88487175131343, 14.510322259194346]], [[108.92466990739246, 14.519009068540353], [108.92486, 14.51884], [108.92509164638881, 14.519172728449389], [108.92466990739246, 14.519009068540353]], [[108.92574788092836, 14.520115319878904], [108.92596, 14.52042], [108.92582549019608, 14.520506470588238], [108.92574788092836, 14.520115319878904]], [[108.93194, 14.53245], [108.93464, 14.53067], [108.93512622756892, 14.530823194987468], [108.93194, 14.53245]], [[108.93537, 14.5309], [108.93587710579688, 14.533221570455575], [108.93527830625641, 14.530871110190372], [108.93537, 14.5309]], [[108.93639400325627, 14.535250541517422], [108.93699, 14.53602], [108.93699, 14.53759], [108.93639400325627, 14.535250541517422]], [[108.94034, 14.54559], [108.9393349321267, 14.548614509803928], [108.9391, 14.54836], [108.94034, 14.54559]], [[108.97933526610645, 14.472952745098038], [108.97932, 14.47291], [108.98177, 14.47129], [108.97933526610645, 14.472952745098038]], [[108.98314651689483, 14.466656372706076], [108.98316, 14.46676], [108.98177, 14.47129], [108.98314651689483, 14.466656372706076]], [[108.78204, 14.4893], [108.78042, 14.4903], [108.7802763336451, 14.490154559986395], [108.78204, 14.4893]], [[108.77059, 14.49384], [108.77619, 14.49076], [108.77057026241317, 14.493865644455875], [108.77059, 14.49384]], [[108.76922, 14.49562], [108.77042739829932, 14.494051263523508], [108.76875049484784, 14.497835270788375], [108.76922, 14.49562]], [[108.76851, 14.49897], [108.76862417323419, 14.498431295303519], [108.7690945646232, 14.500681334114322], [108.76851, 14.49897]], [[108.7691662154256, 14.501024063785756], [108.76918, 14.50109], [108.76799, 14.50221], [108.7691662154256, 14.501024063785756]], [[108.77233, 14.51284], [108.76871, 14.51426], [108.7687005168849, 14.514222660234323], [108.77233, 14.51284]], [[108.76776, 14.5133], [108.76839, 14.513], [108.76760700808624, 14.5134425606469], [108.76776, 14.5133]], [[108.76413, 14.51724], [108.76678, 14.51597], [108.76420342992624, 14.51729674130664], [108.76413, 14.51724]], [[108.7656986539147, 14.521321274800998], [108.76572, 14.52136], [108.76476, 14.52106], [108.7656986539147, 14.521321274800998]], [[108.76053, 14.52549], [108.76129, 14.52707], [108.76122027301281, 14.52707471128292], [108.76053, 14.52549]], [[108.75763762631934, 14.526502441050976], [108.7576, 14.52652], [108.75742111407682, 14.52622315306951], [108.75763762631934, 14.526502441050976]], [[108.756, 14.52439], [108.75606054702426, 14.524468102078634], [108.75474, 14.52644], [108.756, 14.52439]], [[108.94673, 14.60857], [108.94756679863288, 14.610138997436627], [108.94745, 14.61014], [108.94673, 14.60857]], [[108.95454153790071, 14.617198686291038], [108.95365282771834, 14.618249206450592], [108.95418, 14.61647], [108.95454153790071, 14.617198686291038]], [[108.95782, 14.6143], [108.95868, 14.61192], [108.95999, 14.60895], [108.95782, 14.6143]], [[108.99191555258, 14.58813240854753], [108.99196, 14.58809], [108.99443, 14.58901], [108.99191555258, 14.58813240854753]], [[108.99666, 14.56442], [109.00109, 14.56377], [108.99666522364167, 14.564441617840105], [108.99666, 14.56442]], [[108.95709, 14.64942], [108.95734630151595, 14.647312631979863], [108.9574, 14.64746], [108.95709, 14.64942]], [[109.1142, 14.21372], [109.11429453472358, 14.21342947865434], [109.11577, 14.21567], [109.1142, 14.21372]], [[109.15147358371358, 13.91039013242286], [109.15151, 13.91039], [109.15260748394024, 13.9114075053535], [109.15147358371358, 13.91039013242286]], [[109.15395617657163, 13.912657912691909], [109.15398, 13.91268], [109.15345, 13.91368], [109.15395617657163, 13.912657912691909]], [[109.14965093125836, 13.914910268374882], [109.15012, 13.91578], [109.14959, 13.91493], [109.14965093125836, 13.914910268374882]], [[109.14979, 13.91824], [109.14559932014107, 13.916278405172413], [109.14973, 13.91821], [109.15143, 13.91726], [109.14979, 13.91824]], [[109.16175, 13.91947], [109.16379175305666, 13.92137033293152], [109.16284, 13.92114], [109.16175, 13.91947]], [[109.16503, 13.92167], [109.16458318965518, 13.921561867816093], [109.16902, 13.92101], [109.16503, 13.92167]], [[109.17313, 13.91752], [109.17672, 13.91573], [109.17708145595087, 13.915846442185513], [109.17313, 13.91752]], [[109.1782145277612, 13.916207650149257], [109.17825728332684, 13.91618546055189], [109.17823445799098, 13.916275560561873], [109.1782145277612, 13.916207650149257]], [[109.186, 13.91952], [109.18798, 13.92001], [109.1880410604021, 13.92019393503843], [109.186, 13.91952]], [[109.17223, 13.931159999999975], [109.17227751031638, 13.931397551581846], [109.17223, 13.93138], [109.17223, 13.931159999999975]], [[109.17732, 13.94064], [109.17691689373297, 13.9376120157151], [109.1769592872829, 13.937620325414255], [109.17732, 13.94064]], [[109.17864921005385, 13.937639102333932], [109.17893835380836, 13.937537051597044], [109.17873, 13.93764], [109.17864921005385, 13.937639102333932]], [[109.18721, 13.93345], [109.1957208735201, 13.930454715355681], [109.19571, 13.93051], [109.18721, 13.93345]], [[109.21064307598002, 13.919922153514937], [109.21077, 13.91986], [109.21263, 13.92062], [109.21064307598002, 13.919922153514937]], [[109.2594, 13.9009], [109.25681, 13.89323], [109.25965, 13.90162], [109.2594, 13.9009]], [[109.1171439046538, 13.756693666907438], [109.117, 13.75663], [109.11527900452492, 13.753379230769282], [109.1171439046538, 13.756693666907438]], [[109.1344536384693, 13.774522907201824], [109.13516320544556, 13.77388632425741], [109.13448853762077, 13.774654486435054], [109.1344536384693, 13.774522907201824]], [[109.13648220200932, 13.79555785941982], [109.13597, 13.79541], [109.1314, 13.79117], [109.13648220200932, 13.79555785941982]], [[109.15300058231564, 13.801431877981027], [109.14024046001853, 13.79664277091695], [109.14259, 13.79725], [109.15300058231564, 13.801431877981027]], [[109.17167919642858, 13.814653333333348], [109.17148, 13.81433], [109.17152287348553, 13.814204405907125], [109.17167919642858, 13.814653333333348]], [[109.1786, 13.81473], [109.17217, 13.81545], [109.17202769418401, 13.815219010849404], [109.1786, 13.81473]], [[109.17961, 13.81775], [109.17955906184739, 13.817763767068271], [109.1786, 13.81473], [109.17961, 13.81775]], [[109.17826003642207, 13.818392251740761], [109.17698, 13.81878], [109.178137, 13.81835725], [109.17826003642207, 13.818392251740761]], [[109.17973083747843, 13.817865690792813], [109.17972, 13.81795], [109.17959066145521, 13.817989179194226], [109.17973083747843, 13.817865690792813]], [[109.20456, 13.78686], [109.19930769356617, 13.784270001583321], [109.20618829640937, 13.788691016042659], [109.20456, 13.78686]], [[109.20907, 13.79044], [109.20705, 13.78966], [109.20702227585105, 13.789628824250173], [109.20907, 13.79044]], [[109.22464, 13.80156], [109.22475463017751, 13.801583609467457], [109.22149, 13.80324], [109.22464, 13.80156]], [[109.1812, 13.76766], [109.17806, 13.76994], [109.18127672602077, 13.767476322556352], [109.1812, 13.76766]], [[109.17913, 13.77179], [109.17900435307779, 13.771848177353052], [109.17806, 13.76994], [109.17913, 13.77179]], [[109.18186, 13.76608], [109.18175267374188, 13.76633693255733], [109.18186204345021, 13.765888937405899], [109.18186, 13.76608]], [[109.18188, 13.76421], [109.18187327110212, 13.764839151952804], [109.18085, 13.76287], [109.18188, 13.76421]], [[109.19331, 13.69725], [109.19252435412027, 13.70073206013363], [109.1925, 13.70057], [109.19331, 13.69725]], [[109.13942405535202, 13.771553478067135], [109.13756864173229, 13.771728304274466], [109.13789, 13.77144], [109.13942405535202, 13.771553478067135]], [[109.1426, 13.77281], [109.14060150911601, 13.771640577386664], [109.14154, 13.77171], [109.1426, 13.77281]], [[109.15067, 13.77329], [109.14962779314216, 13.77322801000102], [109.15101731497576, 13.77299130912085], [109.15067, 13.77329]], [[109.17818027528808, 13.772229743918057], [109.17629754509794, 13.773101490372659], [109.17635, 13.77294], [109.17818027528808, 13.772229743918057]], [[109.20936143683399, 13.778127283604857], [109.21051, 13.77671], [109.21594, 13.77282], [109.20936143683399, 13.778127283604857]], [[109.22049, 13.76795], [109.21952, 13.76619], [109.21955330440701, 13.766037579830975], [109.22049, 13.76795]], [[109.19552, 13.78026], [109.19659155964338, 13.78108298950457], [109.19668587416348, 13.78297713944983], [109.19552, 13.78026]], [[109.19711758332267, 13.780549451201296], [109.19761, 13.78005], [109.19835185418542, 13.780322810893992], [109.19711758332267, 13.780549451201296]], [[109.20467, 13.78127], [109.20626586262846, 13.780624651162784], [109.20187131494427, 13.781092618552806], [109.20467, 13.78127]], [[109.13168, 13.8751], [109.13163847381743, 13.875098217760405], [109.13583, 13.87282], [109.13168, 13.8751]], [[109.13361827152404, 13.868758542786011], [109.13537033586881, 13.870271974711052], [109.13469, 13.87007], [109.13361827152404, 13.868758542786011]], [[109.13343823220455, 13.868538231513476], [109.13379, 13.86822], [109.13618, 13.86626], [109.13343823220455, 13.868538231513476]], [[109.1507898076923, 13.85544108974359], [109.1495, 13.85569], [109.15042, 13.8554], [109.1507898076923, 13.85544108974359]], [[109.16379, 13.86077], [109.16131, 13.86007], [109.16387922147175, 13.860634664059724], [109.16379, 13.86077]], [[109.17607963870176, 13.847181077770973], [109.17425039394371, 13.84711455977977], [109.17463, 13.84694], [109.17607963870176, 13.847181077770973]], [[109.17892745201355, 13.848204027098227], [109.17884990037841, 13.847641777743455], [109.1792, 13.8477], [109.17892745201355, 13.848204027098227]], [[109.18032, 13.859], [109.18165, 13.85765], [109.18031, 13.85907], [109.17985, 13.853], [109.18032, 13.859]], [[109.18477, 13.86468], [109.18479116958126, 13.864872038344304], [109.18031, 13.85907], [109.18477, 13.86468]], [[109.25179, 13.8404], [109.24871, 13.83491], [109.23962, 13.81753], [109.25179, 13.8404]], [[109.25307, 13.84816], [109.25295990101468, 13.848670928103756], [109.25179, 13.8404], [109.25307, 13.84816]], [[109.24768, 13.86411], [109.25235458957674, 13.851479951495437], [109.25179, 13.8541], [109.24768, 13.86411]], [[109.07264, 13.82244], [109.0740341016419, 13.825944616627572], [109.07393, 13.82592], [109.07264, 13.82244]], [[109.11078277094134, 13.842612498628357], [109.11087, 13.84263], [109.11351, 13.84596], [109.11078277094134, 13.842612498628357]], [[109.11503, 13.84675], [109.11621047345932, 13.84610539936103], [109.11607, 13.84635], [109.11503, 13.84675]], [[109.11758041406345, 13.843830281759159], [109.11762, 13.84375], [109.12118, 13.8425], [109.11758041406345, 13.843830281759159]], [[109.12253681746283, 13.840426007592534], [109.12258, 13.84036], [109.12365, 13.84091], [109.12253681746283, 13.840426007592534]], [[109.19912, 13.81725], [109.19984960296316, 13.812855010721963], [109.19998, 13.81488], [109.19912, 13.81725]], [[109.19994690021585, 13.812268910604587], [109.19996, 13.81219], [109.20142, 13.81258], [109.19994690021585, 13.812268910604587]], [[109.2061884346505, 13.816494529853934], [109.20581, 13.8165], [109.20142, 13.81258], [109.2061884346505, 13.816494529853934]], [[109.21094507528022, 13.816425774207513], [109.21349278827952, 13.81629476866763], [109.21342, 13.81639], [109.21094507528022, 13.816425774207513]], [[109.21462, 13.81482], [109.21468, 13.81193], [109.21476504834203, 13.81190936326995], [109.21462, 13.81482]], [[109.13234, 13.86724], [109.1323630927835, 13.867285773195874], [109.13111, 13.86744], [109.13234, 13.86724]], [[109.19196239081225, 13.887678833222372], [109.19201, 13.88782], [109.18996, 13.88834], [109.19196239081225, 13.887678833222372]], [[109.18047, 13.88492], [109.18045270990419, 13.885111521061283], [109.18000982307693, 13.884791872307693], [109.18047, 13.88492]], [[109.17792, 13.88421], [109.17804644628099, 13.884245206611569], [109.1778909839817, 13.88422299771167], [109.17792, 13.88421]], [[109.1736, 13.88378], [109.17475, 13.88563], [109.17348673371647, 13.883783687739463], [109.1736, 13.88378]], [[109.17145, 13.88385], [109.17245210444271, 13.883817373343726], [109.17137067766322, 13.8839120604811], [109.17145, 13.88385]], [[109.16952, 13.88536], [109.17105507514451, 13.884158982658962], [109.16904, 13.8863], [109.16952, 13.88536]], [[109.18568309271934, 13.909561350342253], [109.18569, 13.90958], [109.18427, 13.91051], [109.18568309271934, 13.909561350342253]], [[109.17953, 13.91404], [109.18047, 13.91174], [109.17955743530764, 13.914182452558947], [109.17953, 13.91404]], [[109.1797563126177, 13.915215084745721], [109.17982, 13.91537], [109.17978788505968, 13.91537901857913], [109.1797563126177, 13.915215084745721]], [[109.10626, 14.06209], [109.10743060884009, 14.062074391882133], [109.10373, 14.06355], [109.10626, 14.06209]], [[109.1086122760503, 14.061439315722785], [109.10852, 14.06164], [109.10813201761898, 14.061794706961948], [109.1086122760503, 14.061439315722785]], [[109.12164729992966, 14.055063329164394], [109.12077, 14.05448], [109.11958, 14.05201], [109.12164729992966, 14.055063329164394]], [[109.15277, 14.06649], [109.15586, 14.06909], [109.15190818519774, 14.066359496615657], [109.15277, 14.06649]], [[109.13156947331213, 13.915903124779076], [109.12906, 13.91616], [109.13148, 13.91585], [109.13156947331213, 13.915903124779076]], [[109.13171, 13.91685], [109.13160264217592, 13.915922818791952], [109.13212, 13.91623], [109.13171, 13.91685]], [[109.13685, 13.92013], [109.13596914471873, 13.91847476644948], [109.13601, 13.91847], [109.13685, 13.92013]], [[109.14015745762711, 13.92054343220339], [109.13972, 13.9206], [109.13685, 13.92013], [109.14015745762711, 13.92054343220339]], [[109.14088, 13.92045], [109.14059696972652, 13.920486598742261], [109.14178, 13.91866], [109.14088, 13.92045]], [[109.14329142104513, 13.917818590346005], [109.14308, 13.91835], [109.14178, 13.91866], [109.14329142104513, 13.917818590346005]], [[109.05901794674806, 13.941698320353606], [109.05925, 13.94195], [109.05923560616002, 13.942023863126273], [109.05901794674806, 13.941698320353606]], [[109.0589469413441, 13.944059012111143], [109.05944015706812, 13.945078324607438], [109.05893, 13.94414], [109.0589469413441, 13.944059012111143]], [[109.05947340044743, 13.945139468680091], [109.06075, 13.94494], [109.05949, 13.94517], [109.05947340044743, 13.945139468680091]], [[109.06848748854644, 13.951914077467721], [109.07176, 13.95359], [109.06846, 13.95195], [109.06848748854644, 13.951914077467721]], [[109.07236500477555, 13.954701900668578], [109.07259049069374, 13.954733468697125], [109.0725, 13.95495], [109.07236500477555, 13.954701900668578]], [[109.08404427200372, 13.955826791794317], [109.08539, 13.9578], [109.08536756472296, 13.958742281635615], [109.08404427200372, 13.955826791794317]], [[109.0853570671378, 13.959183180212014], [109.08534569502075, 13.95966080912863], [109.0850359832636, 13.959687740585775], [109.0853570671378, 13.959183180212014]], [[109.09668, 13.9601], [109.09533280617906, 13.960109012545875], [109.09833, 13.95902], [109.09668, 13.9601]], [[109.10223169928828, 13.946729838000206], [109.10222, 13.94665], [109.10279280373832, 13.94665], [109.10223169928828, 13.946729838000206]], [[109.1164, 13.94445], [109.10961, 13.94568], [109.10757448497255, 13.945969627803109], [109.10878, 13.94551], [109.1164, 13.94445]], [[109.13135, 13.94001], [109.13399, 13.94025], [109.13400152740819, 13.940268201170834], [109.13135, 13.94001]], [[109.15520341414717, 13.95097929264118], [109.1553622997433, 13.951108243269925], [109.1552, 13.95115], [109.15520341414717, 13.95097929264118]], [[109.16332, 13.95237], [109.16371312236997, 13.952586684059922], [109.16213154708626, 13.952163739576955], [109.16332, 13.95237]], [[109.1642, 13.97761], [109.1631770567621, 13.980478065153006], [109.1631, 13.98032], [109.1642, 13.97761]], [[109.17056, 14.02874], [109.17138858740515, 14.031863869757355], [109.17138858740515, 14.031863869757359], [109.17056, 14.02874]], [[109.17362, 14.03072], [109.17897, 14.0306], [109.17899163438315, 14.03062107487324], [109.17362, 14.03072]], [[109.19442312397597, 14.0360972292008], [109.19476427325581, 14.03608585755814], [109.19448, 14.03618], [109.19442312397597, 14.0360972292008]], [[109.19568257755945, 14.035781743795246], [109.19802, 14.03122], [109.19602, 14.03567], [109.19568257755945, 14.035781743795246]], [[109.22016, 13.99998], [109.22165957498251, 13.998631175941654], [109.22169, 13.99897], [109.22016, 13.99998]], [[109.22224455216782, 13.99251416591569], [109.22196648039208, 13.990609078430886], [109.22226, 13.99249], [109.22224455216782, 13.99251416591569]], [[109.22177499563402, 13.989382012838375], [109.22013, 13.98741], [109.22177, 13.98935], [109.22177499563402, 13.989382012838375]], [[109.17515747173047, 13.94723839314743], [109.17505, 13.94757], [109.17419, 13.94809], [109.17515747173047, 13.94723839314743]], [[109.1723053703165, 13.946465791872757], [109.1716, 13.94645], [109.17182037557097, 13.946047814582977], [109.1723053703165, 13.946465791872757]], [[109.17144, 13.94572], [109.17151321877336, 13.94578310127012], [109.17135020942409, 13.94580423211169], [109.17144, 13.94572]], [[109.16934, 13.94769], [109.17035988406495, 13.94673325161526], [109.16838, 13.94982], [109.16934, 13.94769]], [[109.14719, 14.03515], [109.14728961046036, 14.03522085262871], [109.14714651653983, 14.035214631153904], [109.14719, 14.03515]], [[109.14222, 14.03743], [109.138492133947, 14.044448733453853], [109.13837456485355, 14.044388406455466], [109.14222, 14.03743]], [[109.09069, 13.98969], [109.08967, 13.99207], [109.08927018298876, 13.992010666425273], [109.09069, 13.98969]], [[109.08789, 13.99141], [109.08907843869002, 13.991982211221123], [109.08653709106086, 13.991605070591225], [109.08789, 13.99141]], [[109.08550417753311, 13.991451784337105], [109.08529, 13.99142], [109.08460550812238, 13.990429671325998], [109.08550417753311, 13.991451784337105]], [[109.08371263958685, 13.989137861529908], [109.08294, 13.98802], [109.08308375217968, 13.987584636255834], [109.08371263958685, 13.989137861529908]], [[109.13804, 14.0453], [109.13594264178636, 14.044910490617466], [109.13818744456417, 14.045022395043079], [109.13804, 14.0453]], [[109.11653, 14.04592], [109.1155138913234, 14.047426336546888], [109.11553, 14.04708], [109.11653, 14.04592]], [[109.11529394928714, 14.212464621278967], [109.11442405933825, 14.213031427399505], [109.11461, 14.21246], [109.11529394928714, 14.212464621278967]], [[109.12843846499376, 14.198995898516568], [109.12472, 14.20808], [109.1284, 14.19902], [109.12843846499376, 14.198995898516568]], [[109.13164, 14.19487], [109.13162441161067, 14.195292835060542], [109.13014001897758, 14.194243794330449], [109.13164, 14.19487]], [[109.1766, 14.2138], [109.17609933566433, 14.214078146853147], [109.17687, 14.21241], [109.1766, 14.2138]], [[109.15538, 14.14455], [109.15807, 14.14556], [109.1580990020458, 14.145626271643131], [109.15538, 14.14455]], [[109.16028, 14.15061], [109.16262, 14.15173], [109.16369287833828, 14.153109415006364], [109.16028, 14.15061]], [[109.16551878604486, 14.15444661506733], [109.17003, 14.15671], [109.16637, 14.15507], [109.16551878604486, 14.15444661506733]], [[109.12715774564184, 14.19213618066561], [109.1263, 14.19153], [109.12588741060786, 14.190818796185933], [109.12715774564184, 14.19213618066561]], [[109.12518334841339, 14.189605164115898], [109.12449, 14.18841], [109.12437875980777, 14.185699252157688], [109.12518334841339, 14.189605164115898]], [[109.12432995825196, 14.184510035297706], [109.1243, 14.18378], [109.12518187063468, 14.181882641967828], [109.12432995825196, 14.184510035297706]], [[109.12528, 14.18158], [109.12526877972608, 14.181614604583103], [109.12279, 14.17748], [109.12528, 14.18158]], [[109.11761632559433, 14.23058386208814], [109.11787, 14.23096], [109.11845713123878, 14.233249273178723], [109.11761632559433, 14.23058386208814]], [[109.11889008905344, 14.23493741144686], [109.11896, 14.23521], [109.1179, 14.23806], [109.11889008905344, 14.23493741144686]], [[109.14029, 14.27259], [109.14165, 14.27407], [109.14162465861065, 14.274142158532388], [109.14029, 14.27259]]], [[[109.35575, 13.62038], [109.36206, 13.61308], [109.36345, 13.60938], [109.36164, 13.60472], [109.35571, 13.61189], [109.35165, 13.61027], [109.34763, 13.61166], [109.34071, 13.62034], [109.33758, 13.62708], [109.33887, 13.6298], [109.33799, 13.63434], [109.34402, 13.63469], [109.35176, 13.6195], [109.35575, 13.62038]]], [[[109.25232, 13.68482], [109.25578, 13.67975], [109.25557, 13.67818], [109.25195, 13.67857], [109.25051, 13.6803], [109.25232, 13.68482]]], [[[109.24122, 13.6822], [109.23825, 13.68172], [109.23781, 13.68441], [109.24057, 13.68588], [109.24122, 13.6822]]], [[[109.30074, 13.76138], [109.29593, 13.76542], [109.29618, 13.76717], [109.29863, 13.76563], [109.29948, 13.76648], [109.30089, 13.76425], [109.30074, 13.76138]]], [[[109.29576, 13.77079], [109.29685, 13.76927], [109.29629, 13.76805], [109.29576, 13.77079]]], [[[109.30462, 13.88235], [109.30462, 13.88013], [109.30314, 13.87774], [109.30195, 13.87988], [109.30286, 13.88206], [109.30462, 13.88235]]], [[[109.3057, 13.88191], [109.30407, 13.88394], [109.30519, 13.88399], [109.3057, 13.88191]]], [[[109.34803, 13.89839], [109.34933, 13.89654], [109.34857, 13.89583], [109.34803, 13.89839]]], [[[109.35115, 13.89838], [109.34979, 13.89883], [109.35066, 13.89904], [109.35115, 13.89838]]], [[[109.35247, 13.89861], [109.35185, 13.90065], [109.35276, 13.89963], [109.35247, 13.89861]]], [[[109.31732, 13.89996], [109.31681, 13.90235], [109.31762, 13.90418], [109.31875, 13.90091], [109.31732, 13.89996]]], [[[109.29421, 14.13933], [109.29934, 14.13868], [109.29985, 14.13792], [109.29222, 14.13703], [109.29421, 14.13933]]], [[[109.19952, 14.23245], [109.20062, 14.23332], [109.20214, 14.23222], [109.20124, 14.23126], [109.19952, 14.23245]]], [[[109.20897, 14.24692], [109.21039, 14.24612], [109.21037, 14.2454], [109.20897, 14.24692]]], [[[109.2096, 14.25287], [109.2099, 14.25038], [109.20741, 14.25032], [109.2096, 14.25287]]]]}}]}