{"type": "FeatureCollection", "features": [{"type": "Feature", "properties": {"other_info": "<div id=\"economy\"><span class=\"cms\">Kinh t\u1ebf: </span><p>Ph\u00e1t tri\u1ec3n kinh t\u1ebf n\u00f4ng th\u00f4n</p></div><div id=\"ethnicity\"><span class=\"cms\">D\u00e2n t\u1ed9c: </span><p>78.00%</p></div>", "dan_so": "17420", "lanh_dao": "<p>+Rmah H'B\u00e9 N\u00e9t<br> B\u00ed th\u01b0 \u0110\u1ea3ng u\u1ef7 </p><p>Ch\u1ee7 t\u1ecbch H\u0110ND</p><p> 0846832979</p><p>+Ng\u00f4 Xu\u00e2n Hi\u1ebfu<br> Ch\u1ee7 t\u1ecbch UBND </p><p>0914032929</p>", "sap_nhap": "Ayun (huy\u00ea\u0323n Ch\u01b0 S\u00ea), K\u00f4ng Htok, Al B\u00e1", "dtich_km2": "109.06", "ma_xa": 18, "tru_so": "<p>Th\u00f4n Ser D\u01a1 M\u00f3, x\u00e3 Al B\u00e1 (Tr\u1ee5 s\u1edf x\u00e3 Al B\u00e1 tr\u01b0\u1edbc \u0111\u00e2y)</p>", "url": "https://baogialai.com.vn/dia-phuong/xa-al-ba/18.html", "ten_xa": "X\u00e3 Al B\u00e1", "order": 100}, "geometry": {"type": "Polygon", "coordinates": [[[108.11836, 13.76878], [108.11826, 13.7734], [108.11754, 13.77357], [108.11295, 13.77001], [108.11107, 13.77028], [108.11129, 13.77111], [108.10921, 13.77167], [108.10884, 13.77044], [108.10758, 13.76984], [108.10502, 13.7707], [108.10159, 13.76387], [108.09866, 13.76279], [108.09894, 13.76002], [108.09776, 13.75893], [108.09819, 13.75706], [108.09647, 13.75396], [108.09494, 13.7534], [108.09507, 13.75234], [108.09333, 13.75193], [108.09703, 13.74953], [108.0995, 13.75032], [108.09913, 13.74801], [108.10034, 13.74648], [108.0987, 13.74496], [108.09865, 13.74383], [108.10074, 13.74299], [108.10233, 13.73853], [108.10365, 13.73785], [108.1012, 13.73575], [108.10058, 13.72828], [108.10144, 13.7279], [108.1008, 13.72725], [108.10174, 13.72597], [108.10061, 13.72413], [108.10388, 13.71893], [108.10448, 13.71585], [108.10391, 13.715], [108.10413, 13.71035], [108.10916, 13.70516], [108.10953, 13.70333], [108.10856, 13.69977], [108.11026, 13.69601], [108.11254, 13.69402], [108.11232, 13.69239], [108.10974, 13.69068], [108.11199, 13.6882], [108.11124, 13.6867], [108.10939, 13.68658], [108.10976, 13.68466], [108.11239, 13.68117], [108.11365, 13.68124], [108.11506, 13.67957], [108.11739, 13.68061], [108.12047, 13.67973], [108.12218, 13.68059], [108.12424, 13.67934], [108.12655, 13.67968], [108.12873, 13.67872], [108.12947, 13.67597], [108.12825, 13.67467], [108.12954, 13.67324], [108.12925, 13.67149], [108.13244, 13.66972], [108.13098, 13.66583], [108.13126, 13.66453], [108.13427, 13.66328], [108.13475, 13.66472], [108.1356, 13.66469], [108.13644, 13.65992], [108.13793, 13.65937], [108.13947, 13.6605], [108.1416, 13.65593], [108.14978, 13.65603], [108.15092, 13.65646], [108.15184, 13.65965], [108.15689, 13.65975], [108.1562, 13.65643], [108.15907, 13.65423], [108.157, 13.64586], [108.15382, 13.64481], [108.14956, 13.64109], [108.15024, 13.63995], [108.14983, 13.63679], [108.15197, 13.63274], [108.15427, 13.63172], [108.15779, 13.6327], [108.16221, 13.63108], [108.16538, 13.63258], [108.16701, 13.63495], [108.16808, 13.63501], [108.16831, 13.6338], [108.17042, 13.63424], [108.17305, 13.63352], [108.17296, 13.63418], [108.17414, 13.63409], [108.1761, 13.63629], [108.17886, 13.63628], [108.18209, 13.63818], [108.18301, 13.64013], [108.18024, 13.64143], [108.1806, 13.64329], [108.17988, 13.64457], [108.18468, 13.64749], [108.18369, 13.64922], [108.18851, 13.65902], [108.18866, 13.66135], [108.19633, 13.67656], [108.18278, 13.68171], [108.18341, 13.68647], [108.18274, 13.6926], [108.18365, 13.71458], [108.18586, 13.72497], [108.1877, 13.74279], [108.19014, 13.75021], [108.18354, 13.75044], [108.18076, 13.74931], [108.17757, 13.74999], [108.17707, 13.75079], [108.17508, 13.75049], [108.16953, 13.75408], [108.16901, 13.75631], [108.17335, 13.75771], [108.17389, 13.76155], [108.17676, 13.76439], [108.17619, 13.76825], [108.1751, 13.76976], [108.17193, 13.77048], [108.16961, 13.77006], [108.16831, 13.76894], [108.16658, 13.76913], [108.16605, 13.76805], [108.16104, 13.76664], [108.16095, 13.76572], [108.15879, 13.76687], [108.15749, 13.76637], [108.15704, 13.76833], [108.15187, 13.77002], [108.14816, 13.7691], [108.14283, 13.76995], [108.14173, 13.76922], [108.13942, 13.77151], [108.13523, 13.77078], [108.12877, 13.77148], [108.12667, 13.77048], [108.12092, 13.77153], [108.1204, 13.76926], [108.11836, 13.76878]]]}}, {"type": "Feature", "properties": {"other_info": "<div id=\"economy\"><span class=\"cms\">Kinh t\u1ebf: </span><p>+Ph\u00e1t tri\u1ec3n kinh t\u1ebf \u0111\u00f4 th\u1ecb</p><p>+CCN th\u1ecb x\u00e3 An Kh\u00ea (50,7ha)</p></div>", "dan_so": "30851", "lanh_dao": "<p>+B\u00f9i V\u0103n Kh\u00e1nh<br> B\u00ed th\u01b0 \u0110\u1ea3ng u\u1ef7 </p><p>Ch\u1ee7 t\u1ecbch H\u0110ND </p><p>0968224855</p><p>+Nguy\u1ec5n Th\u1ecb Ch\u00e2u<br> Ch\u1ee7 t\u1ecbch UBND </p><p>0914234525</p>", "sap_nhap": "An B\u00ecnh, T\u00e2n An, C\u01b0 An", "dtich_km2": "73.13", "ma_xa": 19, "tru_so": "<p>S\u1ed1 1610 \u0111\u01b0\u1eddng Quang Trung, ph\u01b0\u1eddng An B\u00ecnh</p>", "url": "https://baogialai.com.vn/dia-phuong/phuong-an-binh/19.html", "ten_xa": "Ph\u01b0\u1eddng An B\u00ecnh", "order": 100}, "geometry": {"type": "Polygon", "coordinates": [[[108.6203, 14.01772], [108.6191, 14.01923], [108.61908, 14.01611], [108.61791, 14.01594], [108.61668, 14.01423], [108.60977, 14.01295], [108.60584, 14.00892], [108.60481, 14.00993], [108.60539, 14.01152], [108.60201, 14.01372], [108.60168, 14.01602], [108.59924, 14.01608], [108.59779, 14.01773], [108.59782, 14.0192], [108.59627, 14.01874], [108.59493, 14.01772], [108.59516, 14.01556], [108.59435, 14.01419], [108.59318, 14.01466], [108.59369, 14.01305], [108.59239, 14.013], [108.59274, 14.01095], [108.59189, 14.0104], [108.59257, 14.009], [108.59038, 14.00722], [108.58982, 14.0028], [108.58738, 13.99955], [108.58591, 13.99922], [108.58409, 13.99943], [108.58381, 14.00102], [108.58318, 14.00096], [108.58281, 14.00446], [108.58136, 14.00645], [108.58152, 14.00934], [108.57999, 14.00978], [108.58051, 14.01164], [108.57947, 14.0122], [108.58045, 14.01376], [108.57849, 14.01457], [108.57801, 14.01289], [108.57501, 14.01204], [108.57409, 14.00981], [108.5733, 14.01002], [108.57329, 14.00871], [108.57108, 14.00831], [108.57112, 14.00704], [108.56877, 14.00609], [108.5643, 14.00917], [108.56191, 14.0092], [108.55723, 14.00835], [108.55672, 14.00713], [108.55427, 14.00581], [108.55635, 14.00636], [108.5586, 14.00513], [108.56196, 14.00553], [108.56342, 14.00462], [108.56402, 14.00572], [108.5645, 14.00448], [108.56778, 14.00463], [108.56889, 14.00413], [108.57017, 13.99951], [108.57572, 13.99828], [108.57663, 13.99536], [108.57545, 13.99334], [108.57678, 13.99128], [108.57611, 13.98785], [108.577, 13.98586], [108.57596, 13.98324], [108.57796, 13.981], [108.57743, 13.97841], [108.57518, 13.9772], [108.5744, 13.97228], [108.57282, 13.97038], [108.57076, 13.96911], [108.5694, 13.97048], [108.56819, 13.96867], [108.56344, 13.96785], [108.56207, 13.96636], [108.56441, 13.96219], [108.56585, 13.96125], [108.56625, 13.95947], [108.57081, 13.95827], [108.57091, 13.95441], [108.57231, 13.95303], [108.57121, 13.95071], [108.57322, 13.95076], [108.5762, 13.94951], [108.57478, 13.94747], [108.57947, 13.94778], [108.58199, 13.94617], [108.58224, 13.94512], [108.58373, 13.94532], [108.58404, 13.94412], [108.58568, 13.94375], [108.58719, 13.94158], [108.58501, 13.93436], [108.58785, 13.9301], [108.58673, 13.92852], [108.58421, 13.92745], [108.58465, 13.92479], [108.58365, 13.92368], [108.58844, 13.92356], [108.58952, 13.92226], [108.58789, 13.91922], [108.58923, 13.91528], [108.61821, 13.92352], [108.62351, 13.92272], [108.62514, 13.92333], [108.62629, 13.92538], [108.62644, 13.93072], [108.63049, 13.93598], [108.6407, 13.94352], [108.64558, 13.94353], [108.64876, 13.94586], [108.65354, 13.95973], [108.65391, 13.96352], [108.66104, 13.96911], [108.66093, 13.97543], [108.66295, 13.97781], [108.66192, 13.9786], [108.6616, 13.98058], [108.65785, 13.98419], [108.65577, 13.98345], [108.6546, 13.98439], [108.65425, 13.98364], [108.65317, 13.98526], [108.65085, 13.98475], [108.65094, 13.98395], [108.64865, 13.98445], [108.64848, 13.9834], [108.64662, 13.98344], [108.64558, 13.98277], [108.64568, 13.98194], [108.64337, 13.98142], [108.64112, 13.98289], [108.63658, 13.98309], [108.63315, 13.98208], [108.6301, 13.98366], [108.63556, 13.99849], [108.63463, 13.9999], [108.6321, 13.99889], [108.62921, 14.00176], [108.62958, 14.00315], [108.63649, 14.00837], [108.63583, 14.01208], [108.6334, 14.01359], [108.63543, 14.01369], [108.6357, 14.01599], [108.63416, 14.01758], [108.62809, 14.01675], [108.62381, 14.01714], [108.62146, 14.01824], [108.6203, 14.01772]]]}}, {"type": "Feature", "properties": {"other_info": "<div id=\"economy\"><span class=\"cms\">Kinh t\u1ebf: </span><p>+Ph\u00e1t tri\u1ec3n kinh t\u1ebf n\u00f4ng th\u00f4n</p><p>+CCN G\u00f2 B\u1eb1ng (10,0ha)</p></div>", "dan_so": "22390", "lanh_dao": "<p>+Nguy\u1ec5n Vi\u1ec7t H\u00e0<br> B\u00ed th\u01b0 \u0110\u1ea3ng u\u1ef7 </p><p>Ch\u1ee7 t\u1ecbch H\u0110ND </p><p>0914036345</p><p>+V\u00f5 Duy T\u00edn<br> Ch\u1ee7 t\u1ecbch UBND </p><p>0988858957<br></p>", "sap_nhap": "\u00c2n H\u1ea3o T\u00e2y, \u00c2n H\u1ea3o \u0110\u00f4ng, \u00c2n M\u1ef9", "dtich_km2": "95.46", "ma_xa": 20, "tru_so": "<p>Th\u00f4n V\u1ea1n H\u00f2a, x\u00e3 \u00c2n H\u1ea3o (Tr\u1ee5 s\u1edf x\u00e3 \u00c2n H\u1ea3o \u0110\u00f4ng tr\u01b0\u1edbc \u0111\u00e2y)</p>", "url": "https://baogialai.com.vn/dia-phuong/xa-an-hao/20.html", "ten_xa": "X\u00e3 \u00c2n H\u1ea3o", "order": 100}, "geometry": {"type": "Polygon", "coordinates": [[[108.94922, 14.54922], [108.94811, 14.55064], [108.94645, 14.55101], [108.945, 14.54911], [108.94216, 14.54872], [108.94018, 14.54953], [108.93926, 14.54884], [108.94034, 14.54559], [108.9391, 14.54367], [108.93963, 14.54084], [108.93699, 14.53759], [108.93699, 14.53602], [108.93565, 14.53429], [108.93609, 14.53222], [108.93537, 14.5309], [108.93464, 14.53067], [108.93194, 14.53245], [108.92913, 14.52881], [108.92665, 14.52929], [108.92575, 14.52752], [108.92661, 14.52492], [108.92237, 14.52439], [108.92218, 14.52285], [108.92596, 14.52042], [108.92486, 14.51884], [108.92269, 14.52077], [108.91948, 14.51816], [108.90981, 14.51752], [108.90214, 14.51816], [108.90114, 14.51709], [108.89798, 14.51963], [108.89593, 14.51918], [108.89277, 14.51995], [108.88678, 14.51404], [108.88623, 14.5114], [108.88439, 14.50994], [108.88165, 14.50984], [108.87877, 14.50671], [108.87531, 14.50455], [108.87176, 14.50432], [108.86859, 14.50182], [108.86812, 14.50011], [108.87227, 14.49784], [108.87395, 14.49949], [108.87961, 14.49968], [108.88049, 14.50041], [108.8845, 14.49022], [108.88667, 14.48942], [108.88736, 14.48781], [108.89029, 14.48697], [108.88636, 14.47419], [108.88711, 14.47258], [108.88641, 14.46944], [108.88743, 14.46763], [108.88684, 14.46145], [108.89013, 14.45866], [108.89149, 14.45501], [108.89345, 14.4539], [108.8938, 14.45083], [108.89201, 14.44484], [108.89369, 14.44012], [108.89557, 14.43919], [108.89621, 14.43702], [108.89787, 14.43681], [108.90051, 14.43437], [108.90159, 14.43635], [108.90573, 14.43608], [108.90803, 14.43686], [108.9116, 14.43547], [108.91757, 14.43845], [108.92114, 14.43851], [108.92601, 14.43447], [108.93012, 14.43345], [108.93469, 14.43027], [108.93982, 14.42034], [108.94225, 14.41868], [108.94853, 14.42176], [108.95112, 14.42575], [108.95413, 14.42402], [108.95553, 14.42487], [108.95609, 14.42383], [108.95752, 14.42468], [108.95904, 14.42162], [108.96037, 14.42094], [108.95785, 14.41551], [108.95985, 14.41271], [108.96129, 14.413], [108.96413, 14.41554], [108.96239, 14.41709], [108.96219, 14.42091], [108.96391, 14.42485], [108.96675, 14.42311], [108.97725, 14.42063], [108.9848, 14.41491], [108.98777, 14.41428], [108.99309, 14.41467], [108.99309, 14.41752], [108.99525, 14.41799], [108.99754, 14.42065], [108.99161, 14.42406], [108.99001, 14.42393], [108.99131, 14.42547], [108.99059, 14.4291], [108.98799, 14.42883], [108.98103, 14.42614], [108.97966, 14.42653], [108.97903, 14.42863], [108.97683, 14.42889], [108.9756, 14.42825], [108.97536, 14.43125], [108.97423, 14.43208], [108.97417, 14.43353], [108.97041, 14.43457], [108.96931, 14.43575], [108.96938, 14.43915], [108.96779, 14.44051], [108.97092, 14.44516], [108.97169, 14.44926], [108.97269, 14.45074], [108.97227, 14.45205], [108.97362, 14.45485], [108.97365, 14.45887], [108.97489, 14.45992], [108.97548, 14.46202], [108.97828, 14.46441], [108.98261, 14.46555], [108.98319, 14.46651], [108.98177, 14.47129], [108.97932, 14.47291], [108.98057, 14.47641], [108.97964, 14.48161], [108.97765, 14.48125], [108.97568, 14.48242], [108.97377, 14.4817], [108.97138, 14.48292], [108.96966, 14.48568], [108.96727, 14.48599], [108.96593, 14.4872], [108.9657, 14.48926], [108.96379, 14.49197], [108.96119, 14.49356], [108.95805, 14.48958], [108.95398, 14.48979], [108.95262, 14.48882], [108.95096, 14.48965], [108.94859, 14.49703], [108.94643, 14.50022], [108.94817, 14.50303], [108.94972, 14.50357], [108.95153, 14.5063], [108.95484, 14.50914], [108.95414, 14.51147], [108.95537, 14.51523], [108.95508, 14.5167], [108.95715, 14.52149], [108.95641, 14.52459], [108.95813, 14.52715], [108.95738, 14.52937], [108.95912, 14.53229], [108.95811, 14.53403], [108.95766, 14.53793], [108.95915, 14.54136], [108.95656, 14.53921], [108.95348, 14.53868], [108.95334, 14.54018], [108.95161, 14.54069], [108.95013, 14.54303], [108.94853, 14.54816], [108.94922, 14.54922]]]}}, {"type": "Feature", "properties": {"other_info": "<div id=\"economy\"><span class=\"cms\">Kinh t\u1ebf: </span><p>+Ph\u00e1t tri\u1ec3n kinh t\u1ebf n\u00f4ng th\u00f4n</p></div>", "dan_so": "14182", "lanh_dao": "<p>+Ch\u00e2u V\u0103n Hi\u1ebfu<br> B\u00ed th\u01b0 \u0110\u1ea3ng u\u1ef7 </p><p>Ch\u1ee7 t\u1ecbch H\u0110ND </p><p>0846709367</p><p>+Hu\u1ef3nh T\u00e2n<br> Ch\u1ee7 t\u1ecbch UBND </p><p>0977478355<br></p>", "sap_nhap": "An H\u00f2a, An Quang, An Ngh\u0129a (1 ph\u1ea7n)", "dtich_km2": "101.48", "ma_xa": 21, "tru_so": "<p>Th\u00f4n Xu\u00e2n Phong B\u1eafc, x\u00e3 An H\u00f2a (Tr\u1ee5 s\u1edf x\u00e3 An H\u00f2a tr\u01b0\u1edbc \u0111\u00e2y)</p>", "url": "https://baogialai.com.vn/dia-phuong/xa-an-hoa/21.html", "ten_xa": "X\u00e3 An H\u00f2a", "order": 100}, "geometry": {"type": "Polygon", "coordinates": [[[108.94907, 14.59554], [108.95032, 14.59864], [108.94872, 14.60555], [108.94971, 14.60787], [108.94673, 14.60857], [108.94772, 14.60746], [108.94775, 14.60554], [108.94568, 14.6], [108.94571, 14.597], [108.94413, 14.59544], [108.94257, 14.59545], [108.93888, 14.59172], [108.93884, 14.58992], [108.93543, 14.58897], [108.93311, 14.58662], [108.9288, 14.58536], [108.92627, 14.58572], [108.92477, 14.58489], [108.91866, 14.5857], [108.91653, 14.58854], [108.91339, 14.58775], [108.91359, 14.58643], [108.91199, 14.58251], [108.90436, 14.57373], [108.89559, 14.56979], [108.89433, 14.5661], [108.89589, 14.56335], [108.89711, 14.5557], [108.89313, 14.55645], [108.88895, 14.5558], [108.88865, 14.55876], [108.88756, 14.55973], [108.88613, 14.5597], [108.88706, 14.56207], [108.88821, 14.56243], [108.88671, 14.56392], [108.88515, 14.56393], [108.88196, 14.56141], [108.87891, 14.56136], [108.87543, 14.55904], [108.87139, 14.55812], [108.87026, 14.55839], [108.86897, 14.56008], [108.86464, 14.55925], [108.86064, 14.56013], [108.85606, 14.5592], [108.85284, 14.5572], [108.84862, 14.55981], [108.84356, 14.55941], [108.84181, 14.56068], [108.8394, 14.56101], [108.83244, 14.5577], [108.83112, 14.55335], [108.82943, 14.55154], [108.82639, 14.55034], [108.82626, 14.54775], [108.82463, 14.54721], [108.82373, 14.54546], [108.8228, 14.54489], [108.82217, 14.54595], [108.81989, 14.54652], [108.81503, 14.54223], [108.81223, 14.54299], [108.80779, 14.54265], [108.80463, 14.53948], [108.80181, 14.54061], [108.79813, 14.54555], [108.79613, 14.54603], [108.79479, 14.54544], [108.79273, 14.54219], [108.78795, 14.54039], [108.78431, 14.54375], [108.78103, 14.54439], [108.77499, 14.54184], [108.76857, 14.5419], [108.76744, 14.5392], [108.76271, 14.53411], [108.76233, 14.53159], [108.76138, 14.5306], [108.75853, 14.53067], [108.75803, 14.53191], [108.75626, 14.53213], [108.75309, 14.53452], [108.75087, 14.53324], [108.75383, 14.53119], [108.75537, 14.52798], [108.75474, 14.52644], [108.75622, 14.52423], [108.7576, 14.52652], [108.7585, 14.5261], [108.75981, 14.52717], [108.76129, 14.52707], [108.76053, 14.52549], [108.76242, 14.52258], [108.76444, 14.52197], [108.76476, 14.52106], [108.76572, 14.52136], [108.76459, 14.51931], [108.76567, 14.51843], [108.7641, 14.51735], [108.76678, 14.51597], [108.766, 14.51494], [108.76678, 14.51391], [108.76839, 14.513], [108.76871, 14.51426], [108.77233, 14.51284], [108.77183, 14.51211], [108.77239, 14.50911], [108.76888, 14.50605], [108.76799, 14.50221], [108.76918, 14.50109], [108.76858, 14.49822], [108.77049, 14.49391], [108.77619, 14.49076], [108.77799, 14.48784], [108.78042, 14.4903], [108.78204, 14.4893], [108.78357, 14.4895], [108.78445, 14.48801], [108.78623, 14.48803], [108.78903, 14.48542], [108.78919, 14.48248], [108.79182, 14.4814], [108.79215, 14.48047], [108.79309, 14.48104], [108.79512, 14.48033], [108.79654, 14.4807], [108.7982, 14.47923], [108.79811, 14.48215], [108.80049, 14.48311], [108.80042, 14.48074], [108.80134, 14.48094], [108.80399, 14.47827], [108.80557, 14.47866], [108.80788, 14.47663], [108.8081, 14.47275], [108.81045, 14.47264], [108.81066, 14.47373], [108.81276, 14.47545], [108.81302, 14.47801], [108.81448, 14.47969], [108.81535, 14.48551], [108.81683, 14.48869], [108.81936, 14.48691], [108.82143, 14.48862], [108.82273, 14.48634], [108.82456, 14.48582], [108.82303, 14.48858], [108.82743, 14.49011], [108.83313, 14.49367], [108.83288, 14.49177], [108.83422, 14.48996], [108.83455, 14.4867], [108.83758, 14.48585], [108.8398, 14.48355], [108.8409, 14.48046], [108.84822, 14.48025], [108.85053, 14.47836], [108.85131, 14.48177], [108.85034, 14.48334], [108.85127, 14.48378], [108.85211, 14.48607], [108.85126, 14.48907], [108.85254, 14.49035], [108.85246, 14.49322], [108.8553, 14.49422], [108.86156, 14.49289], [108.86372, 14.48797], [108.8626, 14.4846], [108.86386, 14.47619], [108.86295, 14.47377], [108.86891, 14.46916], [108.87496, 14.47029], [108.87518, 14.47243], [108.87801, 14.47204], [108.88011, 14.47333], [108.88136, 14.4718], [108.88619, 14.4704], [108.88711, 14.47254], [108.88647, 14.47473], [108.89029, 14.48697], [108.88736, 14.48781], [108.88667, 14.48942], [108.8845, 14.49022], [108.8806, 14.50034], [108.87961, 14.49968], [108.87395, 14.49949], [108.87227, 14.49784], [108.8682, 14.49998], [108.86823, 14.5012], [108.87176, 14.50432], [108.87516, 14.5045], [108.87809, 14.50623], [108.88172, 14.50988], [108.88447, 14.50999], [108.88632, 14.51152], [108.88678, 14.51404], [108.89277, 14.51995], [108.89593, 14.51918], [108.89798, 14.51963], [108.90114, 14.51709], [108.90214, 14.51816], [108.90981, 14.51752], [108.91948, 14.51816], [108.92269, 14.52077], [108.92426, 14.51885], [108.9256, 14.51937], [108.92585, 14.52063], [108.92218, 14.52285], [108.92237, 14.52439], [108.92661, 14.52492], [108.92575, 14.52752], [108.92665, 14.52929], [108.92913, 14.52881], [108.93194, 14.53245], [108.93525, 14.53076], [108.93699, 14.53759], [108.93963, 14.54084], [108.9391, 14.54367], [108.94034, 14.54559], [108.9391, 14.54836], [108.94018, 14.54953], [108.94082, 14.55426], [108.93986, 14.55914], [108.94068, 14.56496], [108.93886, 14.5686], [108.93916, 14.56965], [108.94141, 14.57036], [108.94413, 14.57355], [108.9436, 14.57478], [108.94446, 14.57785], [108.94244, 14.57965], [108.94367, 14.58181], [108.94283, 14.58331], [108.94485, 14.5855], [108.94476, 14.58774], [108.94573, 14.58881], [108.94648, 14.59325], [108.94907, 14.59554]]]}}, {"type": "Feature", "properties": {"other_info": "<div id=\"economy\"><span class=\"cms\">Kinh t\u1ebf: </span><p>Ph\u00e1t tri\u1ec3n kinh t\u1ebf \u0111\u00f4 th\u1ecb</p></div>", "dan_so": "50495", "lanh_dao": "<p>+Nguy\u1ec5n H\u00f9ng V\u1ef9<br> B\u00ed th\u01b0 \u0110\u1ea3ng u\u1ef7 </p><p>Ch\u1ee7 t\u1ecbch H\u0110ND </p><p>0904450169</p><p>+\u0110\u1eb7ng Qu\u1ed1c Ho\u00e0i Huy<br> Ch\u1ee7 t\u1ecbch UBND </p><p>0906548856</p>", "sap_nhap": "Ng\u00f4 M\u00e2y, T\u00e2y S\u01a1n (th\u1ecb x\u00e3 An Kh\u00ea), An Ph\u00fa, An Ph\u01b0\u1edbc, An T\u00e2n, Th\u00e0nh An", "dtich_km2": "57.44", "ma_xa": 22, "tru_so": "<p>S\u1ed1 171 \u0111\u01b0\u1eddng \u0110\u1ed7 Tr\u1ea1c, ph\u01b0\u1eddng An Kh\u00ea</p>", "url": "https://baogialai.com.vn/dia-phuong/phuong-an-khe/22.html", "ten_xa": "Ph\u01b0\u1eddng An Kh\u00ea", "order": 100}, "geometry": {"type": "Polygon", "coordinates": [[[108.70698, 14.0363], [108.70444, 14.03616], [108.70176, 14.03141], [108.69886, 14.03003], [108.69683, 14.03109], [108.694, 14.03027], [108.69212, 14.02419], [108.68845, 14.02281], [108.68391, 14.01722], [108.68249, 14.01664], [108.68097, 14.01639], [108.68102, 14.01892], [108.67746, 14.02353], [108.67515, 14.0245], [108.66875, 14.02519], [108.66308, 14.02942], [108.66152, 14.03269], [108.65567, 14.03098], [108.65165, 14.02689], [108.64965, 14.02706], [108.64805, 14.02852], [108.64261, 14.02913], [108.64152, 14.02718], [108.6363, 14.02612], [108.63631, 14.02474], [108.63467, 14.02437], [108.63169, 14.02125], [108.62786, 14.02073], [108.62698, 14.01947], [108.62565, 14.01944], [108.62492, 14.01812], [108.62381, 14.01807], [108.62368, 14.01717], [108.62809, 14.01675], [108.63416, 14.01758], [108.63575, 14.01574], [108.63511, 14.01523], [108.63543, 14.01369], [108.6334, 14.01359], [108.63583, 14.01208], [108.63649, 14.00837], [108.62958, 14.00315], [108.62921, 14.00176], [108.6321, 13.99889], [108.63463, 13.9999], [108.63556, 13.99849], [108.6301, 13.98366], [108.63315, 13.98208], [108.63658, 13.98309], [108.64112, 13.98289], [108.64337, 13.98142], [108.64568, 13.98194], [108.64558, 13.98277], [108.64662, 13.98344], [108.64848, 13.9834], [108.64865, 13.98445], [108.65094, 13.98395], [108.65085, 13.98475], [108.65357, 13.98522], [108.65425, 13.98364], [108.6546, 13.98439], [108.65577, 13.98345], [108.65785, 13.98419], [108.6616, 13.98058], [108.66192, 13.9786], [108.66295, 13.97781], [108.66093, 13.97543], [108.66104, 13.96911], [108.65391, 13.96352], [108.65354, 13.95973], [108.64939, 13.947], [108.64614, 13.94393], [108.64887, 13.94252], [108.64939, 13.9411], [108.65159, 13.94194], [108.65227, 13.94109], [108.65863, 13.93908], [108.66003, 13.9394], [108.65988, 13.94079], [108.66106, 13.94196], [108.66618, 13.94504], [108.67068, 13.94556], [108.67092, 13.94803], [108.67174, 13.94938], [108.67229, 13.94834], [108.67317, 13.94927], [108.67426, 13.95194], [108.67757, 13.9517], [108.68114, 13.95519], [108.68655, 13.95667], [108.68795, 13.95848], [108.69045, 13.95951], [108.69213, 13.9662], [108.69362, 13.96499], [108.69434, 13.96037], [108.69577, 13.95879], [108.69651, 13.95166], [108.69582, 13.94807], [108.70145, 13.94847], [108.70089, 13.95246], [108.70236, 13.96029], [108.70379, 13.9619], [108.70313, 13.96599], [108.70439, 13.96745], [108.703, 13.96809], [108.70347, 13.96916], [108.70207, 13.97127], [108.70294, 13.97266], [108.70285, 13.97552], [108.70072, 13.97706], [108.70066, 13.97862], [108.6982, 13.97947], [108.69694, 13.98088], [108.6971, 13.98292], [108.69499, 13.98732], [108.69591, 13.98847], [108.70105, 13.9903], [108.70528, 13.99322], [108.70659, 13.99473], [108.70481, 13.99744], [108.7103, 14.00274], [108.71203, 14.00316], [108.71487, 14.00679], [108.71373, 14.00827], [108.71439, 14.00942], [108.71242, 14.01109], [108.71237, 14.01275], [108.71117, 14.01329], [108.7103, 14.01799], [108.70829, 14.02096], [108.70956, 14.02688], [108.70917, 14.03047], [108.70698, 14.0363]]]}}, {"type": "Feature", "properties": {"other_info": "<div id=\"economy\"><span class=\"cms\">Kinh t\u1ebf: </span><p>+Ph\u00e1t tri\u1ec3n kinh t\u1ebf n\u00f4ng th\u00f4n</p><p>+CCN G\u00f2 B\u00f9i (11,7ha)</p></div>", "dan_so": "10703", "lanh_dao": "<p>+Phan Ho\u00e0i V\u0169<br> B\u00ed th\u01b0 \u0110\u1ea3ng u\u1ef7 </p><p>Ch\u1ee7 t\u1ecbch H\u0110ND </p><p>0913762539</p><p>+L\u00ea V\u0103n Thanh<br> Ch\u1ee7 t\u1ecbch UBND </p><p>0977813062<br></p>", "sap_nhap": "An L\u00e3o (th\u1ecb tr\u1ea5n), An T\u00e2n, An H\u01b0ng", "dtich_km2": "103.87", "ma_xa": 23, "tru_so": "<p>35 Nguy\u1ec5n L\u1eef, x\u00e3 An L\u00e3o</p>", "url": "https://baogialai.com.vn/dia-phuong/xa-an-lao/23.html", "ten_xa": "X\u00e3 An L\u00e3o", "order": 100}, "geometry": {"type": "Polygon", "coordinates": [[[108.97293, 14.67123], [108.97323, 14.67611], [108.96814, 14.68142], [108.96143, 14.68495], [108.96093, 14.68598], [108.95928, 14.68658], [108.95824, 14.6835], [108.95706, 14.68369], [108.95466, 14.68097], [108.95403, 14.68221], [108.95468, 14.68356], [108.94989, 14.6851], [108.95046, 14.68699], [108.94976, 14.68815], [108.9483, 14.68842], [108.94679, 14.68745], [108.9456, 14.68948], [108.94445, 14.68847], [108.94241, 14.68963], [108.93982, 14.69532], [108.93816, 14.69524], [108.93606, 14.69665], [108.93098, 14.69788], [108.92922, 14.69708], [108.9285, 14.70313], [108.92529, 14.69998], [108.92496, 14.698], [108.92284, 14.69736], [108.92144, 14.69815], [108.91656, 14.69436], [108.91414, 14.69417], [108.90679, 14.69131], [108.90588, 14.6897], [108.90637, 14.68849], [108.90479, 14.68697], [108.9003, 14.68645], [108.89746, 14.68698], [108.89337, 14.68592], [108.89427, 14.68116], [108.8935, 14.67807], [108.894, 14.67567], [108.88689, 14.67327], [108.88634, 14.66592], [108.88493, 14.66461], [108.88531, 14.66252], [108.88751, 14.66058], [108.88769, 14.65696], [108.89009, 14.65549], [108.88932, 14.65092], [108.89273, 14.64801], [108.89263, 14.64706], [108.89045, 14.64557], [108.88879, 14.63971], [108.88663, 14.637], [108.88777, 14.63402], [108.88671, 14.63209], [108.88942, 14.62598], [108.88888, 14.62355], [108.88477, 14.62107], [108.88531, 14.61801], [108.88428, 14.6159], [108.87984, 14.61401], [108.87566, 14.61351], [108.87244, 14.61411], [108.8691, 14.61249], [108.86579, 14.61596], [108.86418, 14.61195], [108.85819, 14.6039], [108.86054, 14.59967], [108.86276, 14.59769], [108.86322, 14.59356], [108.86183, 14.59108], [108.86153, 14.5884], [108.8687, 14.57999], [108.86501, 14.57442], [108.86443, 14.57154], [108.86173, 14.57057], [108.86036, 14.56765], [108.85817, 14.56678], [108.85703, 14.56126], [108.855, 14.55858], [108.86064, 14.56013], [108.86464, 14.55925], [108.86897, 14.56008], [108.87026, 14.55839], [108.87205, 14.55819], [108.87543, 14.55904], [108.87891, 14.56136], [108.88229, 14.56154], [108.88547, 14.56401], [108.88685, 14.56388], [108.88819, 14.56249], [108.88706, 14.56207], [108.88613, 14.5597], [108.88756, 14.55973], [108.88865, 14.55876], [108.88895, 14.5558], [108.89313, 14.55645], [108.89711, 14.5557], [108.89589, 14.56335], [108.89433, 14.5661], [108.89559, 14.56979], [108.90436, 14.57373], [108.91199, 14.58251], [108.91359, 14.58643], [108.91339, 14.58775], [108.91653, 14.58854], [108.91866, 14.5857], [108.92477, 14.58489], [108.92627, 14.58572], [108.9288, 14.58536], [108.93311, 14.58662], [108.93543, 14.58897], [108.93896, 14.59], [108.93888, 14.59172], [108.94257, 14.59545], [108.94413, 14.59544], [108.94571, 14.597], [108.94568, 14.6], [108.94775, 14.60554], [108.94772, 14.60746], [108.94673, 14.60857], [108.94745, 14.61014], [108.94978, 14.61012], [108.95121, 14.61135], [108.9513, 14.6145], [108.95418, 14.61647], [108.9517, 14.62484], [108.95365, 14.63277], [108.95044, 14.63968], [108.95302, 14.64322], [108.95607, 14.64381], [108.95736, 14.6472], [108.95709, 14.64942], [108.95427, 14.65303], [108.95492, 14.65388], [108.96158, 14.65633], [108.96286, 14.65815], [108.96306, 14.66068], [108.96589, 14.66307], [108.96735, 14.66546], [108.96819, 14.66882], [108.97174, 14.67], [108.97293, 14.67123]]]}}, {"type": "Feature", "properties": {"other_info": "<div id=\"economy\"><span class=\"cms\">Kinh t\u1ebf: </span><p>+Ph\u00e1t tri\u1ec3n kinh t\u1ebf n\u00f4ng th\u00f4n</p><p>+CCN th\u1ee7y s\u1ea3n M\u1ef9 Th\u00e0nh</p></div>", "dan_so": "37958", "lanh_dao": "<p>+Tr\u1ea7n Qu\u1ed1c Vinh<br> B\u00ed th\u01b0 \u0110\u1ea3ng u\u1ef7 </p><p>Ch\u1ee7 t\u1ecbch H\u0110ND </p><p>0975606677</p><p>+V\u00f5 Thanh Ho\u00e0ng<br> Ch\u1ee7 t\u1ecbch UBND </p><p>0978437510</p>", "sap_nhap": "M\u1ef9 Ch\u00e1nh, M\u1ef9 Th\u00e0nh, M\u1ef9 C\u00e1t", "dtich_km2": "66.57", "ma_xa": 24, "tru_so": "<p>Th\u00f4n Ch\u00e1nh Thi\u1ec7n, x\u00e3 An L\u01b0\u01a1ng (Tr\u1ee5 s\u1edf x\u00e3 M\u1ef9 Ch\u00e1nh tr\u01b0\u1edbc \u0111\u00e2y)</p>", "url": "https://baogialai.com.vn/dia-phuong/xa-an-luong/24.html", "ten_xa": "X\u00e3 An L\u01b0\u01a1ng", "order": 100}, "geometry": {"type": "MultiPolygon", "coordinates": [[[[109.29934, 14.13868], [109.29421, 14.13933], [109.29248, 14.13819], [109.29222, 14.13703], [109.29325, 14.13663], [109.29538, 14.13758], [109.29985, 14.13792], [109.29934, 14.13868]]], [[[109.17687, 14.21241], [109.17579, 14.21535], [109.1723, 14.21635], [109.17041, 14.21407], [109.16864, 14.21395], [109.16957, 14.21327], [109.16892, 14.21267], [109.16655, 14.21267], [109.16612, 14.21042], [109.16746, 14.20959], [109.1677, 14.20773], [109.16661, 14.20301], [109.16278, 14.20492], [109.16048, 14.20328], [109.15631, 14.20306], [109.1551, 14.19942], [109.15344, 14.19791], [109.15263, 14.1957], [109.14877, 14.19534], [109.14464, 14.19112], [109.13951, 14.19304], [109.13464, 14.19296], [109.13164, 14.19487], [109.12855, 14.19358], [109.12531, 14.19022], [109.12421, 14.18488], [109.12528, 14.18158], [109.12279, 14.17748], [109.12318, 14.16713], [109.12244, 14.16597], [109.11844, 14.16786], [109.11787, 14.16516], [109.11653, 14.16633], [109.11758, 14.16866], [109.11491, 14.16857], [109.11531, 14.16431], [109.11425, 14.16439], [109.11187, 14.15841], [109.10734, 14.15565], [109.10765, 14.15398], [109.11017, 14.15177], [109.10957, 14.14791], [109.11141, 14.14651], [109.11248, 14.14303], [109.1117, 14.13881], [109.10986, 14.13867], [109.10941, 14.13653], [109.11112, 14.13276], [109.11299, 14.13186], [109.11317, 14.13036], [109.11441, 14.13007], [109.11558, 14.12751], [109.12485, 14.12728], [109.12473, 14.12572], [109.12741, 14.12549], [109.13293, 14.12697], [109.13224, 14.12829], [109.13331, 14.12932], [109.1349, 14.12824], [109.13637, 14.12939], [109.1374, 14.12844], [109.14214, 14.13005], [109.14454, 14.12978], [109.14453, 14.13256], [109.14841, 14.13162], [109.14981, 14.13447], [109.15286, 14.13509], [109.14878, 14.13919], [109.14581, 14.13957], [109.14576, 14.1407], [109.14868, 14.14107], [109.14861, 14.143], [109.151, 14.14343], [109.15297, 14.14519], [109.15538, 14.14455], [109.15826, 14.14569], [109.16028, 14.15061], [109.16637, 14.15507], [109.17003, 14.15671], [109.17598, 14.1575], [109.18479, 14.14193], [109.19006, 14.13551], [109.20297, 14.1275], [109.20532, 14.12679], [109.20826, 14.12774], [109.2118, 14.12515], [109.22041, 14.12637], [109.22581, 14.13106], [109.22517, 14.13372], [109.2275, 14.13556], [109.22729, 14.13906], [109.22593, 14.13906], [109.2238, 14.13719], [109.2211, 14.13841], [109.21062, 14.15294], [109.20048, 14.16922], [109.19208, 14.18483], [109.18524, 14.19984], [109.18197, 14.21098], [109.17687, 14.21241]]]]}}, {"type": "Feature", "properties": {"other_info": "<div id=\"economy\"><span class=\"cms\">Kinh t\u1ebf: </span><p>+Ph\u00e1t tri\u1ec3n kinh t\u1ebf \u0111\u00f4 th\u1ecb</p><p>+CCN \u0110\u1ed3i H\u1ecfa S\u01a1n (37ha), CCN T\u00e2n \u0110\u1ee9c (49,4ha), CCN T\u00e2n Nghi</p></div>", "dan_so": "49408", "lanh_dao": "<p>+L\u00ea Thanh T\u00f9ng<br> B\u00ed th\u01b0 \u0110\u1ea3ng u\u1ef7 </p><p>Ch\u1ee7 t\u1ecbch H\u0110ND </p><p>0963981279</p><p>+Nguy\u1ec5n \u0110\u00ecnh Ch\u01b0\u01a1ng<br> Ch\u1ee7 t\u1ecbch UBND </p><p>0914429669</p>", "sap_nhap": "\u0110\u1eadp \u0110\u00e1, Nh\u01a1n M\u1ef9, Nh\u01a1n H\u1eadu", "dtich_km2": "34.62", "ma_xa": 25, "tru_so": "<p>S\u1ed1 82 Hu\u1ef3nh \u0110\u0103ng Th\u01a1, t\u1ed5 d\u00e2n ph\u1ed1 \u0110\u00f4ng Ph\u01b0\u01a1ng Danh, ph\u01b0\u1eddng An Nh\u01a1n (Tr\u1ee5 s\u1edf ph\u01b0\u1eddng \u0110\u1eadp \u0110\u00e1 tr\u01b0\u1edbc \u0111\u00e2y)</p>", "url": "https://baogialai.com.vn/dia-phuong/phuong-an-nhon/25.html", "ten_xa": "Ph\u01b0\u1eddng An Nh\u01a1n", "order": 100}, "geometry": {"type": "Polygon", "coordinates": [[[109.02325, 13.96299], [109.02079, 13.96275], [109.0203, 13.9604], [109.02603, 13.95808], [109.02195, 13.94138], [109.02318, 13.94032], [109.02268, 13.93757], [109.02397, 13.93764], [109.02205, 13.93399], [109.02361, 13.93311], [109.02328, 13.93145], [109.02972, 13.9302], [109.0268, 13.91986], [109.02574, 13.92047], [109.02345, 13.92005], [109.02181, 13.91921], [109.02206, 13.91747], [109.02456, 13.91747], [109.03081, 13.9138], [109.03111, 13.91166], [109.0379, 13.90098], [109.04073, 13.89904], [109.0472, 13.90134], [109.04921, 13.90343], [109.05493, 13.90511], [109.06324, 13.9005], [109.06922, 13.89883], [109.07158, 13.89495], [109.07379, 13.89349], [109.07769, 13.89329], [109.08376, 13.89563], [109.0885, 13.89491], [109.09003, 13.89555], [109.09189, 13.89816], [109.08984, 13.90056], [109.09139, 13.90119], [109.09037, 13.9022], [109.08804, 13.90196], [109.08654, 13.9031], [109.08482, 13.90802], [109.08869, 13.91185], [109.0904, 13.91722], [109.09474, 13.91837], [109.0949, 13.91929], [109.09289, 13.92192], [109.09423, 13.92644], [109.09946, 13.93156], [109.10314, 13.93156], [109.1059, 13.93305], [109.10633, 13.93352], [109.10519, 13.93473], [109.10176, 13.93643], [109.10145, 13.93812], [109.09977, 13.93795], [109.09827, 13.93983], [109.09681, 13.9402], [109.09386, 13.93914], [109.09149, 13.93921], [109.09086, 13.93565], [109.0871, 13.93637], [109.08633, 13.93775], [109.08447, 13.93798], [109.06538, 13.93602], [109.06374, 13.93427], [109.0571, 13.93326], [109.0553, 13.93391], [109.05367, 13.9376], [109.04857, 13.93572], [109.04817, 13.93813], [109.04486, 13.94119], [109.04603, 13.94416], [109.04771, 13.94518], [109.03925, 13.95776], [109.03566, 13.95709], [109.03277, 13.95859], [109.03154, 13.96101], [109.02325, 13.96299]]]}}, {"type": "Feature", "properties": {"other_info": "<div id=\"economy\"><span class=\"cms\">Kinh t\u1ebf: </span><p>Ph\u00e1t tri\u1ec3n kinh t\u1ebf \u0111\u00f4 th\u1ecb</p></div>", "dan_so": "38484", "lanh_dao": "<p>-Nguy\u1ec5n Th\u1ecb Kim Quy, B\u00ed th\u01b0 \u0110\u1ea3ng u\u1ef7 Ch\u1ee7 t\u1ecbch H\u0110ND 0989594749</p><p>-Nguy\u1ec5n Anh D\u0169ng, Ch\u1ee7 t\u1ecbch UBND 0932467799</p>", "sap_nhap": "Nh\u01a1n Th\u00e0nh, Nh\u01a1n Phong, Nh\u01a1n H\u1ea1nh", "dtich_km2": "31.95", "ma_xa": 26, "tru_so": "<p>-\u0110\u1ea3ng \u1ee7y-H\u0110ND-UBND-MTTQ-Trung t\u00e2m PVHCC: T\u1ed5 d\u00e2n ph\u1ed1 Trung L\u00fd, ph\u01b0\u1eddng An Nh\u01a1n B\u1eafc (Tr\u1ee5 s\u1edf x\u00e3 Nh\u01a1n Phong tr\u01b0\u1edbc \u0111\u00e2y)</p>", "url": "https://baogialai.com.vn/dia-phuong/phuong-an-nhon-bac/26.html", "ten_xa": "Ph\u01b0\u1eddng An Nh\u01a1n B\u1eafc", "order": 100}, "geometry": {"type": "Polygon", "coordinates": [[[109.09833, 13.95902], [109.09069, 13.96108], [109.08754, 13.95947], [109.08534, 13.9599], [109.08539, 13.9578], [109.08198, 13.9528], [109.07838, 13.95341], [109.07824, 13.95213], [109.07757, 13.95198], [109.07727, 13.95278], [109.07466, 13.95324], [109.07443, 13.95417], [109.07306, 13.95361], [109.07278, 13.95476], [109.07178, 13.95462], [109.07176, 13.95359], [109.06846, 13.9519], [109.06934, 13.9508], [109.07065, 13.9509], [109.07109, 13.94871], [109.07218, 13.94879], [109.07424, 13.94411], [109.06893, 13.94314], [109.06791, 13.94607], [109.06666, 13.94521], [109.06435, 13.94568], [109.06432, 13.94689], [109.06158, 13.94689], [109.06075, 13.94494], [109.05947, 13.94514], [109.05887, 13.9439], [109.05925, 13.94195], [109.05724, 13.93977], [109.05346, 13.93973], [109.0523, 13.93818], [109.0513, 13.93821], [109.05101, 13.94016], [109.04771, 13.94518], [109.04603, 13.94416], [109.04486, 13.94119], [109.04817, 13.93813], [109.04857, 13.93572], [109.05367, 13.9376], [109.0553, 13.93391], [109.0571, 13.93326], [109.06371, 13.93426], [109.06538, 13.93602], [109.08447, 13.93798], [109.08633, 13.93775], [109.0871, 13.93637], [109.09086, 13.93565], [109.09149, 13.93921], [109.09386, 13.93914], [109.09681, 13.9402], [109.09827, 13.93983], [109.09977, 13.93795], [109.10145, 13.93812], [109.10176, 13.93643], [109.10519, 13.93473], [109.11074, 13.92993], [109.11324, 13.92967], [109.11613, 13.93118], [109.11504, 13.92126], [109.11943, 13.92096], [109.11921, 13.91689], [109.12378, 13.91694], [109.1247, 13.91418], [109.12797, 13.91499], [109.12906, 13.91616], [109.1316, 13.9159], [109.13171, 13.91685], [109.13343, 13.91712], [109.13421, 13.91868], [109.13594, 13.91842], [109.13685, 13.92013], [109.13972, 13.9206], [109.14088, 13.92045], [109.14178, 13.91866], [109.14308, 13.91835], [109.14382, 13.91649], [109.14556, 13.91626], [109.14979, 13.91824], [109.15143, 13.91726], [109.15636, 13.91949], [109.15957, 13.92003], [109.16175, 13.91947], [109.16284, 13.92114], [109.16503, 13.92167], [109.16902, 13.92101], [109.16853, 13.91865], [109.17089, 13.91791], [109.17133, 13.91697], [109.17313, 13.91752], [109.17738, 13.91572], [109.17818, 13.91609], [109.17926, 13.91977], [109.18579, 13.91816], [109.186, 13.91952], [109.18812, 13.92022], [109.18879, 13.92245], [109.18733, 13.92288], [109.18825, 13.92585], [109.18427, 13.92641], [109.18427, 13.92762], [109.18391, 13.92714], [109.18278, 13.92787], [109.18276, 13.92943], [109.17763, 13.93091], [109.17381, 13.92942], [109.17223, 13.92985], [109.17223, 13.93138], [109.1738, 13.93196], [109.17507, 13.93725], [109.17689, 13.93741], [109.17732, 13.94064], [109.17852, 13.94184], [109.17657, 13.94288], [109.17586, 13.94662], [109.17419, 13.94809], [109.17144, 13.94572], [109.16934, 13.94769], [109.16838, 13.94982], [109.16641, 13.95051], [109.16536, 13.94979], [109.16332, 13.95237], [109.16211, 13.95216], [109.15989, 13.95005], [109.15754, 13.94974], [109.1568, 13.95016], [109.15726, 13.95062], [109.1555, 13.95122], [109.15481, 13.95066], [109.15524, 13.94915], [109.15756, 13.94855], [109.15639, 13.94556], [109.15536, 13.94518], [109.15111, 13.94712], [109.15019, 13.94545], [109.14624, 13.94469], [109.14634, 13.94093], [109.13807, 13.94389], [109.13771, 13.94323], [109.13627, 13.94385], [109.13399, 13.94025], [109.13135, 13.94001], [109.13033, 13.93854], [109.12743, 13.93846], [109.12743, 13.94046], [109.12594, 13.93998], [109.12626, 13.93915], [109.12385, 13.9395], [109.12386, 13.94272], [109.1193, 13.94487], [109.1186, 13.94614], [109.11854, 13.94529], [109.1164, 13.94445], [109.10878, 13.94551], [109.10579, 13.94665], [109.10222, 13.94665], [109.10313, 13.95286], [109.10022, 13.95489], [109.0982, 13.95474], [109.09753, 13.95809], [109.09833, 13.95902]]]}}, {"type": "Feature", "properties": {"other_info": "<div id=\"other-info-content\"><span class=\"cms\">Th\u00f4ng tin kh\u00e1c: </span><p>Ti\u1ec1m n\u0103ng, th\u1ebf m\u1ea1nh<br> Ph\u00e1t tri\u1ec3n \u0111\u00f4 th\u1ecb - th\u01b0\u01a1ng m\u1ea1i - d\u1ecbch v\u1ee5: V\u1edbi qu\u1ef9 \u0111\u1ea5t \u0111\u01b0\u1ee3c m\u1edf r\u1ed9ng v\u00e0 v\u1ecb tr\u00ed thu\u1eadn l\u1ee3i, An Nh\u01a1n \u0110\u00f4ng c\u00f3 nhi\u1ec1u ti\u1ec1m n\u0103ng \u0111\u1ec3 thu h\u00fat c\u00e1c d\u1ef1 \u00e1n \u0111\u1ea7u t\u01b0 x\u00e2y d\u1ef1ng c\u00e1c khu \u0111\u00f4 th\u1ecb m\u1edbi, trung t\u00e2m th\u01b0\u01a1ng m\u1ea1i, si\u00eau th\u1ecb, v\u00e0 c\u00e1c lo\u1ea1i h\u00ecnh d\u1ecbch v\u1ee5 cao c\u1ea5p kh\u00e1c. S\u1ef1 ph\u00e1t tri\u1ec3n CCN Thanh Li\u00eam s\u1ebd \u0111\u00f3ng g\u00f3p ph\u00e1t tri\u1ec3n KT-XH tr\u00ean \u0111\u1ecba b\u00e0n.<br> N\u00f4ng nghi\u1ec7p c\u00f4ng ngh\u1ec7 cao g\u1eafn v\u1edbi du l\u1ecbch sinh th\u00e1i: Ph\u01b0\u1eddng s\u1ebd ti\u1ebfp t\u1ee5c \u0111\u1ea7u t\u01b0, ph\u00e1t tri\u1ec3n th\u01b0\u01a1ng hi\u1ec7u \"Mai v\u00e0ng B\u00ecnh \u0110\u1ecbnh\" v\u00e0 c\u00e1c s\u1ea3n ph\u1ea9m n\u00f4ng nghi\u1ec7p c\u00f4ng ngh\u1ec7 cao kh\u00e1c theo chu\u1ed7i gi\u00e1 tr\u1ecb, t\u1eeb s\u1ea3n xu\u1ea5t, ch\u1ebf bi\u1ebfn \u0111\u1ebfn ti\u00eau th\u1ee5. \u0110\u1ed3ng th\u1eddi, \u0111\u1ecba ph\u01b0\u01a1ng c\u00f3 th\u1ec3 ph\u00e1t tri\u1ec3n c\u00e1c m\u00f4 h\u00ecnh du l\u1ecbch sinh th\u00e1i, du l\u1ecbch tr\u1ea3i nghi\u1ec7m n\u00f4ng nghi\u1ec7p v\u00e0 tham quan l\u00e0ng ngh\u1ec1 tr\u1ed3ng mai, t\u1ea1o ra m\u1ed9t s\u1ea3n ph\u1ea9m du l\u1ecbch \u0111\u1ed9c \u0111\u00e1o, h\u1ea5p d\u1eabn du kh\u00e1ch.<br> Ph\u00e1t tri\u1ec3n c\u00f4ng nghi\u1ec7p v\u00e0 ti\u1ec3u th\u1ee7 c\u00f4ng nghi\u1ec7p: V\u1edbi l\u1ee3i th\u1ebf v\u1ec1 ngu\u1ed3n lao \u0111\u1ed9ng t\u1ea1i ch\u1ed7 v\u00e0 h\u1ea1 t\u1ea7ng giao th\u00f4ng, An Nh\u01a1n \u0110\u00f4ng c\u00f3 \u0111i\u1ec1u ki\u1ec7n \u0111\u1ec3 ph\u00e1t tri\u1ec3n c\u00e1c c\u1ee5m c\u00f4ng nghi\u1ec7p, ti\u1ec3u th\u1ee7 c\u00f4ng nghi\u1ec7p s\u1ea1ch, t\u1eadp trung v\u00e0o c\u00e1c ng\u00e0nh ngh\u1ec1 nh\u01b0 ch\u1ebf bi\u1ebfn n\u00f4ng s\u1ea3n, s\u1ea3n xu\u1ea5t h\u00e0ng ti\u00eau d\u00f9ng, v\u00e0 c\u00e1c ng\u00e0nh ngh\u1ec1 ph\u1ee5 tr\u1ee3 cho c\u00e1c khu c\u00f4ng nghi\u1ec7p l\u1edbn.<br> V\u0103n h\u00f3a - x\u00e3 h\u1ed9i: S\u1ef1 \u0111a d\u1ea1ng v\u1ec1 v\u0103n h\u00f3a gi\u1eefa khu v\u1ef1c \u0111\u00f4 th\u1ecb v\u00e0 n\u00f4ng th\u00f4n sau s\u00e1p nh\u1eadp t\u1ea1o n\u00ean m\u1ed9t \u0111\u1eddi s\u1ed1ng v\u0103n h\u00f3a tinh th\u1ea7n phong ph\u00fa. Ch\u00ednh quy\u1ec1n \u0111\u1ecba ph\u01b0\u01a1ng c\u0169ng \u0111ang ch\u00fa tr\u1ecdng \u0111\u1ea7u t\u01b0 n\u00e2ng c\u1ea5p h\u1ec7 th\u1ed1ng tr\u01b0\u1eddng h\u1ecdc, tr\u1ea1m y t\u1ebf v\u00e0 c\u00e1c thi\u1ebft ch\u1ebf v\u0103n h\u00f3a kh\u00e1c \u0111\u1ec3 n\u00e2ng cao ch\u1ea5t l\u01b0\u1ee3ng cu\u1ed9c s\u1ed1ng cho ng\u01b0\u1eddi d\u00e2n.</p></div>", "dan_so": "26443", "lanh_dao": "<p>-Nguy\u1ec5n Th\u00e0nh Trung, B\u00ed th\u01b0 \u0110\u1ea3ng u\u1ef7 Ch\u1ee7 t\u1ecbch H\u0110ND 0914379368</p><p>-Mai Xu\u00e2n Ti\u1ebfn, Ch\u1ee7 t\u1ecbch UBND 0982211393</p>", "sap_nhap": "Nh\u01a1n H\u01b0ng, Nh\u01a1n An", "dtich_km2": "17.21", "ma_xa": 27, "tru_so": "<p>-\u0110\u1ea3ng \u1ee7y-H\u0110ND-UBND-Trung t\u00e2m PVHCC: S\u1ed1 244 Tr\u01b0\u1eddng Chinh, ph\u01b0\u1eddng An Nh\u01a1n \u0110\u00f4ng (Tr\u1ee5 s\u1edf ph\u01b0\u1eddng Nh\u01a1n H\u01b0ng tr\u01b0\u1edbc \u0111\u00e2y)<br>-MTTQ: S\u1ed1 122 T\u00e2n D\u01b0\u01a1ng 1, ph\u01b0\u1eddng An Nh\u01a1n \u0110\u00f4ng (Tr\u1ee5 s\u1edf x\u00e3 Nh\u01a1n An tr\u01b0\u1edbc \u0111\u00e2y)<br> <br><br></p>", "url": "https://baogialai.com.vn/dia-phuong/phuong-an-nhon-dong/27.html", "ten_xa": "Ph\u01b0\u1eddng An Nh\u01a1n \u0110\u00f4ng", "order": 100}, "geometry": {"type": "Polygon", "coordinates": [[[109.11074, 13.92993], [109.10633, 13.93352], [109.10333, 13.93161], [109.09966, 13.93166], [109.09417, 13.92636], [109.09289, 13.92192], [109.0949, 13.91929], [109.09474, 13.91837], [109.0904, 13.91722], [109.08869, 13.91185], [109.08482, 13.90802], [109.08654, 13.9031], [109.08804, 13.90196], [109.09037, 13.9022], [109.09139, 13.90119], [109.08984, 13.90056], [109.09189, 13.89816], [109.08955, 13.89521], [109.08694, 13.89502], [109.08742, 13.89371], [109.09046, 13.89346], [109.09392, 13.89099], [109.09548, 13.89109], [109.09563, 13.89249], [109.09604, 13.89187], [109.09869, 13.89362], [109.1021, 13.8928], [109.10305, 13.89454], [109.10549, 13.89264], [109.10517, 13.8913], [109.10717, 13.89064], [109.10731, 13.89159], [109.10896, 13.89083], [109.11213, 13.89321], [109.11398, 13.8928], [109.11491, 13.89478], [109.11401, 13.89536], [109.11539, 13.89536], [109.11541, 13.89602], [109.11954, 13.89479], [109.1236, 13.89581], [109.1235, 13.89361], [109.1259, 13.89429], [109.12604, 13.89721], [109.12672, 13.89767], [109.12596, 13.89877], [109.1264, 13.9001], [109.12486, 13.90062], [109.12355, 13.89989], [109.1208, 13.90288], [109.12337, 13.90717], [109.12617, 13.90621], [109.13243, 13.90679], [109.1359, 13.90527], [109.13833, 13.90743], [109.14468, 13.907], [109.14774, 13.90757], [109.14876, 13.9104], [109.15144, 13.91036], [109.15397, 13.91263], [109.15345, 13.91368], [109.14959, 13.91493], [109.15012, 13.91578], [109.1483, 13.91655], [109.14844, 13.91726], [109.14567, 13.91627], [109.14382, 13.91649], [109.14372, 13.91758], [109.14178, 13.91866], [109.14053, 13.92059], [109.13685, 13.92013], [109.13601, 13.91847], [109.13421, 13.91868], [109.13343, 13.91712], [109.13171, 13.91685], [109.13212, 13.91623], [109.13148, 13.91585], [109.12906, 13.91616], [109.12797, 13.91499], [109.1247, 13.91418], [109.12378, 13.91694], [109.11921, 13.91689], [109.11943, 13.92096], [109.11504, 13.92126], [109.11613, 13.93118], [109.11284, 13.92963], [109.11074, 13.92993]]]}}, {"type": "Feature", "properties": {"other_info": "<div id=\"other-info-content\"><span class=\"cms\">Th\u00f4ng tin kh\u00e1c: </span><p>Ti\u1ec1m n\u0103ng, th\u1ebf m\u1ea1nh<br> 1. V\u1ec1 N\u00f4ng, l\u00e2m, th\u1ee7y s\u1ea3n:  - Ph\u01b0\u1eddng c\u00f3 \u0111i\u1ec1u ki\u1ec7n thu\u1eadn l\u1ee3i nh\u01b0 di\u1ec7n t\u00edch \u0111\u1ea5t n\u00f4ng nghi\u1ec7p, l\u00e2m nghi\u1ec7p r\u1ed9ng l\u1edbn, ngu\u1ed3n n\u01b0\u1edbc d\u1ed3i d\u00e0o, kh\u00ed h\u1eadu t\u01b0\u01a1ng \u0111\u1ed1i thu\u1eadn l\u1ee3i v\u00e0 v\u1ecb tr\u00ed \u0111\u1ecba l\u00fd chi\u1ebfn l\u01b0\u1ee3c. - \u0110a d\u1ea1ng h\u00f3a c\u00e2y tr\u1ed3ng, v\u1eadt nu\u00f4i: Ph\u01b0\u1eddng c\u00f3 th\u1ec3 ph\u00e1t tri\u1ec3n nhi\u1ec1u lo\u1ea1i c\u00e2y tr\u1ed3ng v\u00e0 v\u1eadt nu\u00f4i ph\u00f9 h\u1ee3p v\u1edbi \u0111i\u1ec1u ki\u1ec7n \u0111\u1ecba ph\u01b0\u01a1ng, nh\u01b0 l\u00faa, ng\u00f4, l\u1ea1c, rau m\u00e0u v\u00e0 c\u00e1c lo\u1ea1i c\u00e2y \u0103n qu\u1ea3 gi\u00e1 tr\u1ecb cao, \u0111\u1ed3ng th\u1eddi ph\u00e1t tri\u1ec3n gia s\u00fac (b\u00f2, l\u1ee3n), gia c\u1ea7m. - Ph\u01b0\u1eddng c\u0169ng \u0111\u00e3 v\u00e0 \u0111ang \u0111\u1ea9y m\u1ea1nh \u1ee9ng d\u1ee5ng khoa h\u1ecdc c\u00f4ng ngh\u1ec7 v\u00e0o s\u1ea3n xu\u1ea5t n\u00f4ng nghi\u1ec7p, nh\u01b0 s\u1eed d\u1ee5ng gi\u1ed1ng m\u1edbi, quy tr\u00ecnh canh t\u00e1c ti\u00ean ti\u1ebfn, c\u00f4ng ngh\u1ec7 sinh h\u1ecdc trong s\u1ea3n xu\u1ea5t gi\u1ed1ng, gi\u00fap n\u00e2ng cao n\u0103ng su\u1ea5t, ch\u1ea5t l\u01b0\u1ee3ng v\u00e0 hi\u1ec7u qu\u1ea3 s\u1ea3n xu\u1ea5t. - Trong th\u1eddi gian qua, HTXNN Nh\u01a1n Th\u1ecd II \u0111\u00e3 x\u00e2y d\u1ef1ng c\u00e1c chu\u1ed7i li\u00ean k\u1ebft s\u1ea3n xu\u1ea5t v\u00e0 ti\u00eau th\u1ee5 s\u1ea3n ph\u1ea9m n\u00f4ng nghi\u1ec7p, \u0111\u1eb7c bi\u1ec7t l\u00e0 c\u00e1c s\u1ea3n ph\u1ea9m ch\u1ee7 l\u1ef1c nh\u01b0 l\u00faa g\u1ea1o, nh\u1eb1m \u0111\u1ea3m b\u1ea3o \u0111\u1ea7u ra \u1ed5n \u0111\u1ecbnh cho s\u1ea3n ph\u1ea9m v\u00e0 n\u00e2ng cao gi\u00e1 tr\u1ecb gia t\u0103ng cho ng\u01b0\u1eddi n\u00f4ng d\u00e2n. - Ph\u01b0\u1eddng An Nh\u01a1n Nam c\u00f3 di\u1ec7n t\u00edch r\u1eebng v\u00e0 \u0111\u1ea5t l\u00e2m nghi\u1ec7p l\u1edbn, c\u00f3 th\u1ec3 ph\u00e1t tri\u1ec3n l\u00e2m nghi\u1ec7p theo h\u01b0\u1edbng b\u1ec1n v\u1eefng, k\u1ebft h\u1ee3p v\u1edbi b\u1ea3o v\u1ec7 m\u00f4i tr\u01b0\u1eddng v\u00e0 ph\u00e1t tri\u1ec3n du l\u1ecbch sinh th\u00e1i. 2. V\u1ec1 C\u00f4ng nghi\u1ec7p - TTCN:  Gi\u00e1 tr\u1ecb s\u1ea3n xu\u1ea5t CN- XD ti\u1ebfp t\u1ee5c t\u0103ng tr\u01b0\u1edfng ch\u1ee7 y\u1ebfu ho\u1ea1t \u0111\u1ed9ng hi\u1ec7u qu\u1ea3 c\u1ee7a Khu C\u00f4ng nghi\u1ec7p Nh\u01a1n Ho\u00e0 v\u00e0 c\u00e1c c\u1ee5m c\u00f4ng nghi\u1ec7p An M\u01a1, Nh\u01a1n Ho\u00e0. Ng\u00e0nh c\u00f4ng nghi\u1ec7p, ti\u1ec3u th\u1ee7 c\u00f4ng nghi\u1ec7p ch\u00ednh l\u00e0: khai th\u00e1c v\u1eadt li\u1ec7u x\u00e2y d\u1ef1ng, \u0111\u00fac kim lo\u1ea1i, s\u1ea3n ph\u1ea9m t\u1eeb kim lo\u1ea1i, ch\u1ebf bi\u1ebfn th\u1ee9c \u0103n gia s\u00fac, may m\u1eb7c, ch\u1ebf bi\u1ebfn g\u1ed7, c\u01a1 kh\u00ed s\u1eeda ch\u1eefa, s\u1ea3n xu\u1ea5t c\u00e1c m\u1eb7t h\u00e0ng th\u1ee7 c\u00f4ng m\u1ef9 ngh\u1ec7 ph\u1ee5c v\u1ee5 ti\u00eau d\u00f9ng v\u00e0 xu\u1ea5t kh\u1ea9u, t\u1eadp trung ch\u1ee7 y\u1ebfu trong Khu c\u00f4ng nghi\u1ec7p Nh\u01a1n Ho\u00e0 v\u00e0 c\u00e1c c\u1ee5m c\u00f4ng nghi\u1ec7p. 3. V\u1ec1 x\u00e2y d\u1ef1ng:  - Ph\u01b0\u1eddng \u0111\u00e3 t\u1eadp trung \u0111\u1ea9y m\u1ea1nh ti\u1ebfn \u0111\u1ed9 thi c\u00f4ng c\u00e1c c\u00f4ng tr\u00ecnh tr\u1ecdng \u0111i\u1ec3m c\u1ee7a th\u1ecb x\u00e3 An Nh\u01a1n c\u0169, c\u1ee7a t\u1ec9nh v\u1ec1 ch\u1ec9nh trang \u0111\u00f4 th\u1ecb, ph\u00e1t tri\u1ec3n giao th\u00f4ng n\u00f4ng th\u00f4n, \u0111\u01b0\u1eddng cao t\u1ed1c B\u1eafc Nam qua th\u1ecb x\u00e3. - C\u01a1 s\u1edf h\u1ea1 t\u1ea7ng \u1edf c\u00e1c l\u0129nh v\u1ef1c tr\u00ean \u0111\u1ecba b\u00e0n \u0111\u01b0\u1ee3c \u0111\u1ea7u t\u01b0 x\u00e2y d\u1ef1ng t\u01b0\u01a1ng \u0111\u1ed1i \u0111\u1ea7y \u0111\u1ee7, \u0111\u00e1p \u1ee9ng cho m\u1ee5c ti\u00eau ph\u00e1t tri\u1ec3n kinh t\u1ebf - x\u00e3 h\u1ed9i. 4. Th\u01b0\u01a1ng m\u1ea1i - d\u1ecbch v\u1ee5:  - Ph\u01b0\u1eddng An Nh\u01a1n Nam c\u00f3 v\u1ecb tr\u00ed giao th\u00f4ng r\u1ea5t thu\u1eadn l\u1ee3i: c\u00f3 c\u00e1c tuy\u1ebfn \u0111\u01b0\u1eddng ch\u00ednh l\u00e0 qu\u1ed1c l\u1ed9 1A h\u01b0\u1edbng B\u1eafc Nam, qu\u1ed1c l\u1ed9 19 h\u01b0\u1edbng \u0110\u00f4ng T\u00e2y \u0111i l\u00ean T\u00e2y Nguy\u00ean v\u00e0 \u0111\u01b0\u1eddng s\u1eaft B\u1eafc Nam; c\u00f3 \u0111\u01b0\u1eddng cao t\u1ed1c B\u1eafc Nam \u0111ang x\u00e2y d\u1ef1ng g\u1ea7n ho\u00e0n thi\u1ec7n v\u00e0 \u0111ang ti\u1ebfp t\u1ee5c c\u00e1c b\u01b0\u1edbc tri\u1ec3n khai \u0111\u01b0\u1eddng s\u1eaft cao t\u1ed1c B\u1eafc Nam. Nh\u1eefng l\u1ee3i th\u1ebf tr\u00ean gi\u00fap ph\u00e1t tri\u1ec3n c\u00e1c ng\u00e0nh d\u1ecbch v\u1ee5 logistic v\u00e0 th\u01b0\u01a1ng m\u1ea1i d\u1ecbch v\u1ee5 \u0103n u\u1ed1ng, s\u1eefa ch\u1eefa... Ngo\u00e0i ra, ph\u01b0\u1eddng c\u00f2n c\u00f3 s\u00f4ng Kone, s\u00f4ng An T\u01b0\u1ee3ng \u0111i ngang qua \u0111\u1ecba b\u00e0n c\u0169ng mang l\u1ea1i nhi\u1ec1u ti\u1ec1m n\u0103ng \u0111\u1ec3 ph\u00e1t tri\u1ec3n c\u00e1c d\u1ecbch v\u1ee5 \u0103n u\u1ed1ng, sinh th\u00e1i... - Nhu c\u1ea7u ti\u00eau d\u00f9ng ng\u00e0y c\u00e0ng t\u0103ng, s\u1ef1 \u0111a d\u1ea1ng h\u00f3a s\u1ea3n ph\u1ea9m v\u00e0 d\u1ecbch v\u1ee5, c\u00f9ng v\u1edbi s\u1ef1 ph\u00e1t tri\u1ec3n c\u1ee7a th\u01b0\u01a1ng m\u1ea1i \u0111i\u1ec7n t\u1eed g\u00f3p ph\u1ea7n th\u00fac \u0111\u1ea9y ng\u00e0nh n\u00e0y ph\u00e1t tri\u1ec3n. \u0110\u1ed3ng th\u1eddi, vi\u1ec7c \u0111\u1ea7u t\u01b0 c\u00f3 tr\u1ecdng t\u00e2m, trong \u0111i\u1ec3m v\u00e0o c\u01a1 s\u1edf h\u1ea1 t\u1ea7ng, t\u1ea1o \u0111i\u1ec1u ki\u1ec7n thu\u1eadn l\u1ee3i cho doanh nghi\u1ec7p, c\u01a1 s\u1edf kinh doanh gi\u00fap cho ng\u00e0nh th\u01b0\u01a1ng m\u1ea1i - d\u1ecbch v\u1ee5 c\u00f3 ti\u1ec1m n\u0103ng, l\u1ee3i th\u1ebf ph\u00e1t tri\u1ec3n trong t\u01b0\u01a1ng lai.</p></div>", "dan_so": "31651", "lanh_dao": "<p>-Tr\u1ecbnh Xu\u00e2n Long, B\u00ed th\u01b0 \u0110\u1ea3ng u\u1ef7 Ch\u1ee7 t\u1ecbch H\u0110ND 0913451789</p><p>-L\u00ea Hoa\u0300i An, Ch\u1ee7 t\u1ecbch UBND 0983835349</p>", "sap_nhap": "Nh\u01a1n H\u00f2a, Nh\u01a1n Th\u1ecd", "dtich_km2": "60.05", "ma_xa": 28, "tru_so": "<p>\u0110\u1ea3ng \u1ee7y-H\u0110ND-UBND-MTTQ-Trung t\u00e2m PVHCC: 182 L\u00ea Qu\u00fd \u0110\u00f4n, ph\u01b0\u1eddng An Nh\u01a1n Nam (Tr\u1ee5 s\u1edf ph\u01b0\u1eddng Nh\u01a1n H\u00f2a tr\u01b0\u1edbc \u0111\u00e2y)<br> <br><br></p>", "url": "https://baogialai.com.vn/dia-phuong/phuong-an-nhon-nam/28.html", "ten_xa": "Ph\u01b0\u1eddng An Nh\u01a1n Nam", "order": 100}, "geometry": {"type": "Polygon", "coordinates": [[[109.05563, 13.78707], [109.0572, 13.78776], [109.05765, 13.78913], [109.06187, 13.78978], [109.06422, 13.79118], [109.06248, 13.79574], [109.06336, 13.79641], [109.0634, 13.79789], [109.06427, 13.79739], [109.06709, 13.79889], [109.07024, 13.79937], [109.06833, 13.8056], [109.07135, 13.80819], [109.07314, 13.81242], [109.07025, 13.82096], [109.07264, 13.82244], [109.07393, 13.82592], [109.07744, 13.82675], [109.07977, 13.82476], [109.08174, 13.82474], [109.08263, 13.82373], [109.08531, 13.82433], [109.08944, 13.82365], [109.09015, 13.82608], [109.09228, 13.82806], [109.09659, 13.82852], [109.0976, 13.83025], [109.09996, 13.82846], [109.10201, 13.82923], [109.10401, 13.82884], [109.10734, 13.83088], [109.10682, 13.83251], [109.10783, 13.83461], [109.10611, 13.83768], [109.10773, 13.842], [109.11074, 13.84256], [109.11351, 13.84596], [109.11503, 13.84675], [109.11607, 13.84635], [109.11636, 13.8483], [109.11841, 13.84909], [109.12105, 13.85189], [109.12251, 13.85088], [109.1249, 13.8555], [109.12528, 13.8593], [109.12755, 13.85982], [109.12841, 13.86189], [109.12985, 13.86216], [109.12937, 13.86587], [109.13085, 13.86618], [109.13111, 13.86744], [109.13241, 13.86728], [109.13469, 13.87007], [109.13725, 13.87083], [109.13743, 13.87162], [109.13598, 13.87125], [109.13583, 13.87282], [109.13158, 13.87513], [109.1236, 13.87461], [109.11836, 13.87717], [109.11642, 13.87659], [109.11469, 13.87447], [109.11299, 13.8742], [109.1044, 13.88126], [109.10242, 13.88088], [109.0966, 13.87691], [109.09154, 13.88121], [109.08594, 13.88109], [109.08513, 13.8843], [109.08202, 13.88153], [109.08215, 13.87768], [109.07971, 13.87743], [109.07837, 13.87918], [109.07722, 13.88396], [109.07527, 13.88571], [109.07092, 13.8826], [109.06799, 13.88193], [109.07286, 13.88078], [109.07629, 13.87665], [109.07344, 13.87512], [109.07307, 13.87342], [109.06732, 13.87338], [109.06369, 13.87492], [109.06036, 13.87497], [109.0598, 13.87177], [109.05843, 13.87095], [109.05842, 13.86824], [109.05687, 13.86647], [109.05353, 13.86595], [109.0473, 13.86203], [109.04589, 13.86271], [109.0443, 13.86223], [109.0435, 13.8611], [109.04483, 13.85869], [109.04256, 13.85718], [109.04064, 13.85804], [109.03961, 13.85479], [109.03865, 13.84509], [109.03699, 13.8437], [109.038, 13.83834], [109.03742, 13.83459], [109.03127, 13.83237], [109.03152, 13.83095], [109.03041, 13.83006], [109.02665, 13.83095], [109.02556, 13.82901], [109.02389, 13.82833], [109.02441, 13.82703], [109.02923, 13.82341], [109.02934, 13.82226], [109.0346, 13.8189], [109.03556, 13.81698], [109.03796, 13.81555], [109.03756, 13.81337], [109.04156, 13.81031], [109.04206, 13.80772], [109.04388, 13.80573], [109.0423, 13.80351], [109.04221, 13.80164], [109.04609, 13.79616], [109.04742, 13.79355], [109.04701, 13.7923], [109.04892, 13.79043], [109.0499, 13.78792], [109.05563, 13.78707]]]}}, {"type": "Feature", "properties": {"other_info": "<div id=\"other-info-content\"><span class=\"cms\">Th\u00f4ng tin kh\u00e1c: </span><p>Ph\u00e1t tri\u1ec3n kinh t\u1ebf \u0111\u00f4 th\u1ecb, c\u00f4ng nghi\u1ec7p</p></div>", "dan_so": "20178", "lanh_dao": "<p>-V\u00f5 M\u1ed9ng H\u00f9ng, B\u00ed th\u01b0 \u0110\u1ea3ng u\u1ef7 Ch\u1ee7 t\u1ecbch H\u0110ND 0947033688</p><p>-L\u00ea Ho\u00e0ng Hi\u1ec7p, Ch\u1ee7 t\u1ecbch UBND 0985013647</p>", "sap_nhap": "Nh\u01a1n L\u1ed9c, Nh\u01a1n T\u00e2n", "dtich_km2": "75.5", "ma_xa": 29, "tru_so": "<p>-\u0110\u1ea3ng \u1ee7y-H\u0110ND-UBND-MTTQ-Trung t\u00e2m PVHCC: S\u1ed1 331 \u0111\u01b0\u1eddng \u0110T638, th\u00f4n T\u00e2n L\u1eadp, x\u00e3 An Nh\u01a1n T\u00e2y (Tr\u1ee5 s\u1edf x\u00e3 Nh\u01a1n L\u1ed9c tr\u01b0\u1edbc \u0111\u00e2y)<br> <br><br></p>", "url": "https://baogialai.com.vn/dia-phuong/xa-an-nhon-tay/29.html", "ten_xa": "X\u00e3 An Nh\u01a1n T\u00e2y", "order": 100}, "geometry": {"type": "Polygon", "coordinates": [[[109.03916, 13.89206], [109.03694, 13.89202], [109.03656, 13.88954], [109.03416, 13.8901], [109.03226, 13.88899], [109.02557, 13.88807], [109.02141, 13.8859], [109.02128, 13.88516], [109.01851, 13.88564], [109.01645, 13.88347], [109.01476, 13.8837], [109.01378, 13.88112], [109.01431, 13.8791], [109.01297, 13.87387], [109.01392, 13.86944], [109.00961, 13.86277], [109.00939, 13.85967], [109.00837, 13.85814], [109.00801, 13.85336], [109.00885, 13.85043], [109.0078, 13.84429], [109.00676, 13.84246], [109.00392, 13.8423], [109.0034, 13.84028], [109.00223, 13.84069], [108.99943, 13.83902], [108.9959, 13.83826], [108.99282, 13.8347], [108.99041, 13.83391], [108.99123, 13.82913], [108.99065, 13.82752], [108.98071, 13.8257], [108.97889, 13.8222], [108.97562, 13.82407], [108.97373, 13.82386], [108.96806, 13.81992], [108.96318, 13.81955], [108.96227, 13.82045], [108.9624, 13.82166], [108.96077, 13.82257], [108.95826, 13.82647], [108.95104, 13.82835], [108.95075, 13.826], [108.95163, 13.82221], [108.95329, 13.82027], [108.95731, 13.81795], [108.95744, 13.81587], [108.95618, 13.81471], [108.95967, 13.80743], [108.96281, 13.80552], [108.96424, 13.80651], [108.96524, 13.80621], [108.96951, 13.80316], [108.97391, 13.8031], [108.97232, 13.79847], [108.97271, 13.79594], [108.97589, 13.79527], [108.98014, 13.7917], [108.98448, 13.78573], [108.98596, 13.78523], [108.98881, 13.78214], [108.99314, 13.78068], [108.99845, 13.78167], [108.99923, 13.77929], [108.99868, 13.77666], [108.9996, 13.7753], [108.99792, 13.77365], [108.99952, 13.77163], [108.99982, 13.76737], [109.00178, 13.7651], [109.00142, 13.76342], [109.00297, 13.76195], [109.0035, 13.76002], [109.00611, 13.75742], [109.00656, 13.75439], [109.00879, 13.75306], [109.01371, 13.75429], [109.0164, 13.75719], [109.01863, 13.75799], [109.0216, 13.75653], [109.02276, 13.75767], [109.02695, 13.75738], [109.02939, 13.75889], [109.02944, 13.76138], [109.03308, 13.77061], [109.03294, 13.77229], [109.02827, 13.78005], [109.02968, 13.78596], [109.03268, 13.78924], [109.03512, 13.78945], [109.04031, 13.79323], [109.04556, 13.79258], [109.04742, 13.79355], [109.04221, 13.80164], [109.0423, 13.80351], [109.04388, 13.80573], [109.04206, 13.80772], [109.04146, 13.81046], [109.03756, 13.81337], [109.03796, 13.81555], [109.03556, 13.81698], [109.0346, 13.8189], [109.02934, 13.82226], [109.02923, 13.82341], [109.02441, 13.82703], [109.0239, 13.82844], [109.02556, 13.82901], [109.02665, 13.83095], [109.03095, 13.83027], [109.03127, 13.83237], [109.03742, 13.83459], [109.038, 13.83834], [109.03699, 13.8437], [109.03865, 13.84509], [109.03961, 13.85479], [109.04064, 13.85804], [109.04256, 13.85718], [109.04483, 13.85869], [109.0435, 13.8611], [109.0443, 13.86223], [109.04589, 13.86271], [109.0473, 13.86203], [109.05353, 13.86595], [109.05687, 13.86647], [109.05842, 13.86824], [109.05843, 13.87095], [109.0598, 13.87177], [109.06036, 13.87497], [109.06369, 13.87492], [109.06732, 13.87338], [109.07307, 13.87342], [109.07344, 13.87512], [109.07629, 13.87665], [109.07217, 13.8811], [109.061, 13.88233], [109.05833, 13.88462], [109.054, 13.88605], [109.04985, 13.8898], [109.04554, 13.89165], [109.03962, 13.89131], [109.03916, 13.89206]]]}}, {"type": "Feature", "properties": {"other_info": "<div id=\"ethnicity\"><span class=\"cms\">D\u00e2n t\u1ed9c: </span><p>30,00%</p></div><div id=\"other-info-content\"><span class=\"cms\">Th\u00f4ng tin kh\u00e1c: </span><p>Ph\u00e1t tri\u1ec3n kinh t\u1ebf \u0111\u00f4 th\u1ecb \u0111\u1ed9ng l\u1ef1c ph\u00eda T\u00e2y<br> \u0110\u1ecbnh h\u01b0\u1edbng Trung t\u00e2m</p></div>", "dan_so": "40684", "lanh_dao": "<p>-L\u01b0u Trung Ngh\u0129a, B\u00ed th\u01b0 \u0110\u1ea3ng u\u1ef7 Ch\u1ee7 t\u1ecbch H\u0110ND 0979794097</p><p>-Ho\u00e0ng Th\u1ecb Minh B\u00ecnh, Ch\u1ee7 t\u1ecbch UBND 0905157175</p>", "sap_nhap": "Th\u1eafng L\u1ee3i, Ch\u01b0 \u00c1, An Ph\u00fa", "dtich_km2": "32.49", "ma_xa": 30, "tru_so": "<p>\u0110\u1ea3ng \u1ee7y-MTTQ: S\u1ed1 605 \u0111\u01b0\u1eddng L\u00ea Du\u1ea9n, ph\u01b0\u1eddng An Ph\u00fa, t\u1ec9nh Gia Lai<br> H\u0110ND-UBND-Trung t\u00e2m PVHCC: Qu\u1ed1c l\u1ed9 19, ph\u01b0\u1eddng An Ph\u00fa<br><br></p>", "url": "https://baogialai.com.vn/dia-phuong/phuong-an-phu/30.html", "ten_xa": "Ph\u01b0\u1eddng An Ph\u00fa", "order": 100}, "geometry": {"type": "Polygon", "coordinates": [[[108.04603, 13.93776], [108.04707, 13.93705], [108.0463, 13.93917], [108.04677, 13.94171], [108.04826, 13.94316], [108.05052, 13.94387], [108.0508, 13.9433], [108.05241, 13.9452], [108.05996, 13.94711], [108.06073, 13.94713], [108.06103, 13.9462], [108.06267, 13.94701], [108.06243, 13.94847], [108.06453, 13.94925], [108.06676, 13.94811], [108.07288, 13.94936], [108.07466, 13.95128], [108.0774, 13.95265], [108.0782, 13.95364], [108.07781, 13.95541], [108.07837, 13.95628], [108.07919, 13.95533], [108.08014, 13.95562], [108.07941, 13.96132], [108.07762, 13.96315], [108.07745, 13.96454], [108.07848, 13.96502], [108.07887, 13.96351], [108.08224, 13.96221], [108.08277, 13.96085], [108.08614, 13.96133], [108.08946, 13.96368], [108.09013, 13.96336], [108.09006, 13.96453], [108.09207, 13.96662], [108.09173, 13.96721], [108.09256, 13.96711], [108.09362, 13.9683], [108.09242, 13.97067], [108.08929, 13.97359], [108.0893, 13.97491], [108.09095, 13.97555], [108.08953, 13.97558], [108.09056, 13.97683], [108.09447, 13.978], [108.09473, 13.97888], [108.09793, 13.97946], [108.09893, 13.98109], [108.09785, 13.98448], [108.09695, 13.98514], [108.09645, 13.99407], [108.09451, 13.99388], [108.09465, 13.99488], [108.09044, 13.9979], [108.08923, 14.00431], [108.08275, 14.0041], [108.08259, 14.00291], [108.07819, 14.00284], [108.07617, 14.00139], [108.07475, 14.00182], [108.07423, 14.00031], [108.07247, 14.00251], [108.07043, 14.00306], [108.07006, 14.00084], [108.06881, 13.99988], [108.06837, 14.00214], [108.06709, 14.00272], [108.06883, 14.00582], [108.06778, 14.00618], [108.06644, 14.00413], [108.06552, 14.00611], [108.06341, 14.00667], [108.06265, 14.00066], [108.06179, 14.00038], [108.06183, 13.99931], [108.06336, 13.99787], [108.06258, 13.99615], [108.05882, 13.99486], [108.05501, 13.99719], [108.05079, 13.99851], [108.04886, 13.99846], [108.04718, 13.99732], [108.04737, 13.99212], [108.05113, 13.99089], [108.05532, 13.99211], [108.05584, 13.99127], [108.05487, 13.99021], [108.04688, 13.98706], [108.04119, 13.98717], [108.03899, 13.98558], [108.03803, 13.98856], [108.03853, 13.99059], [108.0373, 13.9903], [108.03768, 13.98856], [108.03617, 13.98698], [108.03744, 13.98672], [108.03744, 13.98555], [108.03674, 13.9853], [108.03729, 13.98421], [108.03638, 13.98373], [108.03554, 13.98484], [108.03275, 13.9825], [108.03476, 13.98019], [108.03243, 13.97804], [108.03384, 13.9766], [108.03159, 13.97336], [108.03154, 13.97159], [108.03248, 13.97141], [108.0318, 13.96735], [108.03207, 13.96669], [108.03399, 13.96683], [108.03731, 13.96537], [108.03895, 13.96219], [108.03999, 13.96226], [108.04152, 13.96058], [108.0411, 13.95945], [108.0421, 13.95886], [108.04207, 13.95741], [108.0408, 13.95607], [108.04161, 13.95578], [108.04186, 13.95232], [108.04293, 13.95126], [108.04172, 13.94996], [108.04254, 13.947], [108.03992, 13.94144], [108.03998, 13.93928], [108.04212, 13.93743], [108.04109, 13.93564], [108.043, 13.93433], [108.04401, 13.93621], [108.04538, 13.93583], [108.04603, 13.93776]]]}}, {"type": "Feature", "properties": {"other_info": "<div id=\"other-info-content\"><span class=\"cms\">Th\u00f4ng tin kh\u00e1c: </span><p>Ph\u00e1t tri\u1ec3n kinh t\u1ebf \u0111\u00f4 th\u1ecb, c\u00f4ng nghi\u1ec7p</p></div>", "dan_so": "1790", "lanh_dao": "<p>-\u0110inh V\u0103n L\u1edb, B\u00ed th\u01b0 \u0110\u1ea3ng u\u1ef7 Ch\u1ee7 t\u1ecbch H\u0110ND 0962631277</p><p>-\u0110inh V\u0103n Nghin, Ch\u1ee7 t\u1ecbch UBND 0359340578</p>", "sap_nhap": "An To\u00e0n, An Ngh\u0129a (1 ph\u1ea7n)", "dtich_km2": "295.34", "ma_xa": 31, "tru_so": "<p>\u0110\u1ea3ng \u1ee7y-H\u0110ND-UBND-MTTQ-Trung t\u00e2m PVHCC: S\u1ed1 331 \u0111\u01b0\u1eddng \u0110T638, th\u00f4n T\u00e2n L\u1eadp, x\u00e3 An Nh\u01a1n T\u00e2y (Tr\u1ee5 s\u1edf x\u00e3 Nh\u01a1n L\u1ed9c tr\u01b0\u1edbc \u0111\u00e2y)<br> <br><br></p>", "url": "https://baogialai.com.vn/dia-phuong/xa-an-toan/31.html", "ten_xa": "X\u00e3 An To\u00e0n", "order": 100}, "geometry": {"type": "Polygon", "coordinates": [[[108.70794, 14.61348], [108.705, 14.61495], [108.70328, 14.61355], [108.70201, 14.61402], [108.70103, 14.61339], [108.70271, 14.60901], [108.70203, 14.60749], [108.70279, 14.60601], [108.70112, 14.60411], [108.70092, 14.60217], [108.69908, 14.60145], [108.69945, 14.59989], [108.69807, 14.59936], [108.69801, 14.59659], [108.69481, 14.59451], [108.69127, 14.59378], [108.69055, 14.59269], [108.6878, 14.59177], [108.68652, 14.59216], [108.68612, 14.59372], [108.68306, 14.59592], [108.68146, 14.59575], [108.68113, 14.59721], [108.68015, 14.59686], [108.67753, 14.59226], [108.67516, 14.59052], [108.67682, 14.58847], [108.67728, 14.58465], [108.67411, 14.58154], [108.67167, 14.57993], [108.66771, 14.58008], [108.66357, 14.57753], [108.65985, 14.57682], [108.65781, 14.57387], [108.65458, 14.57181], [108.65372, 14.57005], [108.64506, 14.56803], [108.64458, 14.56696], [108.64077, 14.56526], [108.64037, 14.56467], [108.64455, 14.55861], [108.64397, 14.55611], [108.64212, 14.55413], [108.6432, 14.55019], [108.64148, 14.54754], [108.63995, 14.54945], [108.63578, 14.55122], [108.63389, 14.55116], [108.63258, 14.55241], [108.62951, 14.55204], [108.62775, 14.55049], [108.62808, 14.5491], [108.62715, 14.54785], [108.62835, 14.54667], [108.62798, 14.54365], [108.62879, 14.54122], [108.62806, 14.54003], [108.62845, 14.53671], [108.62993, 14.53363], [108.63005, 14.53064], [108.6312, 14.53047], [108.63512, 14.52546], [108.6344, 14.524], [108.6314, 14.52246], [108.63147, 14.52077], [108.62963, 14.51748], [108.6328, 14.51382], [108.63273, 14.51097], [108.63682, 14.50628], [108.63615, 14.50385], [108.63235, 14.50202], [108.63203, 14.496], [108.63257, 14.49498], [108.63485, 14.49403], [108.6345, 14.49128], [108.63765, 14.48919], [108.63945, 14.4861], [108.63888, 14.48243], [108.63674, 14.48095], [108.63971, 14.48028], [108.64187, 14.4769], [108.64406, 14.47554], [108.6433, 14.47372], [108.64074, 14.47129], [108.64023, 14.46841], [108.64081, 14.46668], [108.63951, 14.46394], [108.64065, 14.46223], [108.63969, 14.45959], [108.64055, 14.45662], [108.63989, 14.45528], [108.64035, 14.4533], [108.63833, 14.45136], [108.64067, 14.44821], [108.64123, 14.44441], [108.64271, 14.44424], [108.64533, 14.43992], [108.6469, 14.4396], [108.6499, 14.43969], [108.65264, 14.44169], [108.65497, 14.4398], [108.65789, 14.44133], [108.66525, 14.44261], [108.66854, 14.43957], [108.67346, 14.44216], [108.67585, 14.44911], [108.67854, 14.4506], [108.68137, 14.44191], [108.68532, 14.43826], [108.6852, 14.43688], [108.68694, 14.43445], [108.68812, 14.43407], [108.68876, 14.4328], [108.69324, 14.43219], [108.69655, 14.42781], [108.7035, 14.42548], [108.7078, 14.42821], [108.71175, 14.42746], [108.71251, 14.429], [108.71471, 14.42664], [108.72017, 14.42402], [108.72069, 14.42188], [108.72271, 14.41963], [108.72499, 14.41941], [108.72488, 14.41672], [108.72328, 14.4161], [108.72431, 14.41363], [108.7212, 14.41132], [108.72147, 14.40901], [108.72345, 14.40753], [108.72392, 14.40559], [108.7222, 14.40344], [108.72302, 14.40159], [108.7217, 14.39564], [108.73666, 14.39859], [108.74278, 14.39793], [108.74628, 14.39217], [108.74983, 14.39104], [108.74936, 14.38998], [108.75406, 14.38905], [108.75603, 14.38977], [108.7582, 14.38876], [108.76075, 14.38622], [108.75946, 14.38123], [108.76075, 14.37572], [108.76435, 14.37397], [108.76478, 14.37114], [108.77308, 14.3729], [108.77279, 14.36742], [108.77384, 14.36604], [108.77403, 14.36393], [108.77759, 14.36863], [108.77836, 14.37195], [108.78001, 14.37308], [108.78031, 14.3805], [108.77757, 14.38599], [108.77751, 14.38993], [108.77925, 14.39014], [108.78207, 14.38875], [108.78462, 14.39093], [108.78584, 14.39407], [108.78477, 14.39687], [108.78199, 14.40033], [108.7818, 14.40476], [108.78294, 14.40671], [108.78212, 14.41135], [108.78297, 14.41532], [108.78422, 14.41959], [108.78623, 14.42133], [108.78685, 14.42295], [108.78475, 14.42894], [108.78677, 14.43312], [108.78409, 14.43759], [108.78447, 14.44051], [108.7819, 14.44305], [108.78548, 14.45433], [108.78367, 14.45426], [108.78291, 14.45846], [108.78136, 14.46111], [108.7772, 14.46204], [108.77758, 14.46754], [108.77559, 14.47173], [108.77786, 14.4748], [108.77629, 14.47956], [108.77646, 14.48193], [108.77783, 14.48313], [108.78015, 14.48288], [108.7801, 14.48467], [108.78311, 14.48713], [108.78357, 14.4895], [108.78204, 14.4893], [108.7801, 14.49024], [108.77799, 14.48784], [108.77619, 14.49076], [108.77059, 14.49384], [108.76922, 14.49562], [108.76851, 14.49897], [108.7692, 14.50099], [108.76799, 14.50221], [108.76888, 14.50605], [108.77239, 14.50911], [108.77183, 14.51211], [108.77233, 14.51284], [108.76855, 14.51428], [108.76839, 14.513], [108.76776, 14.5133], [108.766, 14.51494], [108.76678, 14.51597], [108.76413, 14.51724], [108.76567, 14.51843], [108.76459, 14.51931], [108.76573, 14.52133], [108.76476, 14.52106], [108.76444, 14.52197], [108.76242, 14.52258], [108.76053, 14.52549], [108.76124, 14.52712], [108.75981, 14.52717], [108.7585, 14.5261], [108.75769, 14.52657], [108.756, 14.52439], [108.75474, 14.52644], [108.75537, 14.52798], [108.75383, 14.53119], [108.75087, 14.53324], [108.75131, 14.53621], [108.74997, 14.53632], [108.74903, 14.53748], [108.74664, 14.5374], [108.74499, 14.53633], [108.74323, 14.53973], [108.74368, 14.54151], [108.74079, 14.54506], [108.73996, 14.54941], [108.7375, 14.55462], [108.73699, 14.56028], [108.73557, 14.56349], [108.73769, 14.57205], [108.73569, 14.57725], [108.7364, 14.57814], [108.73638, 14.58234], [108.73527, 14.58334], [108.73272, 14.5836], [108.73284, 14.58681], [108.73011, 14.58906], [108.73118, 14.59183], [108.72894, 14.59389], [108.7271, 14.59413], [108.72594, 14.59639], [108.72393, 14.59533], [108.71997, 14.59814], [108.71805, 14.5984], [108.71828, 14.59989], [108.71644, 14.60186], [108.7128, 14.60242], [108.71003, 14.60505], [108.70877, 14.60503], [108.70588, 14.60971], [108.70794, 14.61348]]]}}, {"type": "Feature", "properties": {"other_info": "<div id=\"other-info-content\"><span class=\"cms\">Th\u00f4ng tin kh\u00e1c: </span><p>X\u00e1c \u0111\u1ecbnh ng\u00e0nh n\u00f4ng, l\u00e2m nghi\u1ec7p l\u00e0 tr\u1ee5 \u0111\u1ee1 c\u1ee7a kinh t\u1ebf \u0111\u1ecba ph\u01b0\u01a1ng. Trong \u0111\u00f3 t\u1eadp trung ch\u1ee7 y\u1ebfu l\u0129nh v\u1ef1c ch\u0103n nu\u00f4i, tr\u1ed3ng tr\u1ecdt; \u0111\u1ea9y m\u1ea1nh chuy\u1ec3n \u0111\u1ed5i c\u01a1 c\u1ea5u c\u00e2y tr\u1ed3ng; x\u00e2y d\u1ef1ng v\u00e0 nh\u00e2n r\u1ed9ng c\u00e1c m\u00f4 h\u00ecnh khuy\u1ebfn n\u00f4ng hi\u1ec7u qu\u1ea3, n\u00e2ng cao gi\u00e1 tr\u1ecb kinh t\u1ebf tr\u00ean m\u1ed9t \u0111\u01a1n v\u1ecb di\u1ec7n t\u00edch s\u1ea3n xu\u1ea5t; ph\u00e1t tri\u1ec3n kinh t\u1ebf trang tr\u1ea1i, gia tr\u1ea1i; t\u0103ng c\u01b0\u1eddng \u1ee9ng d\u1ee5ng khoa h\u1ecdc c\u00f4ng ngh\u1ec7 cao trong s\u1ea3n xu\u1ea5t, ki\u1ec3m so\u00e1t an to\u00e0n d\u1ecbch b\u1ec7nh, an to\u00e0n th\u1ef1c ph\u1ea9m, ti\u1ebfn t\u1edbi n\u1ec1n n\u00f4ng nghi\u1ec7p xanh, ch\u1ee7 \u0111\u1ed9ng \u1ee9ng ph\u00f3 v\u1edbi bi\u1ebfn \u0111\u1ed5i kh\u00ed h\u1eadu.</p></div>", "dan_so": "18582", "lanh_dao": "<p>-Th\u00e1i Danh H\u00e2n, B\u00ed th\u01b0 \u0110\u1ea3ng u\u1ef7 Ch\u1ee7 t\u1ecbch H\u0110ND 0914746346</p><p>-V\u0169 Th\u00e0nh Minh, Ch\u1ee7 t\u1ecbch UBND 0964327789</p>", "sap_nhap": "\u00c2n T\u01b0\u1eddng T\u00e2y, \u00c2n H\u1eefu, \u0110ak Mang", "dtich_km2": "227.45", "ma_xa": 32, "tru_so": "<p>\u0110\u1ea3ng \u1ee7y-MTTQ: Th\u00f4n Ph\u00fa Kh\u01b0\u01a1ng, x\u00e3 \u00c2n T\u01b0\u1eddng (Tr\u1ee5 s\u1edf x\u00e3 \u00c2n T\u01b0\u1eddng T\u00e2y tr\u01b0\u1edbc \u0111\u00e2y)<br> H\u0110ND-UBND: Th\u00f4n Li\u00ean H\u1ed9i, x\u00e3 \u00c2n T\u01b0\u1eddng (Tr\u1ee5 s\u1edf x\u00e3 \u00c2n H\u1eefu tr\u01b0\u1edbc \u0111\u00e2y)<br>Trung t\u00e2m PVHCC: \u0110i\u1ec3m ti\u1ebfp nh\u1eadn s\u1ed1 1: th\u00f4n Li\u00ean H\u1ed9i, x\u00e3 \u00c2n T\u01b0\u1eddng (Tr\u1ee5 s\u1edf x\u00e3 \u00c2n H\u1eefu c\u0169). \u0110i\u1ec3m ti\u1ebfp nh\u1eadn s\u1ed1 2: th\u00f4n O6, x\u00e3 \u00c2n T\u01b0\u1eddng (tr\u1ee5 s\u1edf UBND x\u00e3 \u0110ak Mang c\u0169).</p>", "url": "https://baogialai.com.vn/dia-phuong/xa-an-tuong/32.html", "ten_xa": "X\u00e3 \u00c2n T\u01b0\u1eddng", "order": 100}, "geometry": {"type": "Polygon", "coordinates": [[[108.83027, 14.48529], [108.82749, 14.49017], [108.82303, 14.48858], [108.82456, 14.48582], [108.82273, 14.48634], [108.82143, 14.48862], [108.81936, 14.48691], [108.81683, 14.48869], [108.81535, 14.48551], [108.81448, 14.47969], [108.81302, 14.47801], [108.81276, 14.47545], [108.80945, 14.47229], [108.80787, 14.47295], [108.80784, 14.47667], [108.80557, 14.47866], [108.80399, 14.47827], [108.80134, 14.48094], [108.80042, 14.48074], [108.80056, 14.48307], [108.79811, 14.48215], [108.7982, 14.47923], [108.79654, 14.4807], [108.79512, 14.48033], [108.79309, 14.48104], [108.79215, 14.48047], [108.79182, 14.4814], [108.78919, 14.48248], [108.78903, 14.48542], [108.78623, 14.48803], [108.78433, 14.48806], [108.78357, 14.4895], [108.78311, 14.48713], [108.7801, 14.48467], [108.78015, 14.48288], [108.77783, 14.48313], [108.77646, 14.48193], [108.77629, 14.47956], [108.77786, 14.4748], [108.77559, 14.47173], [108.77758, 14.46754], [108.7772, 14.46204], [108.78136, 14.46111], [108.78291, 14.45846], [108.78367, 14.45426], [108.78548, 14.45433], [108.7819, 14.44305], [108.78447, 14.44051], [108.78409, 14.43759], [108.78678, 14.43293], [108.78475, 14.42894], [108.78685, 14.42295], [108.78623, 14.42133], [108.78422, 14.41959], [108.78297, 14.41532], [108.78212, 14.41135], [108.78294, 14.40671], [108.7818, 14.40476], [108.78199, 14.40033], [108.78477, 14.39687], [108.78571, 14.3931], [108.78439, 14.39063], [108.78207, 14.38875], [108.77925, 14.39014], [108.77751, 14.38993], [108.77757, 14.38599], [108.78031, 14.3805], [108.78001, 14.37308], [108.77836, 14.37195], [108.77759, 14.36863], [108.77403, 14.36393], [108.77519, 14.36233], [108.77636, 14.35489], [108.77851, 14.35205], [108.77905, 14.34824], [108.7818, 14.34753], [108.78332, 14.34844], [108.78408, 14.34661], [108.78623, 14.34605], [108.78595, 14.34721], [108.79032, 14.34988], [108.79122, 14.35163], [108.79409, 14.35283], [108.79616, 14.3513], [108.7979, 14.35224], [108.80293, 14.35177], [108.80474, 14.35316], [108.80761, 14.35342], [108.80857, 14.35269], [108.81153, 14.35289], [108.81574, 14.35023], [108.81748, 14.35083], [108.81921, 14.34978], [108.82218, 14.35162], [108.82447, 14.35175], [108.82644, 14.3534], [108.82981, 14.35379], [108.83279, 14.35303], [108.83768, 14.35408], [108.84074, 14.35183], [108.8418, 14.35198], [108.84455, 14.35], [108.84452, 14.34686], [108.84536, 14.34586], [108.84964, 14.34489], [108.8516, 14.34037], [108.85402, 14.33728], [108.85453, 14.33556], [108.8522, 14.33298], [108.85221, 14.32794], [108.85033, 14.32557], [108.8508, 14.3239], [108.85231, 14.32267], [108.85416, 14.32269], [108.85309, 14.31839], [108.85397, 14.31657], [108.86027, 14.31229], [108.86251, 14.3097], [108.86439, 14.31006], [108.86823, 14.30887], [108.86941, 14.30674], [108.87219, 14.30601], [108.87304, 14.30394], [108.88222, 14.30135], [108.88483, 14.302], [108.88399, 14.29954], [108.8842, 14.2976], [108.88542, 14.29716], [108.8847, 14.2968], [108.88908, 14.29525], [108.89122, 14.29344], [108.8953, 14.29337], [108.89973, 14.29167], [108.9055, 14.29178], [108.90296, 14.28926], [108.90012, 14.28341], [108.89916, 14.28281], [108.89939, 14.28138], [108.90136, 14.27784], [108.90395, 14.27631], [108.90712, 14.27879], [108.90852, 14.27832], [108.91139, 14.27015], [108.91398, 14.26875], [108.91457, 14.266], [108.91861, 14.26062], [108.91856, 14.25461], [108.92365, 14.25354], [108.92464, 14.25264], [108.92674, 14.25272], [108.92854, 14.2512], [108.92869, 14.24788], [108.9301, 14.24664], [108.93094, 14.24388], [108.93195, 14.24283], [108.93334, 14.24289], [108.93359, 14.23999], [108.93515, 14.23944], [108.93654, 14.23425], [108.93903, 14.23188], [108.94372, 14.23187], [108.94461, 14.22974], [108.94762, 14.22688], [108.94996, 14.22207], [108.95256, 14.22201], [108.95577, 14.21648], [108.96037, 14.21718], [108.96482, 14.21602], [108.97029, 14.21664], [108.9712, 14.2219], [108.97804, 14.22617], [108.97652, 14.23021], [108.9781, 14.23251], [108.97826, 14.23442], [108.9815, 14.23793], [108.97621, 14.24826], [108.97625, 14.25309], [108.96943, 14.25451], [108.96524, 14.25782], [108.96336, 14.26036], [108.96685, 14.26719], [108.96641, 14.27414], [108.96929, 14.27797], [108.9691, 14.28459], [108.96803, 14.28924], [108.96998, 14.29046], [108.97279, 14.29511], [108.9722, 14.29902], [108.96855, 14.30026], [108.96709, 14.30216], [108.96649, 14.30542], [108.96421, 14.30513], [108.96067, 14.3073], [108.96136, 14.30762], [108.96124, 14.3089], [108.9636, 14.31075], [108.96313, 14.31159], [108.96517, 14.3143], [108.96447, 14.31534], [108.96488, 14.31674], [108.96751, 14.31759], [108.96782, 14.31629], [108.96959, 14.31563], [108.97081, 14.31723], [108.97163, 14.32033], [108.97011, 14.32284], [108.97106, 14.32482], [108.97034, 14.32619], [108.9712, 14.33044], [108.96848, 14.33017], [108.96626, 14.33116], [108.96238, 14.32916], [108.96034, 14.33248], [108.95702, 14.3324], [108.95793, 14.32863], [108.95698, 14.32732], [108.94994, 14.32731], [108.94775, 14.32382], [108.94688, 14.32443], [108.94613, 14.32357], [108.94608, 14.32472], [108.94481, 14.32349], [108.94427, 14.32538], [108.94183, 14.32756], [108.94142, 14.32957], [108.93803, 14.33276], [108.93536, 14.33237], [108.93054, 14.33333], [108.92557, 14.33441], [108.92301, 14.336], [108.92095, 14.33435], [108.91737, 14.33391], [108.91601, 14.33418], [108.91424, 14.33646], [108.91201, 14.33547], [108.91086, 14.33634], [108.91101, 14.33825], [108.90769, 14.34052], [108.90754, 14.34208], [108.91314, 14.34369], [108.91387, 14.34581], [108.92079, 14.35057], [108.92185, 14.35219], [108.92009, 14.35561], [108.9118, 14.36188], [108.90924, 14.36158], [108.90231, 14.35875], [108.89933, 14.3593], [108.89791, 14.35761], [108.89639, 14.3584], [108.89477, 14.35819], [108.89339, 14.35646], [108.89118, 14.35597], [108.89063, 14.35833], [108.88848, 14.35898], [108.88937, 14.36327], [108.88834, 14.36433], [108.88491, 14.36498], [108.88545, 14.36685], [108.88657, 14.36758], [108.88646, 14.37082], [108.88616, 14.373], [108.88375, 14.37585], [108.88566, 14.37878], [108.88225, 14.38004], [108.87887, 14.38461], [108.87899, 14.38627], [108.87737, 14.38925], [108.87338, 14.38752], [108.87306, 14.38848], [108.87167, 14.38899], [108.87108, 14.39129], [108.86701, 14.39095], [108.86651, 14.39187], [108.86482, 14.39216], [108.86375, 14.39355], [108.86422, 14.39733], [108.86216, 14.39975], [108.86067, 14.39836], [108.85711, 14.39698], [108.85269, 14.399], [108.85006, 14.40143], [108.84682, 14.41148], [108.84706, 14.41298], [108.84845, 14.41411], [108.84883, 14.41687], [108.84792, 14.41722], [108.84744, 14.41999], [108.84614, 14.42172], [108.84738, 14.42301], [108.8474, 14.42444], [108.84529, 14.42565], [108.84527, 14.42713], [108.84191, 14.43212], [108.84378, 14.4327], [108.84588, 14.43485], [108.84505, 14.43661], [108.84561, 14.44059], [108.84294, 14.44503], [108.84367, 14.44665], [108.84166, 14.45057], [108.84299, 14.45297], [108.84229, 14.45571], [108.84031, 14.45767], [108.83994, 14.45908], [108.84066, 14.4603], [108.83966, 14.46275], [108.84032, 14.46433], [108.83216, 14.47716], [108.82992, 14.48306], [108.83027, 14.48529]]]}}, {"type": "Feature", "properties": {"other_info": "<div id=\"other-info-content\"><span class=\"cms\">Th\u00f4ng tin kh\u00e1c: </span><p>Ph\u00e1t tri\u1ec3n kinh t\u1ebf \u0111\u00f4 th\u1ecb, c\u00f4ng nghi\u1ec7p</p></div>", "dan_so": "6522", "lanh_dao": "<p>-\u0110inh Th\u1ecb Di\u1ec7u, B\u00ed th\u01b0 \u0110\u1ea3ng u\u1ef7 Ch\u1ee7 t\u1ecbch H\u0110ND 0985258377</p><p>-\u0110inh V\u0103n Cung, Ch\u1ee7 t\u1ecbch UBND 0963444149</p>", "sap_nhap": "An Trung (huy\u00ea\u0323n An La\u0303o), An D\u0169ng, An Vinh", "dtich_km2": "196.19", "ma_xa": 33, "tru_so": "<p>-\u0110\u1ea3ng \u1ee7y: Th\u00f4n Ph\u00fa Kh\u01b0\u01a1ng, x\u00e3 \u00c2n T\u01b0\u1eddng (Tr\u1ee5 s\u1edf x\u00e3 \u00c2n T\u01b0\u1eddng T\u00e2y tr\u01b0\u1edbc \u0111\u00e2y)<br>-H\u0110ND-UBND: Th\u00f4n Li\u00ean H\u1ed9i, x\u00e3 \u00c2n T\u01b0\u1eddng (Tr\u1ee5 s\u1edf x\u00e3 \u00c2n H\u1eefu tr\u01b0\u1edbc \u0111\u00e2y)<br>-MTTQ: Th\u00f4n Ph\u00fa Kh\u01b0\u01a1ng, x\u00e3 \u00c2n T\u01b0\u1eddng (Tr\u1ee5 s\u1edf x\u00e3 \u00c2n T\u01b0\u1eddng T\u00e2y tr\u01b0\u1edbc \u0111\u00e2y)<br>-Trung t\u00e2m PVHCC:Th\u00f4n Li\u00ean H\u1ed9i, x\u00e3 \u00c2n T\u01b0\u1eddng (Tr\u1ee5 s\u1edf x\u00e3 \u00c2n H\u1eefu tr\u01b0\u1edbc \u0111\u00e2y)</p>", "url": "https://baogialai.com.vn/dia-phuong/xa-an-vinh/33.html", "ten_xa": "X\u00e3 An Vinh", "order": 100}, "geometry": {"type": "Polygon", "coordinates": [[[108.89337, 14.68592], [108.89209, 14.68611], [108.88918, 14.68223], [108.88792, 14.68391], [108.88667, 14.68327], [108.8842, 14.68455], [108.87959, 14.68515], [108.87563, 14.68802], [108.87429, 14.68749], [108.87338, 14.69052], [108.87002, 14.69072], [108.86897, 14.69198], [108.86552, 14.69315], [108.8634, 14.69527], [108.86127, 14.69459], [108.86001, 14.69245], [108.85826, 14.69234], [108.85634, 14.69109], [108.85297, 14.69134], [108.85171, 14.68906], [108.85197, 14.68694], [108.85054, 14.68599], [108.85171, 14.6834], [108.84669, 14.68199], [108.84548, 14.68422], [108.8462, 14.68686], [108.84269, 14.69219], [108.83878, 14.69445], [108.83518, 14.69123], [108.83409, 14.68769], [108.83189, 14.68509], [108.83066, 14.68136], [108.82901, 14.68015], [108.82776, 14.67742], [108.82546, 14.67581], [108.8239, 14.67681], [108.82233, 14.67669], [108.82115, 14.67529], [108.815, 14.67247], [108.81309, 14.67037], [108.80993, 14.67116], [108.80676, 14.66918], [108.80183, 14.6708], [108.79878, 14.66873], [108.79214, 14.66972], [108.78848, 14.66948], [108.78681, 14.6709], [108.78183, 14.67036], [108.77153, 14.67805], [108.76868, 14.67783], [108.76725, 14.67624], [108.76728, 14.67463], [108.76472, 14.67424], [108.76394, 14.6748], [108.76267, 14.67067], [108.75938, 14.66677], [108.76004, 14.66429], [108.76131, 14.66293], [108.76224, 14.65552], [108.76387, 14.65415], [108.76355, 14.65254], [108.76444, 14.65165], [108.76467, 14.6476], [108.76377, 14.64612], [108.76552, 14.64219], [108.76431, 14.63766], [108.76611, 14.63238], [108.76661, 14.62775], [108.76569, 14.62257], [108.7617, 14.62018], [108.76191, 14.61831], [108.76097, 14.61591], [108.76187, 14.60925], [108.76153, 14.60604], [108.76337, 14.60267], [108.76342, 14.59963], [108.76114, 14.59939], [108.75922, 14.59817], [108.75924, 14.59694], [108.75688, 14.59308], [108.75374, 14.59319], [108.7484, 14.59194], [108.7453, 14.59241], [108.74406, 14.59454], [108.74116, 14.59517], [108.74026, 14.59327], [108.74055, 14.59099], [108.73815, 14.58883], [108.73406, 14.58943], [108.7331, 14.59125], [108.73118, 14.59183], [108.73012, 14.58919], [108.73284, 14.58681], [108.73272, 14.5836], [108.73538, 14.5833], [108.73652, 14.58198], [108.7364, 14.57814], [108.73569, 14.57725], [108.73769, 14.57205], [108.73569, 14.56572], [108.73562, 14.5632], [108.73693, 14.56052], [108.7375, 14.55462], [108.73996, 14.54941], [108.74048, 14.54592], [108.7421, 14.54283], [108.74368, 14.54151], [108.74323, 14.53973], [108.74499, 14.53633], [108.74664, 14.5374], [108.74928, 14.53746], [108.74985, 14.53639], [108.75131, 14.53621], [108.75087, 14.53324], [108.75309, 14.53452], [108.75626, 14.53213], [108.75803, 14.53191], [108.75853, 14.53067], [108.76125, 14.53057], [108.76219, 14.53125], [108.76286, 14.53434], [108.76744, 14.5392], [108.76883, 14.54202], [108.77499, 14.54184], [108.78128, 14.54439], [108.78431, 14.54375], [108.78809, 14.5404], [108.79273, 14.54219], [108.79479, 14.54544], [108.79633, 14.54603], [108.7984, 14.54533], [108.80204, 14.54042], [108.80503, 14.53944], [108.80779, 14.54265], [108.81223, 14.54299], [108.81503, 14.54223], [108.81989, 14.54652], [108.82217, 14.54595], [108.8229, 14.54491], [108.82463, 14.54721], [108.82626, 14.54775], [108.82639, 14.55034], [108.82943, 14.55154], [108.83112, 14.55335], [108.83244, 14.5577], [108.839, 14.56089], [108.84181, 14.56068], [108.84356, 14.55941], [108.84862, 14.55981], [108.85284, 14.5572], [108.85505, 14.55862], [108.85703, 14.56126], [108.85817, 14.56678], [108.86036, 14.56765], [108.86173, 14.57057], [108.86443, 14.57154], [108.86501, 14.57442], [108.8687, 14.57999], [108.86153, 14.5884], [108.86183, 14.59108], [108.86322, 14.59356], [108.86276, 14.59769], [108.86054, 14.59967], [108.85819, 14.6039], [108.86418, 14.61195], [108.86579, 14.61596], [108.8691, 14.61249], [108.87244, 14.61411], [108.87566, 14.61351], [108.87984, 14.61401], [108.88428, 14.6159], [108.88531, 14.61801], [108.88477, 14.62107], [108.88888, 14.62355], [108.88942, 14.62598], [108.88671, 14.63209], [108.88777, 14.63402], [108.88663, 14.637], [108.88879, 14.63971], [108.89045, 14.64557], [108.89263, 14.64706], [108.89273, 14.64801], [108.88932, 14.65092], [108.89009, 14.65549], [108.88769, 14.65696], [108.88751, 14.66058], [108.88531, 14.66252], [108.88493, 14.66461], [108.88634, 14.66592], [108.88689, 14.67327], [108.894, 14.67567], [108.8935, 14.67807], [108.89427, 14.68116], [108.89337, 14.68592]]]}}, {"type": "Feature", "properties": {"other_info": "<div id=\"ethnicity\"><span class=\"cms\">D\u00e2n t\u1ed9c: </span><p>67,00%</p></div><div id=\"other-info-content\"><span class=\"cms\">Th\u00f4ng tin kh\u00e1c: </span><p>Ph\u00e1t tri\u1ec3n kinh t\u1ebf n\u00f4ng th\u00f4n</p></div>", "dan_so": "12692", "lanh_dao": "<p>-Nguy\u1ec5n Th\u1ecb Thanh Nga, B\u00ed th\u01b0 \u0110\u1ea3ng u\u1ef7 Ch\u1ee7 t\u1ecbch H\u0110ND 0975266025</p><p>-Nguy\u1ec5n Xu\u00e2n Can, Ch\u1ee7 t\u1ecbch UBND 02693505078</p>", "sap_nhap": "\u0110ak J\u01a1 Ta, Ayun (huy\u00ea\u0323n Mang Yang)", "dtich_km2": "202.24", "ma_xa": 34, "tru_so": "<p>\u0110\u1ea3ng \u1ee7y-H\u0110ND-MTTQ-Trung t\u00e2m PVHCC:Th\u00f4n 3, x\u00e3 Ayun, t\u1ec9nh Gia Lai<br> <br></p>", "url": "https://baogialai.com.vn/dia-phuong/xa-ayun/34.html", "ten_xa": "X\u00e3 Ayun", "order": 100}, "geometry": {"type": "Polygon", "coordinates": [[[108.31723, 14.23484], [108.30946, 14.23918], [108.30899, 14.23499], [108.30775, 14.23394], [108.30674, 14.23115], [108.29962, 14.22949], [108.29721, 14.22973], [108.29607, 14.22895], [108.29458, 14.23084], [108.29196, 14.23158], [108.28984, 14.23434], [108.28144, 14.23883], [108.27718, 14.23673], [108.27635, 14.23391], [108.27421, 14.23189], [108.26997, 14.23157], [108.26906, 14.23049], [108.26864, 14.22718], [108.26588, 14.22585], [108.26862, 14.22513], [108.26958, 14.22384], [108.26779, 14.21943], [108.26623, 14.21883], [108.26636, 14.21773], [108.26418, 14.21366], [108.26189, 14.21246], [108.26038, 14.21035], [108.25933, 14.20562], [108.26132, 14.2025], [108.26483, 14.20173], [108.26544, 14.20013], [108.26445, 14.19655], [108.26529, 14.19376], [108.2621, 14.19071], [108.26288, 14.18775], [108.26021, 14.18566], [108.26115, 14.18381], [108.25991, 14.18085], [108.26179, 14.18022], [108.26178, 14.17867], [108.2634, 14.17727], [108.26388, 14.17492], [108.26683, 14.17226], [108.26656, 14.17065], [108.2679, 14.16771], [108.26609, 14.164], [108.26577, 14.15737], [108.265, 14.15656], [108.26159, 14.15754], [108.26046, 14.15863], [108.25582, 14.15928], [108.25322, 14.15659], [108.25253, 14.15352], [108.25015, 14.15293], [108.24896, 14.1503], [108.24984, 14.14954], [108.25655, 14.1512], [108.26309, 14.14515], [108.2612, 14.14071], [108.26077, 14.13718], [108.26268, 14.13683], [108.26385, 14.13449], [108.26277, 14.13474], [108.26313, 14.13342], [108.26189, 14.1316], [108.26236, 14.1312], [108.26091, 14.13058], [108.2629, 14.12947], [108.26156, 14.12751], [108.26278, 14.12556], [108.26443, 14.12526], [108.26519, 14.12296], [108.26453, 14.12083], [108.26528, 14.11907], [108.2649, 14.11807], [108.26139, 14.11924], [108.25932, 14.117], [108.25699, 14.11635], [108.25844, 14.11562], [108.26196, 14.1101], [108.2628, 14.10394], [108.26121, 14.10147], [108.26087, 14.09896], [108.25544, 14.09503], [108.25416, 14.09262], [108.25356, 14.08855], [108.25456, 14.08672], [108.25575, 14.08643], [108.25931, 14.08295], [108.26015, 14.08025], [108.26251, 14.07811], [108.26259, 14.07525], [108.27144, 14.07211], [108.2747, 14.06827], [108.28205, 14.06555], [108.28291, 14.06106], [108.28655, 14.06082], [108.29475, 14.05519], [108.29913, 14.05585], [108.30177, 14.05512], [108.30557, 14.05579], [108.30689, 14.05524], [108.30621, 14.05879], [108.30858, 14.05887], [108.31245, 14.06229], [108.31611, 14.06253], [108.31638, 14.06519], [108.31545, 14.06719], [108.32042, 14.06799], [108.31978, 14.07223], [108.31759, 14.07272], [108.3186, 14.07372], [108.32251, 14.07213], [108.32462, 14.07361], [108.3267, 14.07357], [108.32962, 14.07209], [108.3295, 14.07105], [108.33119, 14.06833], [108.3325, 14.06754], [108.33461, 14.06838], [108.33481, 14.06999], [108.3363, 14.07091], [108.34039, 14.07089], [108.34077, 14.07012], [108.33966, 14.06939], [108.33926, 14.06671], [108.33948, 14.06206], [108.34226, 14.05949], [108.34233, 14.05764], [108.34438, 14.0543], [108.34926, 14.05685], [108.3483, 14.05383], [108.3496, 14.04777], [108.35371, 14.0464], [108.35401, 14.04696], [108.35308, 14.04782], [108.35384, 14.04792], [108.35539, 14.04516], [108.35617, 14.04677], [108.35799, 14.0471], [108.35871, 14.05008], [108.36042, 14.05012], [108.36135, 14.05171], [108.3662, 14.05238], [108.36736, 14.05167], [108.36647, 14.05445], [108.36686, 14.05538], [108.36567, 14.05572], [108.3664, 14.05655], [108.37032, 14.05603], [108.37213, 14.05697], [108.37175, 14.05902], [108.37006, 14.05942], [108.36981, 14.06404], [108.37054, 14.06653], [108.36827, 14.06692], [108.36868, 14.07091], [108.36771, 14.07331], [108.36807, 14.075], [108.36714, 14.07511], [108.36732, 14.0766], [108.36564, 14.07962], [108.36602, 14.08716], [108.36682, 14.08919], [108.36618, 14.094], [108.36799, 14.09658], [108.36867, 14.10029], [108.37009, 14.10081], [108.37113, 14.10451], [108.36624, 14.11292], [108.36377, 14.11468], [108.36027, 14.11575], [108.3595, 14.12421], [108.35693, 14.13068], [108.35638, 14.13591], [108.35788, 14.13758], [108.3565, 14.14175], [108.35794, 14.14921], [108.35715, 14.15311], [108.35861, 14.15485], [108.36022, 14.15452], [108.36208, 14.15625], [108.35816, 14.16065], [108.35877, 14.16321], [108.35951, 14.1639], [108.36547, 14.16403], [108.36904, 14.16541], [108.36952, 14.16663], [108.36883, 14.16808], [108.37367, 14.17167], [108.37322, 14.17315], [108.3704, 14.17399], [108.36989, 14.17523], [108.37044, 14.17826], [108.36767, 14.18164], [108.36823, 14.18481], [108.367, 14.19353], [108.36593, 14.19432], [108.36461, 14.19355], [108.363, 14.19729], [108.36338, 14.19948], [108.36249, 14.20087], [108.36207, 14.20755], [108.36131, 14.20788], [108.35794, 14.20572], [108.35484, 14.20768], [108.35327, 14.20991], [108.35123, 14.21], [108.34951, 14.20841], [108.34828, 14.20829], [108.34604, 14.21354], [108.34603, 14.21596], [108.34473, 14.21573], [108.34009, 14.22004], [108.3401, 14.22144], [108.33814, 14.22264], [108.33867, 14.22507], [108.33717, 14.22892], [108.33382, 14.23014], [108.33209, 14.22928], [108.32722, 14.22998], [108.32613, 14.23126], [108.32374, 14.23216], [108.32384, 14.23423], [108.3198, 14.23519], [108.31723, 14.23484]]]}}, {"type": "Feature", "properties": {"other_info": "<div id=\"ethnicity\"><span class=\"cms\">D\u00e2n t\u1ed9c: </span><p>20,00%</p></div><div id=\"other-info-content\"><span class=\"cms\">Th\u00f4ng tin kh\u00e1c: </span><p>Ti\u1ec1m n\u0103ng, th\u1ebf m\u1ea1nh<br> Ph\u01b0\u1eddng Ayun Pa \u0111\u01b0\u1ee3c s\u00e1p nh\u1eadp t\u1eeb 04 ph\u01b0\u1eddng (Ph\u01b0\u1eddng \u0110o\u00e0n K\u1ebft, Ph\u01b0\u1eddng H\u00f2a B\u00ecnh, Ph\u01b0\u1eddng S\u00f4ng B\u1edd v\u00e0 Ph\u01b0\u1eddng Cheo Reo) l\u00e0 trung t\u00e2m h\u00e0nh ch\u00ednh \u2013 ch\u00ednh tr\u1ecb c\u1ee7a th\u1ecb x\u00e3 Ayun Pa (c\u0169). V\u1edbi \u0111i\u1ec1u ki\u1ec7n t\u1ef1 nhi\u00ean, h\u1ea1 t\u1ea7ng, d\u00e2n c\u01b0 v\u00e0 ngu\u1ed3n l\u1ef1c ph\u00e1t tri\u1ec3n \u0111ang ng\u00e0y c\u00e0ng ho\u00e0n thi\u1ec7n, ph\u01b0\u1eddng s\u1edf h\u1eefu m\u1ed9t s\u1ed1 ti\u1ec1m n\u0103ng v\u00e0 th\u1ebf m\u1ea1nh n\u1ed5i b\u1eadt: 1. V\u1ecb tr\u00ed \u0111\u1ecba l\u00fd v\u00e0 giao th\u00f4ng thu\u1eadn l\u1ee3i: C\u00f3 v\u1ecb tr\u00ed \u0111\u1ecba l\u00fd thu\u1eadn l\u1ee3i, n\u1eb1m t\u1ea1i c\u1eeda ng\u00f5 giao th\u01b0\u01a1ng gi\u1eefa khu v\u1ef1c \u0110\u00f4ng Nam t\u1ec9nh Gia Lai (c\u0169) v\u1edbi c\u00e1c x\u00e3 l\u00e2n c\u1eadn v\u00e0 c\u00e1c t\u1ec9nh duy\u00ean h\u1ea3i mi\u1ec1n Trung (c\u00f3 c\u00e1c tuy\u1ebfn \u0111\u01b0\u1eddng Qu\u1ed1c l\u1ed9, t\u1ec9nh l\u1ed9 ch\u1ea1y qua nh\u01b0 QL25, \u0111\u01b0\u1eddng Tr\u01b0\u1eddng s\u01a1n \u0110\u00f4ng, t\u1ec9nh l\u1ed9 668) t\u1ea1o \u0111i\u1ec1u ki\u1ec7n thu\u1eadn l\u1ee3i trong giao l\u01b0u, v\u1eadn chuy\u1ec3n h\u00e0ng h\u00f3a, ph\u00e1t tri\u1ec3n th\u01b0\u01a1ng m\u1ea1i \u2013 d\u1ecbch v\u1ee5. 2. Trung t\u00e2m h\u00e0nh ch\u00ednh \u2013 ch\u00ednh tr\u1ecb:  - L\u00e0 n\u01a1i \u0111\u1eb7t tr\u1ee5 s\u1edf c\u1ee7a \u0110\u1ea3ng \u1ee7y, H\u0110ND-UBND ph\u01b0\u1eddng, UBMTTQVN ph\u01b0\u1eddng v\u00e0 nhi\u1ec1u c\u01a1 quan khu v\u1ef1c c\u1ee7a Trung \u01b0\u01a1ng, c\u1ee7a t\u1ec9nh t\u1ea1o \u0111i\u1ec1u ki\u1ec7n thu\u1eadn l\u1ee3i cho vi\u1ec7c \u0111i\u1ec1u h\u00e0nh, thu h\u00fat \u0111\u1ea7u t\u01b0 v\u00e0 tri\u1ec3n khai c\u00e1c ch\u00ednh s\u00e1ch ph\u00e1t tri\u1ec3n kinh t\u1ebf - x\u00e3 h\u1ed9i. - H\u1ea1 t\u1ea7ng c\u00f4ng s\u1edf, h\u1ec7 th\u1ed1ng thi\u1ebft ch\u1ebf c\u00f4ng c\u1ed9ng, c\u00e1c \u0111\u01a1n v\u1ecb s\u1ef1 nghi\u1ec7p nh\u01b0 y t\u1ebf, gi\u00e1o d\u1ee5c, v\u0103n h\u00f3a \u2013 th\u00f4ng tin t\u1eadp trung kh\u00e1 \u0111\u1ea7y \u0111\u1ee7, t\u1ea1o n\u1ec1n t\u1ea3ng v\u1eefng ch\u1eafc \u0111\u1ec3 ph\u00e1t tri\u1ec3n d\u1ecbch v\u1ee5 h\u00e0nh ch\u00ednh c\u00f4ng, gi\u00e1o d\u1ee5c, y t\u1ebf ch\u1ea5t l\u01b0\u1ee3ng cao. 3. L\u1ef1c l\u01b0\u1ee3ng lao \u0111\u1ed9ng:  D\u00e2n s\u1ed1 trung b\u00ecnh l\u00e0 26.820 ng\u01b0\u1eddi (trong \u0111\u00f3 l\u1ef1c l\u01b0\u1ee3ng lao \u0111\u1ed9ng trong \u0111\u1ed9 tu\u1ed5i l\u00e0 15.389 ng\u01b0\u1eddi, chi\u1ebfm 57,38%), \u0111\u00f4ng h\u01a1n so v\u1edbi c\u00e1c x\u00e3 l\u00e2n c\u1eadn, tr\u00ecnh \u0111\u1ed9 d\u00e2n tr\u00ed ng\u00e0y c\u00e0ng n\u00e2ng cao; c\u00f3 l\u1ef1c l\u01b0\u1ee3ng lao \u0111\u1ed9ng tr\u1ebb, s\u1eb5n s\u00e0ng th\u00edch \u1ee9ng v\u1edbi c\u00e1c ng\u00e0nh ngh\u1ec1 m\u1edbi. 4. V\u1ec1 N\u00f4ng nghi\u1ec7p:  Ph\u01b0\u1eddng Ayun Pa c\u00f3 di\u1ec7n t\u00edch \u0111\u1ea5t s\u1ea3n xu\u1ea5t n\u00f4ng nghi\u1ec7p 1.141,03ha, trong \u0111\u00f3, \u0111\u1ea5t tr\u1ed3ng l\u00faa n\u01b0\u1edbc 684,64ha, \u0111\u1ea5t tr\u1ed3ng c\u00e2y h\u1eb1ng n\u0103m 199,70ha, \u0111\u1ea5t tr\u1ed3ng c\u00e2y l\u00e2u n\u0103m 216,84ha, h\u00e0ng n\u0103m g\u00f3p ph\u1ea7n t\u0103ng gi\u00e1 tr\u1ecb kinh t\u1ebf cho \u0111\u1ecba ph\u01b0\u01a1ng. C\u00f3 h\u1ec7 th\u1ed1ng m\u01b0\u01a1ng n\u01b0\u1edbc th\u1ee7y l\u1ee3i Ayun h\u1ea1 v\u00e0 h\u1ec7 th\u1ed1ng k\u00eanh nh\u00e1nh bao ph\u1ee7 r\u1ed9ng kh\u1eafp t\u1ea1o \u0111i\u1ec1u ki\u1ec7n ph\u00e1t tri\u1ec3n ng\u00e0nh n\u00f4ng nghi\u1ec7p c\u1ee7a \u0111\u1ecba ph\u01b0\u01a1ng. 5. V\u1ec1 c\u00f4ng nghi\u1ec7p \u2013 x\u00e2y d\u1ef1ng:  - C\u00f3 02 nh\u00e0 m\u00e1y ch\u1ebf bi\u1ebfn tr\u00ean \u0111\u1ecba b\u00e0n ho\u1ea1t \u0111\u1ed9ng \u1ed5n \u0111\u1ecbnh, nh\u01b0: Nh\u00e0 m\u00e1y \u0111\u01b0\u1eddng Ayun Pa ho\u1ea1t \u0111\u1ed9ng v\u1edbi c\u00f4ng su\u1ea5t 8.000 t\u1ea5n m\u00eda/ng\u00e0y; Nh\u00e0 m\u00e1y h\u1ea1t \u0111i\u1ec1u Long S\u01a1n v\u1edbi c\u00f4ng su\u1ea5t 3,5 t\u1ea5n \u0111i\u1ec1u th\u00e0nh ph\u1ea9m/ng\u00e0y l\u00e0 n\u01a1i ch\u1ebf bi\u1ebfn n\u00f4ng s\u1ea3n cho ng\u01b0\u1eddi d\u00e2n tr\u00ean \u0111\u1ecba b\u00e0n v\u00e0 c\u00e1c v\u00f9ng l\u00e2n c\u1eadn. Ngo\u00e0i ra c\u00f2n c\u00f3 m\u1ed9t s\u1ed1 c\u01a1 s\u1edf s\u1ea3n xu\u1ea5t v\u1eadt li\u1ec7u x\u00e2y d\u1ef1ng, may m\u1eb7c, ch\u1ebf bi\u1ebfn g\u1ed7, c\u01a1 kh\u00ed s\u1eeda ch\u1eefa, s\u1ea3n xu\u1ea5t c\u00e1c m\u1eb7t h\u00e0ng th\u1ee7 c\u00f4ng m\u1ef9 ngh\u1ec7 ph\u1ee5c v\u1ee5 ti\u00eau d\u00f9ng \u0111\u00f3ng g\u00f3p l\u1edbn trong gi\u00e1 tr\u1ecb s\u1ea3n xu\u1ea5t ng\u00e0nh c\u00f4ng nghi\u1ec7p tr\u00ean \u0111\u1ecba b\u00e0n. - C\u00f3 l\u1ee3i th\u1ebf v\u1ec1 qu\u1ef9 \u0111\u1ea5t \u0111\u00f4 th\u1ecb c\u00f3 th\u1ec3 quy ho\u1ea1ch \u0111\u1ec3 ph\u00e1t tri\u1ec3n khu d\u00e2n c\u01b0, khu th\u01b0\u01a1ng m\u1ea1i, ch\u1ee3 truy\u1ec1n th\u1ed1ng, trung t\u00e2m th\u01b0\u01a1ng m\u1ea1i \u2013 d\u1ecbch v\u1ee5 t\u1ed5ng h\u1ee3p. C\u00f3 kh\u1ea3 n\u0103ng tr\u1edf th\u00e0nh trung t\u00e2m th\u01b0\u01a1ng m\u1ea1i \u2013 d\u1ecbch v\u1ee5 c\u1ee7a khu v\u1ef1c ph\u00eda \u0110\u00f4ng Nam, ph\u1ee5c v\u1ee5 kh\u00f4ng ch\u1ec9 ng\u01b0\u1eddi d\u00e2n trong ph\u01b0\u1eddng m\u00e0 c\u1ea3 v\u00f9ng l\u00e2n c\u1eadn. - C\u00e1c tuy\u1ebfn \u0111\u01b0\u1eddng n\u1ed9i th\u1ecb, tuy\u1ebfn \u0111\u01b0\u1eddng v\u00e0nh \u0111ai c\u01a1 b\u1ea3n \u0111\u00e3 v\u00e0 \u0111ang \u0111\u01b0\u1ee3c \u0111\u1ea7u x\u00e2y d\u1ef1ng, \u0111\u1eb7c bi\u1ec7t l\u00e0 c\u00e1c tuy\u1ebfn \u0111\u01b0\u1eddng k\u1ebft n\u1ed1i v\u1edbi c\u00e1c tuy\u1ebfn qu\u1ed1c l\u1ed9 25, t\u1ec9nh l\u1ed9 668,\u2026H\u1ec7 th\u1ed1ng tho\u00e1t n\u01b0\u1edbc, v\u1ec9a h\u00e8, c\u00e2y xanh, \u0111i\u1ec7n chi\u1ebfu s\u00e1ng, c\u00f4ng vi\u00ean, qu\u1ea3ng tr\u01b0\u1eddng,... \u0111\u00e3 \u0111\u01b0\u1ee3c quan t\u00e2m \u0111\u1ea7u t\u01b0 c\u01a1 b\u1ea3n \u0111\u00e1p \u1ee9ng nhu c\u1ea7u s\u1eed d\u1ee5ng. 6. V\u1ec1 th\u01b0\u01a1ng m\u1ea1i \u2013 d\u1ecbch v\u1ee5:  - L\u00e0 ph\u01b0\u1eddng trung t\u00e2m c\u1ee7a khu v\u1ef1c ph\u00eda \u0110\u00f4ng Nam, t\u1ec9nh Gai Lai (c\u0169) di\u1ec7n m\u1ea1o ng\u00e0y c\u00e0ng \u0111\u1ed5i m\u1edbi, t\u1ea1o \u0111i\u1ec1u ki\u1ec7n ph\u00e1t tri\u1ec3n c\u00e1c lo\u1ea1i h\u00ecnh d\u1ecbch v\u1ee5: nh\u00e0 h\u00e0ng \u2013 kh\u00e1ch s\u1ea1n, c\u1eeda h\u00e0ng ti\u1ec7n \u00edch, ng\u00e2n h\u00e0ng, vi\u1ec5n th\u00f4ng, t\u00e0i ch\u00ednh \u2013 b\u1ea3o hi\u1ec3m\u2026 - To\u00e0n \u0111\u1ecba b\u00e0n ph\u01b0\u1eddng c\u00f3 2 ch\u1ee3, nhi\u1ec1u c\u1eeda h\u00e0ng ti\u1ec7n l\u1ee3i v\u00e0 h\u1ed9 kinh doanh cung \u1ee9ng nhi\u1ec1u m\u1eb7t h\u00e0ng, h\u00e0ng h\u00f3a \u0111\u00e1p \u1ee9ng \u0111\u1ee7 nhu c\u1ea7u ti\u00eau d\u00f9ng cho Nh\u00e2n d\u00e2n tr\u00ean \u0111\u1ecba b\u00e0n v\u00e0 c\u00e1c x\u00e3 l\u00e2n c\u1eadn. - C\u00e1c ng\u00e0nh d\u1ecbch v\u1ee5 b\u01b0u ch\u00ednh, vi\u1ec5n th\u00f4ng, v\u1eadn t\u1ea3i, b\u1ea3o hi\u1ec3m, m\u00f4i gi\u1edbi, t\u01b0 v\u1ea5n, kinh doanh, d\u1ecbch v\u1ee5 t\u00e0i ch\u00ednh - ng\u00e2n h\u00e0ng (c\u00f3 05 ng\u00e2n h\u00e0ng th\u01b0\u01a1ng m\u1ea1i, Ng\u00e2n h\u00e0ng ch\u00ednh s\u00e1ch x\u00e3 h\u1ed9i, VNPT, Viettel, b\u01b0u \u0111i\u1ec7n, c\u00e1c h\u00e3ng b\u1ea3o hi\u1ec3m,\u2026) \u0111\u00e1p \u1ee9ng k\u1ecbp th\u1eddi nhu c\u1ea7u v\u1ed1n ph\u1ee5c v\u1ee5 s\u1ea3n xu\u1ea5t, th\u00f4ng tin li\u00ean l\u1ea1c v\u00e0 sinh ho\u1ea1t c\u1ee7a Nh\u00e2n d\u00e2n tr\u00ean \u0111\u1ecba b\u00e0n v\u00e0 c\u00e1c \u0111\u1ecba ph\u01b0\u01a1ng l\u00e2n c\u1eadn.</p></div>", "dan_so": "26820", "lanh_dao": "<p>-Tr\u1ea7n Qu\u1ed1c Kh\u00e1nh, B\u00ed th\u01b0 \u0110\u1ea3ng u\u1ef7 Ch\u1ee7 t\u1ecbch H\u0110ND 0914138362</p><p>-\u0110\u1eb7ng Xu\u00e2n To\u00e0n, Ch\u1ee7 t\u1ecbch UBND 0988158180</p>", "sap_nhap": "\u0110o\u00e0n K\u1ebft, S\u00f4ng B\u1edd, Cheo Reo, H\u00f2a B\u00ecnh", "dtich_km2": "17.61", "ma_xa": 35, "tru_so": "<p>\u0110\u1ea3ng \u1ee7y-H\u0110ND-UBND-Trung t\u00e2m PVHCC: S\u1ed1 63 \u0111\u01b0\u1eddng Nguy\u1ec5n Hu\u1ec7, ph\u01b0\u1eddng Ayun Pa<br> MTTQ: S\u1ed1 01 \u0111\u01b0\u1eddng Nguy\u1ec5n Vi\u1ebft Xu\u00e2n, ph\u01b0\u1eddng Ayun Pa<br> <br><br></p>", "url": "https://baogialai.com.vn/dia-phuong/phuong-ayun-pa/35.html", "ten_xa": "Ph\u01b0\u1eddng Ayun Pa", "order": 100}, "geometry": {"type": "Polygon", "coordinates": [[[108.42698, 13.44008], [108.42646, 13.44073], [108.42479, 13.43958], [108.42403, 13.4346], [108.42287, 13.43215], [108.42323, 13.43135], [108.42059, 13.4295], [108.41992, 13.42699], [108.41646, 13.42496], [108.41602, 13.42292], [108.41661, 13.42238], [108.41552, 13.42023], [108.41402, 13.41957], [108.41162, 13.42023], [108.40763, 13.41199], [108.40743, 13.40928], [108.41377, 13.41142], [108.41651, 13.40875], [108.41585, 13.40278], [108.41637, 13.4008], [108.42046, 13.40125], [108.41845, 13.4007], [108.41883, 13.39869], [108.42135, 13.39966], [108.42285, 13.39863], [108.42615, 13.39835], [108.42852, 13.39483], [108.43005, 13.3954], [108.43203, 13.39202], [108.43455, 13.39279], [108.43436, 13.39117], [108.43603, 13.39123], [108.43641, 13.38999], [108.4443, 13.38914], [108.4443, 13.38271], [108.44686, 13.381], [108.4482, 13.38072], [108.44989, 13.38192], [108.44968, 13.38318], [108.44715, 13.38508], [108.44803, 13.38625], [108.45105, 13.38648], [108.45781, 13.3822], [108.45414, 13.39051], [108.45416, 13.39653], [108.45524, 13.39878], [108.45982, 13.40243], [108.46034, 13.4048], [108.45905, 13.4057], [108.45442, 13.41357], [108.4553, 13.41833], [108.44868, 13.41907], [108.44719, 13.42449], [108.44544, 13.42577], [108.44298, 13.42492], [108.44266, 13.42068], [108.44153, 13.41962], [108.43506, 13.42113], [108.43417, 13.42275], [108.43427, 13.42457], [108.43755, 13.42621], [108.4378, 13.42843], [108.43093, 13.42976], [108.42975, 13.4328], [108.43112, 13.43548], [108.43128, 13.43943], [108.42995, 13.44067], [108.42933, 13.43908], [108.42815, 13.43954], [108.42718, 13.43893], [108.42629, 13.43976], [108.42698, 13.44008]]]}}, {"type": "Feature", "properties": {"other_info": "<div id=\"economy\"><span class=\"cms\">Kinh t\u1ebf: </span><p>+Ph\u00e1t tri\u1ec3n kinh t\u1ebf n\u0103ng l\u01b0\u1ee3ng t\u00e1i t\u1ea1o, n\u00f4ng th\u00f4n</p><p>+CCN Ch\u01b0 Pr\u00f4ng 1 (15,0ha), CCN Ch\u01b0 Pr\u00f4ng 2, CCN Ch\u01b0 Pr\u00f4ng 3</p></div>", "dan_so": "22266", "lanh_dao": "<p>+Tr\u1ea7n Trung Hi\u1ebfu<br> B\u00ed th\u01b0 \u0110\u1ea3ng u\u1ef7 </p><p>Ch\u1ee7 t\u1ecbch H\u0110ND </p><p>0943072768</p><p>+Nguy\u1ec5n Quang Trung<br> Ch\u1ee7 t\u1ecbch UBND </p><p>0912044359</p>", "sap_nhap": "Th\u0103ng H\u01b0ng, B\u00ecnh Gi\u00e1o, B\u00e0u C\u1ea1n", "dtich_km2": "114.25", "ma_xa": 36, "tru_so": "<p>Th\u00f4n 1, x\u00e3 B\u00e0u C\u1ea1n</p>", "url": "https://baogialai.com.vn/dia-phuong/xa-bau-can/36.html", "ten_xa": "X\u00e3 B\u00e0u C\u1ea1n", "order": 100}, "geometry": {"type": "Polygon", "coordinates": [[[107.86619, 13.87899], [107.865, 13.87948], [107.86326, 13.87794], [107.86307, 13.87855], [107.86212, 13.87816], [107.86225, 13.87726], [107.86138, 13.87747], [107.86094, 13.87663], [107.86036, 13.87786], [107.85806, 13.87871], [107.84928, 13.87788], [107.84048, 13.87822], [107.83964, 13.87893], [107.84014, 13.87525], [107.83888, 13.8717], [107.83906, 13.86893], [107.83796, 13.86747], [107.8373, 13.86436], [107.83897, 13.8627], [107.83968, 13.85844], [107.8364, 13.85622], [107.83406, 13.85696], [107.83285, 13.85577], [107.83283, 13.85388], [107.82399, 13.8517], [107.82416, 13.8445], [107.82264, 13.84109], [107.82108, 13.84024], [107.82168, 13.83722], [107.82312, 13.83615], [107.8228, 13.83495], [107.82495, 13.83323], [107.82438, 13.83117], [107.82577, 13.82965], [107.82469, 13.82598], [107.82516, 13.82532], [107.82656, 13.82545], [107.82533, 13.82373], [107.82585, 13.82115], [107.82498, 13.8191], [107.82725, 13.81777], [107.82503, 13.81609], [107.8278, 13.81534], [107.82712, 13.81128], [107.83315, 13.81003], [107.82894, 13.80327], [107.82641, 13.80197], [107.82766, 13.80021], [107.8267, 13.7994], [107.82834, 13.79966], [107.83207, 13.79844], [107.83658, 13.79579], [107.84377, 13.79523], [107.85932, 13.78766], [107.8599, 13.78981], [107.86185, 13.78842], [107.86278, 13.78977], [107.86523, 13.78969], [107.869, 13.79245], [107.90145, 13.78855], [107.89718, 13.77778], [107.89722, 13.77512], [107.8993, 13.77603], [107.89999, 13.77518], [107.90388, 13.77912], [107.90796, 13.78576], [107.91421, 13.78917], [107.91591, 13.79282], [107.91587, 13.79895], [107.91886, 13.80357], [107.92434, 13.80647], [107.92397, 13.80829], [107.92466, 13.80822], [107.92735, 13.81161], [107.92799, 13.81581], [107.9294, 13.81764], [107.93041, 13.82098], [107.9322, 13.82201], [107.93492, 13.82162], [107.93795, 13.82381], [107.93916, 13.82285], [107.94749, 13.82225], [107.94759, 13.82284], [107.95026, 13.82169], [107.9534, 13.82244], [107.954, 13.82325], [107.9535, 13.82462], [107.95656, 13.82927], [107.96269, 13.83302], [107.96411, 13.83923], [107.9663, 13.84268], [107.96372, 13.84535], [107.96909, 13.85289], [107.97016, 13.85679], [107.9743, 13.85884], [107.9717, 13.86322], [107.97036, 13.86266], [107.96868, 13.86658], [107.96594, 13.8653], [107.9631, 13.86526], [107.95863, 13.86263], [107.95401, 13.86598], [107.95079, 13.86538], [107.94792, 13.86347], [107.94414, 13.86671], [107.94284, 13.87016], [107.94209, 13.87048], [107.93803, 13.8675], [107.93263, 13.86632], [107.93253, 13.86452], [107.93129, 13.86473], [107.93071, 13.8638], [107.9231, 13.86358], [107.91754, 13.86164], [107.91542, 13.86485], [107.91467, 13.86818], [107.89614, 13.86916], [107.89504, 13.87255], [107.89598, 13.87345], [107.89618, 13.87565], [107.89461, 13.87727], [107.89381, 13.87578], [107.89269, 13.87623], [107.89139, 13.87464], [107.89022, 13.87546], [107.88855, 13.87499], [107.88784, 13.87247], [107.88591, 13.87221], [107.8851, 13.8734], [107.88388, 13.87269], [107.88278, 13.87353], [107.88187, 13.87165], [107.87938, 13.87249], [107.87987, 13.8735], [107.87752, 13.87261], [107.87643, 13.8744], [107.8761, 13.87269], [107.87506, 13.87385], [107.87334, 13.87301], [107.87361, 13.87409], [107.87219, 13.8745], [107.87256, 13.87511], [107.87179, 13.87484], [107.87226, 13.87579], [107.87021, 13.87641], [107.86916, 13.87831], [107.86686, 13.8778], [107.86586, 13.87837], [107.86619, 13.87899]]]}}, {"type": "Feature", "properties": {"other_info": "<div id=\"economy\"><span class=\"cms\">Kinh t\u1ebf: </span><p>+Ph\u00e1t tri\u1ec3n kinh t\u1ebf d\u1ecbch v\u1ee5 du l\u1ecbch, kinh t\u1ebf n\u00f4ng th\u00f4n</p></div>", "dan_so": "40983", "lanh_dao": "<p>+Nay Ki\u00ean<br> B\u00ed th\u01b0 \u0110\u1ea3ng u\u1ef7 </p><p>Ch\u1ee7 t\u1ecbch H\u0110ND </p><p>0982487035</p><p>+Tr\u1ecbnh V\u0103n Sang<br> Ch\u1ee7 t\u1ecbch UBND </p><p>0913450486</p>", "sap_nhap": "Ngh\u0129a H\u01b0ng, Ch\u01b0 \u0110ang Ya, H\u00e0 B\u1ea7u, Bi\u1ec3n H\u1ed3", "dtich_km2": "170.44", "ma_xa": 37, "tru_so": "<p>S\u1ed1 303 \u0111\u01b0\u1eddng T\u00f4n \u0110\u1ee9c Th\u1eafng, x\u00e3 Bi\u1ec3n H\u1ed3</p>", "url": "https://baogialai.com.vn/dia-phuong/xa-bien-ho/37.html", "ten_xa": "X\u00e3 Bi\u1ec3n H\u1ed3", "order": 100}, "geometry": {"type": "Polygon", "coordinates": [[[108.06074, 14.1707], [108.05511, 14.17865], [108.04912, 14.16592], [108.04617, 14.16545], [108.04503, 14.16265], [108.03868, 14.15689], [108.0382, 14.15297], [108.039, 14.15153], [108.03807, 14.14897], [108.03611, 14.14902], [108.03012, 14.1464], [108.02969, 14.14488], [108.02863, 14.14438], [108.01406, 14.1441], [108.01252, 14.14441], [108.01128, 14.14584], [108.00848, 14.14414], [108.00611, 14.14396], [108.0059, 14.1413], [108.00283, 14.13671], [108.00045, 14.13113], [107.99982, 14.12711], [108.00051, 14.1231], [108.00214, 14.12081], [108.0025, 14.11505], [108.00368, 14.11322], [107.99981, 14.10916], [107.99986, 14.10462], [107.99778, 14.10093], [107.996, 14.10036], [107.99353, 14.10199], [107.98891, 14.1012], [107.98667, 14.09963], [107.98412, 14.09546], [107.97939, 14.09541], [107.97843, 14.09441], [107.97526, 14.09493], [107.97426, 14.09409], [107.97513, 14.09202], [107.97303, 14.09335], [107.97229, 14.09189], [107.9712, 14.0915], [107.971, 14.09026], [107.96997, 14.09072], [107.96805, 14.08832], [107.96625, 14.09016], [107.96394, 14.0896], [107.95575, 14.09461], [107.95471, 14.09318], [107.95191, 14.09298], [107.95269, 14.0927], [107.95249, 14.09022], [107.95135, 14.09027], [107.94969, 14.08848], [107.94721, 14.08752], [107.94373, 14.08705], [107.93927, 14.08967], [107.93742, 14.08787], [107.93881, 14.08677], [107.93832, 14.08512], [107.93952, 14.08518], [107.94166, 14.08273], [107.94373, 14.08209], [107.94396, 14.08074], [107.94581, 14.07927], [107.94654, 14.08011], [107.94889, 14.07748], [107.9517, 14.07749], [107.95074, 14.07498], [107.95498, 14.07344], [107.95618, 14.07504], [107.95695, 14.07442], [107.95811, 14.07521], [107.95864, 14.07478], [107.95829, 14.073], [107.95945, 14.07267], [107.9585, 14.07088], [107.96, 14.06846], [107.96179, 14.06734], [107.96276, 14.06055], [107.9639, 14.05875], [107.9642, 14.05571], [107.96227, 14.05162], [107.9647, 14.05207], [107.96649, 14.0536], [107.97212, 14.05249], [107.97329, 14.0532], [107.97659, 14.05311], [107.97866, 14.05155], [107.98389, 14.05233], [107.98551, 14.0546], [107.98539, 14.06184], [107.98699, 14.06371], [107.98988, 14.06351], [107.99121, 14.06169], [107.99652, 14.06248], [107.99959, 14.06228], [107.99973, 14.06146], [108.00091, 14.06116], [108.00214, 14.05827], [108.00325, 14.05816], [108.00314, 14.05672], [108.00116, 14.05764], [107.99831, 14.05747], [107.99846, 14.05643], [107.99641, 14.05491], [107.99166, 14.05388], [107.98994, 14.05166], [107.98949, 14.04979], [107.99143, 14.04626], [107.99121, 14.04091], [107.99281, 14.03861], [107.99424, 14.0379], [107.99473, 14.03597], [107.99739, 14.03438], [107.99716, 14.02771], [108.00008, 14.02597], [108.00333, 14.02585], [108.00557, 14.02415], [108.00704, 14.02195], [108.00898, 14.01424], [108.01159, 14.01285], [108.01301, 14.00924], [108.01487, 14.00706], [108.01666, 14.00691], [108.01828, 14.00863], [108.02093, 14.00826], [108.02533, 14.01006], [108.02853, 14.0081], [108.03017, 14.00592], [108.03126, 14.0064], [108.02991, 14.01048], [108.03251, 14.01207], [108.03237, 14.01377], [108.03439, 14.01301], [108.03295, 14.01669], [108.02794, 14.01779], [108.02782, 14.02201], [108.03308, 14.0215], [108.03499, 14.02451], [108.03567, 14.0242], [108.03568, 14.02595], [108.03858, 14.026], [108.03854, 14.02698], [108.04708, 14.02776], [108.04748, 14.03048], [108.04673, 14.0324], [108.04894, 14.03355], [108.05124, 14.03363], [108.05336, 14.03318], [108.052, 14.03024], [108.05648, 14.0251], [108.05743, 14.01969], [108.05684, 14.01543], [108.05799, 14.01027], [108.05983, 14.00756], [108.05927, 14.00731], [108.06276, 14.00555], [108.06323, 14.00658], [108.06473, 14.00669], [108.06644, 14.00413], [108.06778, 14.00618], [108.06875, 14.0059], [108.06709, 14.00272], [108.06837, 14.00214], [108.06892, 13.99987], [108.07008, 14.00088], [108.07029, 14.00302], [108.07247, 14.00251], [108.0742, 14.00031], [108.07471, 14.0018], [108.07617, 14.00139], [108.07823, 14.00287], [108.07669, 14.00573], [108.07838, 14.00719], [108.0758, 14.00864], [108.07555, 14.01025], [108.07332, 14.01001], [108.07338, 14.01173], [108.07551, 14.01211], [108.07525, 14.01765], [108.07897, 14.01673], [108.08325, 14.02067], [108.08129, 14.0216], [108.08151, 14.02242], [108.08033, 14.0215], [108.0794, 14.02286], [108.07863, 14.02167], [108.0764, 14.02394], [108.07511, 14.02397], [108.07509, 14.02596], [108.07613, 14.02777], [108.07852, 14.02813], [108.0816, 14.03089], [108.08376, 14.02928], [108.08444, 14.03021], [108.08389, 14.03084], [108.08513, 14.03034], [108.08793, 14.03276], [108.08923, 14.03184], [108.08867, 14.03327], [108.09019, 14.03394], [108.08879, 14.03587], [108.08925, 14.03748], [108.08762, 14.03929], [108.08953, 14.04291], [108.08805, 14.04507], [108.08658, 14.04562], [108.08773, 14.04759], [108.08542, 14.0488], [108.08501, 14.04987], [108.08571, 14.0526], [108.08415, 14.05289], [108.08492, 14.05536], [108.08372, 14.05556], [108.0839, 14.05777], [108.08246, 14.05792], [108.08281, 14.06143], [108.08147, 14.06161], [108.08166, 14.06477], [108.08544, 14.06939], [108.08685, 14.06939], [108.08739, 14.0712], [108.09326, 14.07583], [108.10114, 14.08539], [108.10348, 14.08645], [108.10547, 14.08865], [108.10745, 14.09094], [108.10976, 14.09677], [108.10665, 14.10043], [108.10426, 14.10121], [108.10393, 14.1027], [108.1027, 14.10245], [108.09734, 14.11], [108.09543, 14.11083], [108.09212, 14.11646], [108.08989, 14.12406], [108.08878, 14.12519], [108.0884, 14.12867], [108.08724, 14.13037], [108.08606, 14.13633], [108.08655, 14.13834], [108.08481, 14.14283], [108.08519, 14.14476], [108.08362, 14.1432], [108.07971, 14.14386], [108.07603, 14.14743], [108.07474, 14.15134], [108.06763, 14.15594], [108.0656, 14.16069], [108.06118, 14.16498], [108.06074, 14.1707]]]}}, {"type": "Feature", "properties": {"other_info": "<div id=\"economy\"><span class=\"cms\">Kinh t\u1ebf: </span><p>+Ph\u00e1t tri\u1ec3n kinh t\u1ebf d\u1ecbch v\u1ee5 du l\u1ecbch, kinh t\u1ebf n\u00f4ng th\u00f4n</p><p>+CCN G\u00f2 C\u1ea7y (30,0ha), CCN B\u00ecnh Th\u00e0nh</p></div>", "dan_so": "34118", "lanh_dao": "<p>+L\u00ea T\u1eeb B\u00ecnh<br> B\u00ed th\u01b0 \u0110\u1ea3ng u\u1ef7 </p><p>Ch\u1ee7 t\u1ecbch H\u0110ND </p><p>0985013584</p><p>+Mai Xu\u00e2n H\u1eadu<br> Ch\u1ee7 t\u1ecbch UBND </p><p>0986956910</p>", "sap_nhap": "T\u00e2y Vinh, T\u00e2y B\u00ecnh, B\u00ecnh H\u00f2a, B\u00ecnh Th\u00e0nh", "dtich_km2": "80.97", "ma_xa": 38, "tru_so": "<p>Th\u00f4n Tr\u01b0\u1eddng \u0110\u1ecbnh 2, x\u00e3 B\u00ecnh An (Tr\u1ee5 s\u1edf x\u00e3 B\u00ecnh H\u00f2a tr\u01b0\u1edbc \u0111\u00e2y)</p>", "url": "https://baogialai.com.vn/dia-phuong/xa-binh-an/38.html", "ten_xa": "X\u00e3 B\u00ecnh An", "order": 100}, "geometry": {"type": "Polygon", "coordinates": [[[108.89101, 13.99607], [108.88543, 13.99996], [108.8832, 13.99847], [108.87856, 13.99891], [108.879, 13.99826], [108.87812, 13.99643], [108.87532, 13.99482], [108.87635, 13.99236], [108.87577, 13.99044], [108.87657, 13.98795], [108.87487, 13.98465], [108.87871, 13.98257], [108.87853, 13.98124], [108.87678, 13.98002], [108.87655, 13.97672], [108.87528, 13.97601], [108.8744, 13.97368], [108.87169, 13.97218], [108.86587, 13.95251], [108.85998, 13.94854], [108.86252, 13.94531], [108.86492, 13.94367], [108.87459, 13.93985], [108.8785, 13.93668], [108.88119, 13.93673], [108.88283, 13.93574], [108.88816, 13.92921], [108.897, 13.92298], [108.89954, 13.92196], [108.90254, 13.91817], [108.90707, 13.91517], [108.91342, 13.91486], [108.91161, 13.91866], [108.91291, 13.91948], [108.9115, 13.92182], [108.91415, 13.93036], [108.92862, 13.92894], [108.92676, 13.92437], [108.93036, 13.92323], [108.93104, 13.92217], [108.93454, 13.92062], [108.93864, 13.92128], [108.93905, 13.92335], [108.93995, 13.92362], [108.94127, 13.9232], [108.94131, 13.92194], [108.94491, 13.92175], [108.9447, 13.91384], [108.94277, 13.91097], [108.94215, 13.90824], [108.94934, 13.90744], [108.95558, 13.90839], [108.9636, 13.90767], [108.97871, 13.90831], [108.98351, 13.90773], [108.98753, 13.90851], [108.99368, 13.90655], [109.00373, 13.90653], [109.00946, 13.90778], [109.0134, 13.91017], [109.01432, 13.91288], [109.01739, 13.91364], [109.02052, 13.91553], [109.02206, 13.91747], [109.02181, 13.91921], [109.02574, 13.92047], [109.02684, 13.91993], [109.02972, 13.93035], [109.02328, 13.93145], [109.02361, 13.93311], [109.02205, 13.93399], [109.02397, 13.93764], [109.02268, 13.93757], [109.02318, 13.94032], [109.02195, 13.94138], [109.02238, 13.94469], [109.02021, 13.94628], [109.01461, 13.9459], [109.01502, 13.94318], [109.01283, 13.94307], [109.01063, 13.94031], [109.01177, 13.93892], [109.0108, 13.93788], [109.01207, 13.93279], [109.01284, 13.93218], [109.01094, 13.93011], [109.00949, 13.93041], [109.0067, 13.92739], [109.00525, 13.9273], [109.00615, 13.9301], [109.00497, 13.93002], [109.00514, 13.93114], [109.0018, 13.93113], [109.00174, 13.93236], [109.00095, 13.93277], [108.99832, 13.9327], [108.99872, 13.9362], [108.99765, 13.93628], [108.99831, 13.93702], [109.00083, 13.93663], [109.00154, 13.93812], [109.0016, 13.94157], [108.99977, 13.94281], [108.99931, 13.94188], [108.99833, 13.94252], [108.99758, 13.94105], [108.99529, 13.94145], [108.9882, 13.94018], [108.98513, 13.94062], [108.9837, 13.94184], [108.98203, 13.94169], [108.98147, 13.94118], [108.9818, 13.93628], [108.97886, 13.93585], [108.97564, 13.9374], [108.97538, 13.93511], [108.97291, 13.9351], [108.97088, 13.93666], [108.9696, 13.93523], [108.9686, 13.93644], [108.96747, 13.93523], [108.9663, 13.93523], [108.96526, 13.93872], [108.96635, 13.94118], [108.96487, 13.94028], [108.9635, 13.94178], [108.95918, 13.94308], [108.95855, 13.94433], [108.95553, 13.94364], [108.9491, 13.95025], [108.94685, 13.9506], [108.94763, 13.95303], [108.94464, 13.95355], [108.94523, 13.95528], [108.94368, 13.95575], [108.94298, 13.96145], [108.94041, 13.9621], [108.93827, 13.96462], [108.93757, 13.971], [108.93657, 13.97075], [108.93289, 13.97279], [108.92825, 13.97144], [108.92582, 13.9721], [108.92463, 13.97327], [108.92319, 13.97242], [108.9209, 13.97273], [108.91828, 13.97608], [108.918, 13.9781], [108.91608, 13.98053], [108.91648, 13.98264], [108.91454, 13.9847], [108.91158, 13.99117], [108.90793, 13.98826], [108.90644, 13.98816], [108.90459, 13.98945], [108.90072, 13.98825], [108.89604, 13.99216], [108.89252, 13.99394], [108.89101, 13.99607]]]}}, {"type": "Feature", "properties": {"other_info": "<div id=\"economy\"><span class=\"cms\">Kinh t\u1ebf: </span><p>+Ph\u00e1t tri\u1ec3n kinh t\u1ebf \u0111\u00f4 th\u1ecb</p><p>+CCN B\u00ecnh \u0110\u1ecbnh (14,4ha), CCN \u0110\u1ed3i H\u1ecfa S\u01a1n (37,0ha), CCN T\u00e2n \u0110\u1ee9c (31,5ha)</p></div>", "dan_so": "42768", "lanh_dao": "<p>+\u0110\u00e0o Xu\u00e2n Huy<br> B\u00ed th\u01b0 \u0110\u1ea3ng u\u1ef7 </p><p>Ch\u1ee7 t\u1ecbch H\u0110ND </p><p>0989774599</p><p>+L\u00ea Qu\u1ed1c C\u01b0\u1eddng<br> Ch\u1ee7 t\u1ecbch UBND </p><p>0919467799</p>", "sap_nhap": "B\u00ecnh \u0110\u1ecbnh, Nh\u01a1n Kh\u00e1nh, Nh\u01a1n Ph\u00fac", "dtich_km2": "25.16", "ma_xa": 39, "tru_so": "<p>S\u1ed1 79 L\u00ea H\u1ed3ng Phong, ph\u01b0\u1eddng B\u00ecnh \u0110\u1ecbnh</p>", "url": "https://baogialai.com.vn/dia-phuong/phuong-binh-dinh/39.html", "ten_xa": "Ph\u01b0\u1eddng B\u00ecnh \u0110\u1ecbnh", "order": 100}, "geometry": {"type": "Polygon", "coordinates": [[[109.02456, 13.91747], [109.02166, 13.91724], [109.01978, 13.91492], [109.01432, 13.91288], [109.01359, 13.91031], [109.0098, 13.90792], [109.00373, 13.90653], [108.99685, 13.90634], [108.99683, 13.90456], [108.99931, 13.902], [109.00112, 13.90083], [109.00582, 13.89993], [109.00654, 13.89789], [109.00529, 13.89488], [109.00572, 13.89331], [109.00389, 13.89283], [109.00586, 13.89071], [109.00604, 13.88696], [109.00951, 13.88261], [109.01193, 13.88352], [109.01645, 13.88347], [109.01788, 13.88543], [109.02128, 13.88516], [109.02141, 13.8859], [109.02557, 13.88807], [109.03226, 13.88899], [109.03416, 13.8901], [109.03656, 13.88954], [109.03728, 13.8923], [109.03916, 13.89206], [109.03962, 13.89131], [109.04554, 13.89165], [109.04998, 13.88972], [109.054, 13.88605], [109.05833, 13.88462], [109.06057, 13.88248], [109.06266, 13.88191], [109.07092, 13.8826], [109.07446, 13.8855], [109.07583, 13.88561], [109.07803, 13.88228], [109.07837, 13.87918], [109.07976, 13.87742], [109.08215, 13.87768], [109.08202, 13.88153], [109.08513, 13.8843], [109.08594, 13.88109], [109.09154, 13.88121], [109.0966, 13.87691], [109.10242, 13.88088], [109.1044, 13.88126], [109.11299, 13.8742], [109.11469, 13.87447], [109.1163, 13.8765], [109.11822, 13.87717], [109.1233, 13.87466], [109.12702, 13.8749], [109.12599, 13.87618], [109.12674, 13.87975], [109.12583, 13.87998], [109.12675, 13.88039], [109.12874, 13.88511], [109.12593, 13.88579], [109.12488, 13.88689], [109.12183, 13.88728], [109.12024, 13.89184], [109.12102, 13.8939], [109.1235, 13.89361], [109.12367, 13.89579], [109.11954, 13.89479], [109.11541, 13.89602], [109.11539, 13.89536], [109.11401, 13.89536], [109.11491, 13.89478], [109.11398, 13.8928], [109.11213, 13.89321], [109.10896, 13.89083], [109.10731, 13.89159], [109.10717, 13.89064], [109.10517, 13.8913], [109.10549, 13.89264], [109.10305, 13.89454], [109.1021, 13.8928], [109.09869, 13.89362], [109.09604, 13.89187], [109.09563, 13.89249], [109.09548, 13.89109], [109.09392, 13.89099], [109.09067, 13.89337], [109.08742, 13.89371], [109.08694, 13.89502], [109.08426, 13.89563], [109.07769, 13.89329], [109.07481, 13.89326], [109.07158, 13.89495], [109.06922, 13.89883], [109.06324, 13.9005], [109.05493, 13.90511], [109.0494, 13.90351], [109.0472, 13.90134], [109.04007, 13.89892], [109.03603, 13.90353], [109.03111, 13.91166], [109.03081, 13.9138], [109.02456, 13.91747]]]}}, {"type": "Feature", "properties": {"other_info": "<div id=\"economy\"><span class=\"cms\">Kinh t\u1ebf: </span><p>+Ph\u00e1t tri\u1ec3n kinh t\u1ebf d\u1ecbch v\u1ee5 du l\u1ecbch, kinh t\u1ebf n\u00f4ng th\u00f4n</p><p>+CCN B\u00ecnh D\u01b0\u01a1ng (75,0ha)</p></div>", "dan_so": "27314", "lanh_dao": "<p>+Phan Xu\u00e2n Nam<br> B\u00ed th\u01b0 \u0110\u1ea3ng u\u1ef7 </p><p>Ch\u1ee7 t\u1ecbch H\u0110ND </p><p>0918344569</p><p>+\u0110inh C\u00f4ng Ho\u00e0ng<br> Ch\u1ee7 t\u1ecbch UBND </p><p>0905217935</p>", "sap_nhap": "B\u00ecnh D\u01b0\u01a1ng (th\u1ecb tr\u1ea5n), M\u1ef9 L\u1ee3i, M\u1ef9 Phong", "dtich_km2": "65.81", "ma_xa": 40, "tru_so": "<p>S\u1ed1 78 \u0111\u01b0\u1eddng Nguy\u1ec5n Nh\u1ea1c, x\u00e3 B\u00ecnh D\u01b0\u01a1ng (Tr\u1ee5 s\u1edf th\u1ecb tr\u1ea5n B\u00ecnh D\u01b0\u01a1ng tr\u01b0\u1edbc \u0111\u00e2y)</p>", "url": "https://baogialai.com.vn/dia-phuong/xa-binh-duong/40.html", "ten_xa": "X\u00e3 B\u00ecnh D\u01b0\u01a1ng", "order": 100}, "geometry": {"type": "Polygon", "coordinates": [[[109.1142, 14.21372], [109.11577, 14.21567], [109.11476, 14.21743], [109.11605, 14.22064], [109.11526, 14.22709], [109.11747, 14.23012], [109.11894, 14.23478], [109.1179, 14.23806], [109.11974, 14.24049], [109.12207, 14.2464], [109.12744, 14.2463], [109.13039, 14.2443], [109.13436, 14.24525], [109.13619, 14.24897], [109.14215, 14.25494], [109.14202, 14.25985], [109.14004, 14.26116], [109.14107, 14.26292], [109.14028, 14.26418], [109.14029, 14.27259], [109.14164, 14.27416], [109.14047, 14.27743], [109.13871, 14.27947], [109.13968, 14.28012], [109.13771, 14.28389], [109.1366, 14.28462], [109.13655, 14.28576], [109.13329, 14.28767], [109.13334, 14.29103], [109.11484, 14.31691], [109.09859, 14.31613], [109.09638, 14.31673], [109.09624, 14.31604], [109.09439, 14.31583], [109.09398, 14.31662], [109.08756, 14.31615], [109.08649, 14.31555], [109.08632, 14.31418], [109.0835, 14.31423], [109.08454, 14.31237], [109.08378, 14.3108], [109.08436, 14.31021], [109.0822, 14.3088], [109.08221, 14.30749], [109.0764, 14.30495], [109.07697, 14.30213], [109.07868, 14.30068], [109.07549, 14.29713], [109.07524, 14.2943], [109.07629, 14.29199], [109.0741, 14.29034], [109.07418, 14.28594], [109.07058, 14.28337], [109.07091, 14.28269], [109.06964, 14.28096], [109.07022, 14.27893], [109.06903, 14.27719], [109.06647, 14.27651], [109.0663, 14.27433], [109.06232, 14.27254], [109.06071, 14.26967], [109.05898, 14.2685], [109.05579, 14.26703], [109.05253, 14.26691], [109.05035, 14.26547], [109.04741, 14.26563], [109.04603, 14.26393], [109.04739, 14.26178], [109.04644, 14.26049], [109.04921, 14.25394], [109.06105, 14.25596], [109.06593, 14.25437], [109.06772, 14.25285], [109.06833, 14.25073], [109.07261, 14.24721], [109.07389, 14.24334], [109.07663, 14.24126], [109.07713, 14.23831], [109.07634, 14.2372], [109.07984, 14.2371], [109.08184, 14.23605], [109.08321, 14.23249], [109.08523, 14.23031], [109.08816, 14.23008], [109.08939, 14.22625], [109.09379, 14.22233], [109.09715, 14.2219], [109.10315, 14.21952], [109.10714, 14.21947], [109.1142, 14.21372]]]}}, {"type": "Feature", "properties": {"other_info": "<div id=\"economy\"><span class=\"cms\">Kinh t\u1ebf: </span><p>+Ph\u00e1t tri\u1ec3n kinh t\u1ebf d\u1ecbch v\u1ee5 du l\u1ecbch, kinh t\u1ebf n\u00f4ng th\u00f4n</p><p>+CCN B\u00ecnh T\u00e2n (30,0ha), CCN R\u1eaby \u00d4ng Th\u01a1 (21,0ha)</p></div>", "dan_so": "22441", "lanh_dao": "<p>+L\u00ea Minh L\u1ef1c<br> B\u00ed th\u01b0 \u0110\u1ea3ng u\u1ef7 </p><p>Ch\u1ee7 t\u1ecbch H\u0110ND </p><p>0983036968<br> <br></p><p>+L\u00ea H\u00e0 An<br> Ch\u1ee7 t\u1ecbch UBND </p><p>0905880223</p>", "sap_nhap": "B\u00ecnh Thu\u1eadn, B\u00ecnh T\u00e2n, T\u00e2y An", "dtich_km2": "161.23", "ma_xa": 41, "tru_so": "<p>Th\u00f4n H\u00f2a M\u1ef9, x\u00e3 B\u00ecnh Hi\u1ec7p (Tr\u1ee5 s\u1edf x\u00e3 B\u00ecnh Thu\u1eadn tr\u01b0\u1edbc \u0111\u00e2y)</p>", "url": "https://baogialai.com.vn/dia-phuong/xa-binh-hiep/41.html", "ten_xa": "X\u00e3 B\u00ecnh Hi\u1ec7p", "order": 100}, "geometry": {"type": "Polygon", "coordinates": [[[108.88731, 14.13216], [108.88642, 14.13398], [108.88216, 14.13467], [108.88013, 14.13258], [108.87566, 14.13105], [108.87394, 14.1282], [108.87177, 14.12642], [108.86867, 14.12607], [108.86804, 14.12371], [108.86721, 14.12372], [108.86616, 14.12214], [108.86223, 14.1213], [108.86227, 14.11914], [108.85826, 14.11673], [108.85999, 14.11248], [108.86178, 14.11128], [108.86327, 14.10784], [108.8624, 14.1024], [108.85999, 14.09971], [108.86312, 14.09309], [108.86185, 14.09067], [108.85973, 14.08911], [108.85542, 14.0875], [108.853, 14.08783], [108.85731, 14.08311], [108.85961, 14.08276], [108.86099, 14.08113], [108.86278, 14.08161], [108.86411, 14.08042], [108.86347, 14.07593], [108.86423, 14.07273], [108.85753, 14.06974], [108.85678, 14.06758], [108.85715, 14.06429], [108.85899, 14.06219], [108.86088, 14.06229], [108.86155, 14.06147], [108.86344, 14.06192], [108.86551, 14.06104], [108.86537, 14.05641], [108.86458, 14.05582], [108.86252, 14.05654], [108.86521, 14.05257], [108.86562, 14.04978], [108.86719, 14.04791], [108.8672, 14.04616], [108.8698, 14.04445], [108.86883, 14.04316], [108.86876, 14.03967], [108.86516, 14.03705], [108.8651, 14.0358], [108.86679, 14.03289], [108.86543, 14.02781], [108.86642, 14.02401], [108.86483, 14.0191], [108.86601, 14.0173], [108.86431, 14.01481], [108.86581, 14.01246], [108.86483, 14.00926], [108.86526, 14.0077], [108.86993, 14.00402], [108.87129, 14.00381], [108.87157, 14.00225], [108.87534, 14.00115], [108.88001, 13.99832], [108.8832, 13.99847], [108.88562, 13.99989], [108.90072, 13.98825], [108.90459, 13.98945], [108.90644, 13.98816], [108.90793, 13.98826], [108.91158, 13.99117], [108.91454, 13.9847], [108.91648, 13.98264], [108.91608, 13.98053], [108.918, 13.9781], [108.91828, 13.97608], [108.9209, 13.97273], [108.92319, 13.97242], [108.92463, 13.97327], [108.92582, 13.9721], [108.92825, 13.97144], [108.93289, 13.97279], [108.93657, 13.97075], [108.93757, 13.971], [108.93827, 13.96462], [108.94041, 13.9621], [108.94298, 13.96145], [108.94368, 13.95575], [108.94523, 13.95528], [108.94464, 13.95355], [108.94763, 13.95303], [108.94685, 13.9506], [108.9491, 13.95025], [108.95553, 13.94364], [108.95855, 13.94433], [108.95918, 13.94308], [108.9635, 13.94178], [108.96487, 13.94028], [108.96635, 13.94118], [108.96526, 13.93872], [108.9663, 13.93523], [108.96747, 13.93523], [108.9686, 13.93644], [108.9696, 13.93523], [108.97088, 13.93666], [108.97291, 13.9351], [108.97538, 13.93511], [108.97564, 13.9374], [108.97886, 13.93585], [108.9818, 13.93628], [108.98147, 13.94118], [108.98203, 13.94169], [108.9837, 13.94184], [108.98513, 13.94062], [108.9882, 13.94018], [108.99529, 13.94145], [108.99758, 13.94105], [108.99833, 13.94252], [108.99931, 13.94188], [108.99977, 13.94281], [109.0016, 13.94157], [109.00154, 13.93812], [109.00083, 13.93663], [108.99831, 13.93702], [108.99765, 13.93628], [108.99872, 13.9362], [108.99832, 13.9327], [109.00095, 13.93277], [109.00174, 13.93236], [109.0018, 13.93113], [109.00514, 13.93114], [109.00497, 13.93002], [109.00615, 13.9301], [109.00525, 13.9273], [109.0067, 13.92739], [109.00949, 13.93041], [109.01094, 13.93011], [109.01284, 13.93218], [109.01207, 13.93279], [109.0108, 13.93788], [109.01177, 13.93892], [109.01063, 13.94031], [109.01283, 13.94307], [109.01502, 13.94318], [109.01461, 13.9459], [109.01998, 13.94638], [109.02252, 13.94396], [109.02355, 13.94675], [109.02603, 13.95826], [109.02044, 13.96023], [109.0186, 13.96316], [109.01794, 13.96625], [109.01494, 13.9673], [109.01432, 13.96976], [109.01966, 13.97403], [109.01891, 13.97568], [109.01976, 13.97676], [109.02308, 13.97842], [109.02157, 13.98263], [109.0218, 13.98403], [109.02408, 13.98532], [109.023, 13.98721], [109.02326, 13.98927], [109.02551, 13.9902], [109.02651, 13.9897], [109.02765, 13.99341], [109.02843, 13.9933], [109.02946, 13.9947], [109.02936, 13.99763], [109.02214, 13.99935], [109.02131, 14.00115], [109.02154, 14.00378], [109.02085, 14.00346], [109.01924, 14.00646], [109.01137, 14.0108], [109.00828, 14.01058], [109.00138, 14.01299], [108.99913, 14.00891], [108.99359, 14.00628], [108.9923, 14.00678], [108.99193, 14.00863], [108.98989, 14.00897], [108.99024, 14.0097], [108.98059, 14.01335], [108.98085, 14.01406], [108.96426, 14.01475], [108.96157, 14.01686], [108.95879, 14.01692], [108.95737, 14.01912], [108.9565, 14.02444], [108.95418, 14.02804], [108.9517, 14.02727], [108.94959, 14.02778], [108.9492, 14.02879], [108.94748, 14.02834], [108.94271, 14.03424], [108.93937, 14.03527], [108.93744, 14.03495], [108.93477, 14.03698], [108.92926, 14.03483], [108.9249, 14.02931], [108.92389, 14.03301], [108.92132, 14.03332], [108.91871, 14.03794], [108.91483, 14.05336], [108.9111, 14.05942], [108.90944, 14.06003], [108.90743, 14.06301], [108.90528, 14.0732], [108.90218, 14.08043], [108.89687, 14.08366], [108.89537, 14.08548], [108.8977, 14.09196], [108.89569, 14.0945], [108.89704, 14.09715], [108.89153, 14.11127], [108.89519, 14.11536], [108.89583, 14.11789], [108.90013, 14.11827], [108.90097, 14.11912], [108.89823, 14.12636], [108.89883, 14.13265], [108.89614, 14.1341], [108.89515, 14.13243], [108.89357, 14.13164], [108.89133, 14.13194], [108.88916, 14.13329], [108.88731, 14.13216]]]}}, {"type": "Feature", "properties": {"other_info": "<div id=\"economy\"><span class=\"cms\">Kinh t\u1ebf: </span><p>+Ph\u00e1t tri\u1ec3n c\u00f4ng nghi\u1ec7p, n\u00f4ng nghi\u1ec7p h\u1eefu c\u01a1, c\u00f4ng ngh\u1ec7 cao, d\u1ecbch v\u1ee5 du l\u1ecbch</p><p>+Khu CN T\u00e2y Giang (300 ha), C\u1ee5m CN T\u00e2y Giang (75 ha), C\u1ee5m CN C\u1ea7u 16 (38 ha)</p></div>", "dan_so": "21680", "lanh_dao": "<p>+Nguy\u1ec5n V\u0103n Kh\u00e1nh<br> B\u00ed th\u01b0 \u0110\u1ea3ng u\u1ef7 </p><p>Ch\u1ee7 t\u1ecbch H\u0110ND </p><p>0918066768</p><p>+Nguy\u1ec5n C\u00f4ng \u0110\u1ec7<br> Ch\u1ee7 t\u1ecbch UBND </p><p>0977670679</p>", "sap_nhap": "T\u00e2y Giang, T\u00e2y Thu\u1eadn", "dtich_km2": "151.83", "ma_xa": 42, "tru_so": "<p>Th\u00f4n Th\u01b0\u1ee3ng Giang 2, x\u00e3 B\u00ecnh Kh\u00ea (Tr\u1ee5 s\u1edf x\u00e3 T\u00e2y Giang tr\u01b0\u1edbc \u0111\u00e2y)</p>", "url": "https://baogialai.com.vn/dia-phuong/xa-binh-khe/42.html", "ten_xa": "X\u00e3 B\u00ecnh Kh\u00ea", "order": 100}, "geometry": {"type": "Polygon", "coordinates": [[[108.76785, 14.04865], [108.76427, 14.0484], [108.76258, 14.04707], [108.75644, 14.04535], [108.75522, 14.04573], [108.75356, 14.04256], [108.75785, 14.0362], [108.75725, 14.02863], [108.75812, 14.02618], [108.75653, 14.02104], [108.75224, 14.01876], [108.75294, 14.01632], [108.75475, 14.01446], [108.75382, 14.01303], [108.75522, 14.01109], [108.75484, 14.00859], [108.75676, 14.00808], [108.7566, 14.0057], [108.75768, 14.00211], [108.76397, 13.99342], [108.76027, 13.98894], [108.75996, 13.98731], [108.75203, 13.98168], [108.75241, 13.9778], [108.75695, 13.96933], [108.75667, 13.96609], [108.75587, 13.96576], [108.75608, 13.96472], [108.75537, 13.96471], [108.7558, 13.96275], [108.75474, 13.96191], [108.75336, 13.95815], [108.75204, 13.9571], [108.75417, 13.95119], [108.75608, 13.94819], [108.75477, 13.94607], [108.7526, 13.94752], [108.75155, 13.9471], [108.74978, 13.94782], [108.74801, 13.93761], [108.74431, 13.93558], [108.74463, 13.92959], [108.74553, 13.92815], [108.74437, 13.92702], [108.74566, 13.92472], [108.74608, 13.9217], [108.75039, 13.92343], [108.75145, 13.91967], [108.75336, 13.91873], [108.76979, 13.92093], [108.78891, 13.90985], [108.79063, 13.9098], [108.79129, 13.91059], [108.79216, 13.90842], [108.79481, 13.90817], [108.79836, 13.90908], [108.79966, 13.90825], [108.80098, 13.90894], [108.80362, 13.90808], [108.81123, 13.91324], [108.81775, 13.91351], [108.82313, 13.91168], [108.82806, 13.9136], [108.8264, 13.91582], [108.83786, 13.92275], [108.84386, 13.92517], [108.84599, 13.92512], [108.84819, 13.92661], [108.85192, 13.92551], [108.8556, 13.92858], [108.85721, 13.93253], [108.85911, 13.93405], [108.86068, 13.93815], [108.86246, 13.94028], [108.86265, 13.94192], [108.85998, 13.94854], [108.86587, 13.95251], [108.87169, 13.97218], [108.8744, 13.97368], [108.87528, 13.97601], [108.87655, 13.97672], [108.87678, 13.98002], [108.87769, 13.98023], [108.87869, 13.98196], [108.87871, 13.98257], [108.87487, 13.98468], [108.87657, 13.98795], [108.87577, 13.99044], [108.87635, 13.99236], [108.87529, 13.99475], [108.87812, 13.99643], [108.879, 13.9983], [108.87534, 14.00115], [108.87157, 14.00225], [108.87129, 14.00381], [108.86993, 14.00402], [108.86582, 14.00714], [108.8649, 14.00871], [108.86581, 14.01246], [108.86431, 14.01481], [108.86601, 14.0173], [108.86483, 14.0191], [108.86623, 14.02337], [108.86425, 14.02426], [108.86136, 14.02294], [108.85909, 14.02304], [108.85676, 14.02156], [108.85626, 14.01959], [108.85352, 14.02037], [108.84935, 14.01809], [108.84763, 14.01851], [108.84538, 14.01717], [108.83998, 14.01905], [108.83474, 14.01765], [108.83362, 14.01662], [108.82529, 14.02517], [108.82333, 14.02416], [108.82446, 14.0233], [108.8235, 14.02224], [108.82355, 14.01848], [108.82163, 14.01673], [108.81866, 14.01812], [108.81764, 14.02204], [108.81664, 14.02088], [108.81331, 14.02305], [108.81269, 14.02954], [108.81012, 14.02708], [108.81002, 14.0256], [108.80742, 14.02552], [108.80229, 14.022], [108.79817, 14.02195], [108.79592, 14.02017], [108.79438, 14.02371], [108.79098, 14.02693], [108.7916, 14.02776], [108.79053, 14.03026], [108.7917, 14.03166], [108.7893, 14.03357], [108.78929, 14.03619], [108.7877, 14.03837], [108.78494, 14.04043], [108.7854, 14.04173], [108.78484, 14.04269], [108.78091, 14.04506], [108.77927, 14.04483], [108.77512, 14.04615], [108.77405, 14.04721], [108.77224, 14.04704], [108.76785, 14.04865]]]}}, {"type": "Feature", "properties": {"other_info": "<div id=\"economy\"><span class=\"cms\">Kinh t\u1ebf: </span><p>+Ph\u00e1t tri\u1ec3n kinh t\u1ebf d\u1ecbch v\u1ee5 du l\u1ecbch, kinh t\u1ebf n\u00f4ng th\u00f4n</p><p>+D\u1ef1 \u00e1n c\u1ee5 th\u1ec3 t\u1ea1i b\u01b0\u1edbc QHC</p></div>", "dan_so": "23319", "lanh_dao": "<p>+Nguy\u1ec5n V\u0103n Th\u1ee9<br> B\u00ed th\u01b0 \u0110\u1ea3ng u\u1ef7 </p><p>Ch\u1ee7 t\u1ecbch H\u0110ND </p><p>0905693768<br> </p><p>+L\u00fd Kim \u0110\u00ecnh<br> Ch\u1ee7 t\u1ecbch UBND </p><p>098525765<br> <br></p>", "sap_nhap": "V\u0129nh An, B\u00ecnh T\u01b0\u1eddng, T\u00e2y Ph\u00fa", "dtich_km2": "200.46", "ma_xa": 43, "tru_so": "<p>Th\u00f4n H\u00f2a Trung, x\u00e3 B\u00ecnh Ph\u00fa (Tr\u1ee5 s\u1edf x\u00e3 B\u00ecnh T\u01b0\u1eddng tr\u01b0\u1edbc \u0111\u00e2y)</p>", "url": "https://baogialai.com.vn/dia-phuong/xa-binh-phu/43.html", "ten_xa": "X\u00e3 B\u00ecnh Ph\u00fa", "order": 100}, "geometry": {"type": "Polygon", "coordinates": [[[108.87466, 13.80953], [108.87696, 13.80836], [108.87914, 13.80874], [108.8817, 13.81293], [108.88255, 13.81646], [108.88464, 13.81607], [108.88777, 13.81388], [108.89134, 13.81618], [108.89688, 13.81703], [108.89873, 13.81904], [108.89959, 13.8238], [108.89825, 13.82915], [108.90229, 13.83373], [108.90354, 13.83909], [108.9058, 13.83966], [108.90665, 13.84077], [108.90704, 13.84595], [108.90812, 13.84824], [108.90614, 13.85501], [108.90362, 13.85911], [108.904, 13.86165], [108.90216, 13.86786], [108.90367, 13.86973], [108.90915, 13.87264], [108.91099, 13.86783], [108.91566, 13.86444], [108.91649, 13.86699], [108.91843, 13.86834], [108.91943, 13.87087], [108.92038, 13.87133], [108.92243, 13.87639], [108.92452, 13.87846], [108.92958, 13.88019], [108.93133, 13.88298], [108.92828, 13.89201], [108.92526, 13.89354], [108.92573, 13.8943], [108.92447, 13.89799], [108.92476, 13.90008], [108.92297, 13.90399], [108.91921, 13.90343], [108.91629, 13.90091], [108.91561, 13.90315], [108.91311, 13.90641], [108.91091, 13.90722], [108.91036, 13.906], [108.90819, 13.90621], [108.90653, 13.90778], [108.9047, 13.90554], [108.90397, 13.90085], [108.90156, 13.89974], [108.89615, 13.90098], [108.89371, 13.89873], [108.88761, 13.90441], [108.8876, 13.90833], [108.90017, 13.91407], [108.90254, 13.91817], [108.90126, 13.92039], [108.88816, 13.92921], [108.88283, 13.93574], [108.88119, 13.93673], [108.8785, 13.93668], [108.87459, 13.93985], [108.86492, 13.94367], [108.86252, 13.94531], [108.85998, 13.94854], [108.86265, 13.94192], [108.86246, 13.94028], [108.86068, 13.93815], [108.85911, 13.93405], [108.85721, 13.93253], [108.85514, 13.92795], [108.85192, 13.92551], [108.84819, 13.92661], [108.84599, 13.92512], [108.84386, 13.92517], [108.83752, 13.92258], [108.8264, 13.91582], [108.82806, 13.9136], [108.82313, 13.91168], [108.81775, 13.91351], [108.81131, 13.91325], [108.80384, 13.90812], [108.80098, 13.90894], [108.79966, 13.90825], [108.79836, 13.90908], [108.79232, 13.90836], [108.79129, 13.91059], [108.79063, 13.9098], [108.78891, 13.90985], [108.76979, 13.92093], [108.75336, 13.91873], [108.75145, 13.91967], [108.75039, 13.92343], [108.74608, 13.9217], [108.74649, 13.91984], [108.74534, 13.91751], [108.74277, 13.91741], [108.74167, 13.91488], [108.74275, 13.91211], [108.74242, 13.91093], [108.74486, 13.90598], [108.74634, 13.90554], [108.74863, 13.9011], [108.75447, 13.90056], [108.75689, 13.89958], [108.75927, 13.89719], [108.7598, 13.89467], [108.76395, 13.8929], [108.76482, 13.8913], [108.7644, 13.88863], [108.76577, 13.88024], [108.76803, 13.87598], [108.7687, 13.87184], [108.77244, 13.86575], [108.77549, 13.86342], [108.7805, 13.85746], [108.78416, 13.85507], [108.78563, 13.85267], [108.78874, 13.85468], [108.79013, 13.85299], [108.79119, 13.85379], [108.79178, 13.8526], [108.79239, 13.85308], [108.79342, 13.85112], [108.79315, 13.84969], [108.79482, 13.84902], [108.79696, 13.84562], [108.79699, 13.84409], [108.79415, 13.84502], [108.79416, 13.84292], [108.7928, 13.84175], [108.79325, 13.83757], [108.79525, 13.83691], [108.79717, 13.83418], [108.79633, 13.83373], [108.79434, 13.83449], [108.79487, 13.83141], [108.79566, 13.8307], [108.79494, 13.82853], [108.79591, 13.82822], [108.79694, 13.82183], [108.79577, 13.81705], [108.79674, 13.81357], [108.80062, 13.8112], [108.80114, 13.80719], [108.80302, 13.80538], [108.80451, 13.8055], [108.80535, 13.80393], [108.80955, 13.80247], [108.81305, 13.8041], [108.81474, 13.8035], [108.81809, 13.80012], [108.82139, 13.80053], [108.823, 13.79887], [108.82243, 13.79771], [108.82282, 13.79497], [108.82386, 13.79416], [108.82578, 13.7943], [108.82806, 13.79125], [108.82767, 13.7818], [108.82485, 13.77843], [108.82438, 13.77518], [108.82574, 13.7715], [108.82541, 13.76991], [108.82699, 13.76784], [108.82745, 13.766], [108.82654, 13.76549], [108.82782, 13.76398], [108.82858, 13.75982], [108.83232, 13.7597], [108.83376, 13.7586], [108.83418, 13.75708], [108.83681, 13.75796], [108.83935, 13.76349], [108.84182, 13.7648], [108.84183, 13.76641], [108.84605, 13.76629], [108.85213, 13.77002], [108.85427, 13.7737], [108.85567, 13.77443], [108.85494, 13.78032], [108.85805, 13.78294], [108.85897, 13.785], [108.86114, 13.78643], [108.86142, 13.78887], [108.86371, 13.79221], [108.86549, 13.7935], [108.86826, 13.79297], [108.87012, 13.79352], [108.87091, 13.79761], [108.87285, 13.79978], [108.87312, 13.80187], [108.87484, 13.8034], [108.87412, 13.80462], [108.87498, 13.80736], [108.87466, 13.80953]]]}}, {"type": "Feature", "properties": {"other_info": "<div id=\"economy\"><span class=\"cms\">Kinh t\u1ebf: </span><p>Ph\u00e1t tri\u1ec3n kinh t\u1ebf n\u00f4ng th\u00f4n</p></div>", "dan_so": "31436", "lanh_dao": "<p>+Phan T\u1ea5t Ph\u01b0\u1ee3ng<br> B\u00ed th\u01b0 \u0110\u1ea3ng u\u1ef7 </p><p>Ch\u1ee7 t\u1ecbch H\u0110ND </p><p>0979497369<br></p><p>+Nguy\u1ec5n H\u1eefu T\u1ef5<br> Ch\u1ee7 t\u1ecbch UBND </p><p>0905752050<br> <br></p>", "sap_nhap": "Bar M\u0103ih, Ia Ti\u00eam, Ch\u01b0 P\u01a1ng, B\u1edd Ngoong", "dtich_km2": "172.11", "ma_xa": 44, "tru_so": "<p>Th\u00f4n \u0110\u1ed3ng T\u00e2m, x\u00e3 B\u1edd Ngoong (Tr\u1ee5 s\u1edf c\u1ee7a N\u00f4ng tr\u01b0\u1eddng cao su B\u1edd Ngoong)</p>", "url": "https://baogialai.com.vn/dia-phuong/xa-bo-ngoong/44.html", "ten_xa": "X\u00e3 B\u1edd Ngoong", "order": 100}, "geometry": {"type": "Polygon", "coordinates": [[[108.11054, 13.86115], [108.10472, 13.86247], [108.10308, 13.85991], [108.10012, 13.8596], [108.09897, 13.85857], [108.09849, 13.86032], [108.09696, 13.86072], [108.09266, 13.85925], [108.08809, 13.85977], [108.08683, 13.86115], [108.08435, 13.86104], [108.08405, 13.86172], [108.08118, 13.86064], [108.07714, 13.86125], [108.06999, 13.85687], [108.059, 13.85443], [108.05651, 13.85159], [108.05533, 13.85221], [108.05464, 13.85398], [108.05227, 13.85491], [108.04932, 13.85359], [108.05022, 13.85253], [108.04931, 13.8521], [108.04833, 13.85304], [108.04717, 13.85256], [108.0455, 13.85367], [108.04432, 13.8533], [108.04344, 13.85472], [108.04032, 13.85491], [108.03998, 13.85708], [108.03315, 13.85448], [108.03019, 13.85483], [108.03026, 13.85353], [108.02933, 13.85255], [108.02035, 13.85659], [108.01339, 13.85807], [108.01295, 13.85564], [108.01017, 13.85384], [108.00814, 13.84928], [108.0071, 13.85137], [108.00539, 13.85174], [108.00314, 13.85452], [108.00139, 13.85442], [107.99852, 13.85639], [107.99806, 13.8342], [107.99899, 13.82979], [108.00631, 13.83202], [108.00603, 13.8262], [108.00785, 13.82622], [108.01029, 13.82382], [108.01057, 13.82063], [108.00964, 13.81995], [108.01187, 13.81993], [108.01317, 13.81861], [108.01226, 13.81643], [108.01356, 13.81629], [108.01391, 13.80709], [108.01848, 13.80706], [108.01783, 13.80351], [108.01628, 13.80351], [108.01558, 13.80226], [108.01714, 13.80034], [108.01719, 13.79866], [108.0161, 13.79865], [108.01611, 13.79781], [108.00851, 13.79811], [108.00509, 13.79687], [108.00836, 13.79512], [108.01101, 13.79211], [108.0148, 13.79046], [108.01762, 13.78773], [108.02251, 13.78629], [108.02441, 13.78267], [108.02836, 13.7804], [108.02783, 13.77839], [108.0287, 13.77645], [108.02972, 13.77598], [108.02921, 13.77458], [108.02972, 13.77372], [108.02843, 13.77135], [108.02943, 13.77057], [108.03026, 13.76685], [108.03135, 13.76554], [108.03097, 13.7637], [108.03214, 13.76351], [108.03241, 13.76046], [108.0347, 13.75623], [108.03458, 13.75385], [108.03773, 13.75295], [108.03746, 13.7515], [108.03888, 13.75111], [108.039, 13.74953], [108.04113, 13.75023], [108.043, 13.74924], [108.04599, 13.75071], [108.04717, 13.74748], [108.05173, 13.74762], [108.05292, 13.74821], [108.05286, 13.75111], [108.05431, 13.7512], [108.05444, 13.75221], [108.06428, 13.75036], [108.06721, 13.7513], [108.07121, 13.74981], [108.07229, 13.7511], [108.07372, 13.75142], [108.07405, 13.75258], [108.07198, 13.75967], [108.07873, 13.75992], [108.07921, 13.7611], [108.08254, 13.76151], [108.08551, 13.76361], [108.08608, 13.76201], [108.08747, 13.76204], [108.08706, 13.76038], [108.08773, 13.75982], [108.08774, 13.75734], [108.09146, 13.75385], [108.09322, 13.75397], [108.09333, 13.75193], [108.09469, 13.75218], [108.0949, 13.75335], [108.09638, 13.75386], [108.09816, 13.75697], [108.09773, 13.75874], [108.09894, 13.76002], [108.09866, 13.76279], [108.10159, 13.76387], [108.10486, 13.77058], [108.10758, 13.76984], [108.10884, 13.77044], [108.10921, 13.77167], [108.11129, 13.77111], [108.11107, 13.77028], [108.11295, 13.77001], [108.11754, 13.77357], [108.11826, 13.7734], [108.11836, 13.76878], [108.1204, 13.76926], [108.12092, 13.77153], [108.12667, 13.77048], [108.12877, 13.77148], [108.13523, 13.77078], [108.13942, 13.77151], [108.14173, 13.76922], [108.14283, 13.76995], [108.14816, 13.7691], [108.15187, 13.77002], [108.15704, 13.76833], [108.15749, 13.76637], [108.15879, 13.76687], [108.16095, 13.76572], [108.16104, 13.76664], [108.16605, 13.76805], [108.16658, 13.76913], [108.16831, 13.76894], [108.16961, 13.77006], [108.16516, 13.77206], [108.1678, 13.77761], [108.16967, 13.77864], [108.17099, 13.7774], [108.17289, 13.77738], [108.176, 13.77866], [108.17604, 13.78066], [108.17367, 13.7859], [108.16978, 13.78705], [108.16613, 13.78569], [108.16181, 13.7874], [108.16054, 13.78933], [108.16592, 13.80076], [108.16545, 13.80402], [108.16799, 13.80726], [108.16729, 13.80797], [108.16447, 13.80788], [108.1625, 13.81234], [108.16359, 13.81398], [108.16645, 13.81577], [108.17415, 13.82654], [108.17474, 13.82877], [108.17388, 13.83227], [108.17554, 13.8344], [108.1758, 13.83611], [108.17403, 13.83686], [108.16697, 13.83681], [108.16478, 13.84314], [108.16555, 13.84416], [108.16433, 13.84397], [108.16177, 13.84562], [108.16112, 13.84791], [108.1594, 13.84976], [108.15803, 13.84969], [108.15768, 13.85064], [108.15462, 13.84986], [108.15281, 13.84826], [108.14875, 13.84805], [108.14503, 13.84455], [108.1444, 13.84508], [108.14314, 13.84428], [108.13578, 13.84583], [108.13034, 13.8486], [108.12834, 13.84881], [108.12236, 13.86136], [108.11362, 13.86231], [108.11054, 13.86115]]]}}, {"type": "Feature", "properties": {"other_info": "<div id=\"economy\"><span class=\"cms\">Kinh t\u1ebf: </span><p>+Ph\u00e1t tri\u1ec3n kinh t\u1ebf \u0111\u00f4 th\u1ecb</p><p>+CCN B\u1ed3ng S\u01a1n (30,5ha), CCN Thi\u1ebft \u0110\u00ednh B\u1eafc</p></div>", "dan_so": "41435", "lanh_dao": "<p>+V\u00f5 Ng\u1ecdc B\u00ecnh<br> B\u00ed th\u01b0 \u0110\u1ea3ng u\u1ef7 </p><p>Ch\u1ee7 t\u1ecbch H\u0110ND </p><p>0914124498</p><p>+Tr\u01b0\u01a1ng Nam Phong<br> Ch\u1ee7 t\u1ecbch UBND </p><p>0913615399</p>", "sap_nhap": "Ho\u00e0i \u0110\u1ee9c, B\u1ed3ng S\u01a1n", "dtich_km2": "81.11", "ma_xa": 45, "tru_so": "<p>S\u1ed1 2729 Quang Trung, ph\u01b0\u1eddng B\u1ed3ng S\u01a1n</p>", "url": "https://baogialai.com.vn/dia-phuong/phuong-bong-son/45.html", "ten_xa": "Ph\u01b0\u1eddng B\u1ed3ng S\u01a1n", "order": 100}, "geometry": {"type": "Polygon", "coordinates": [[[108.99092, 14.44856], [108.98604, 14.45163], [108.98463, 14.45548], [108.98344, 14.45621], [108.98162, 14.45977], [108.98171, 14.46328], [108.98276, 14.46396], [108.98277, 14.46535], [108.97828, 14.46441], [108.97621, 14.46316], [108.97489, 14.45992], [108.97369, 14.45899], [108.97362, 14.45485], [108.97227, 14.45205], [108.97269, 14.45074], [108.97169, 14.44926], [108.97092, 14.44516], [108.96789, 14.44097], [108.96944, 14.43896], [108.96931, 14.43575], [108.97041, 14.43457], [108.97417, 14.43353], [108.97423, 14.43208], [108.97536, 14.43125], [108.9756, 14.42825], [108.97683, 14.42889], [108.97903, 14.42863], [108.98025, 14.42623], [108.99059, 14.4291], [108.99131, 14.42547], [108.99001, 14.42393], [108.99161, 14.42406], [108.99754, 14.42065], [108.99525, 14.41799], [108.99309, 14.41752], [108.99309, 14.41467], [108.99788, 14.41392], [109.0018, 14.4118], [109.0028, 14.4121], [109.00116, 14.41017], [108.99564, 14.40817], [108.99242, 14.40414], [108.98247, 14.40269], [108.98097, 14.39672], [108.975, 14.3964], [108.97343, 14.39513], [108.97348, 14.39283], [108.98264, 14.38784], [108.9846, 14.38841], [108.9897, 14.38753], [108.99007, 14.38521], [108.99501, 14.37968], [108.99598, 14.3769], [108.99784, 14.37502], [108.99928, 14.37531], [109.00003, 14.37664], [109.00602, 14.3765], [109.00647, 14.37509], [109.008, 14.37457], [109.0088, 14.37198], [109.01183, 14.3707], [109.01351, 14.36907], [109.01583, 14.36893], [109.02119, 14.36536], [109.02378, 14.36262], [109.02577, 14.35694], [109.02694, 14.3557], [109.02989, 14.35767], [109.03322, 14.35683], [109.03593, 14.35859], [109.04281, 14.35766], [109.04397, 14.35898], [109.04407, 14.36123], [109.04675, 14.36523], [109.0496, 14.36508], [109.05585, 14.36155], [109.06037, 14.36165], [109.07794, 14.37329], [109.07537, 14.3786], [109.07662, 14.38013], [109.07817, 14.38003], [109.08282, 14.38224], [109.08609, 14.38552], [109.08602, 14.39309], [109.08477, 14.39442], [109.08364, 14.39814], [109.08734, 14.40037], [109.08914, 14.40473], [109.09203, 14.40707], [109.09083, 14.40925], [109.08762, 14.4119], [109.08617, 14.41863], [109.07879, 14.42052], [109.07385, 14.42258], [109.07244, 14.42415], [109.07042, 14.4231], [109.06955, 14.42087], [109.06327, 14.42086], [109.0619, 14.41929], [109.05991, 14.41933], [109.05648, 14.42138], [109.05482, 14.42108], [109.05163, 14.42239], [109.04862, 14.42258], [109.04654, 14.42455], [109.04658, 14.42569], [109.04485, 14.42813], [109.04341, 14.42824], [109.04094, 14.43052], [109.03846, 14.42991], [109.03111, 14.43378], [109.03023, 14.4366], [109.02609, 14.4378], [109.02211, 14.44126], [109.01794, 14.44086], [109.01686, 14.43989], [109.01318, 14.44006], [109.01085, 14.4433], [109.00399, 14.44741], [109.00061, 14.44789], [108.9998, 14.4492], [108.99665, 14.44679], [108.99339, 14.44869], [108.99092, 14.44856]]]}}, {"type": "Feature", "properties": {"other_info": "<div id=\"economy\"><span class=\"cms\">Kinh t\u1ebf: </span><p>Ph\u00e1t tri\u1ec3n kinh t\u1ebf n\u00f4ng th\u00f4n</p></div>", "dan_so": "2357", "lanh_dao": "<p>+\u0110o\u00e0n V\u0169 C\u01b0\u1eddng<br> B\u00ed th\u01b0 \u0110\u1ea3ng u\u1ef7 </p><p>Ch\u1ee7 t\u1ecbch H\u0110ND </p><p>0935544225</p><p>+Nguy\u1ec5n Ho\u00e0i Nam<br> Ch\u1ee7 t\u1ecbch UBND </p><p>0914429662</p>", "sap_nhap": "Canh Li\u00ean (1 ph\u1ea7n)", "dtich_km2": "331.67", "ma_xa": 46, "tru_so": "<p>Th\u00f4n \u0110\u1ed3ng T\u00e2m, x\u00e3 B\u1edd Ngoong (Tr\u1ee5 s\u1edf c\u1ee7a N\u00f4ng tr\u01b0\u1eddng cao su B\u1edd Ngoong)</p>", "url": "https://baogialai.com.vn/dia-phuong/xa-canh-lien/46.html", "ten_xa": "X\u00e3 Canh Li\u00ean", "order": 100}, "geometry": {"type": "Polygon", "coordinates": [[[108.87466, 13.80953], [108.87498, 13.80736], [108.87412, 13.80462], [108.87484, 13.8034], [108.87312, 13.80187], [108.87285, 13.79978], [108.87091, 13.79761], [108.87012, 13.79352], [108.86826, 13.79297], [108.86549, 13.7935], [108.86371, 13.79221], [108.86142, 13.78887], [108.86114, 13.78643], [108.85897, 13.785], [108.85805, 13.78294], [108.85494, 13.78032], [108.85567, 13.77443], [108.85427, 13.7737], [108.85213, 13.77002], [108.8475, 13.76693], [108.84571, 13.76624], [108.84173, 13.76633], [108.84182, 13.7648], [108.83935, 13.76349], [108.83802, 13.75991], [108.83717, 13.75974], [108.83723, 13.75821], [108.83418, 13.75708], [108.83351, 13.75411], [108.83467, 13.7507], [108.83287, 13.74829], [108.83275, 13.74657], [108.8332, 13.74309], [108.83571, 13.74055], [108.83556, 13.73776], [108.83379, 13.73612], [108.83436, 13.73399], [108.8332, 13.73181], [108.83335, 13.72864], [108.83073, 13.72511], [108.82801, 13.72415], [108.82651, 13.72183], [108.83171, 13.71401], [108.83193, 13.71051], [108.83275, 13.70905], [108.83254, 13.70603], [108.83144, 13.7041], [108.826, 13.70169], [108.82388, 13.69978], [108.81755, 13.69949], [108.81352, 13.69641], [108.8154, 13.69258], [108.81661, 13.69189], [108.81802, 13.6883], [108.81798, 13.68645], [108.81873, 13.68558], [108.81831, 13.6807], [108.82147, 13.67373], [108.82018, 13.66836], [108.82169, 13.66333], [108.81928, 13.66141], [108.8194, 13.6576], [108.82153, 13.64991], [108.82367, 13.64839], [108.82525, 13.64373], [108.82534, 13.64035], [108.82847, 13.63701], [108.82843, 13.63535], [108.82952, 13.63356], [108.82851, 13.63153], [108.82884, 13.63025], [108.83166, 13.62734], [108.83189, 13.62558], [108.83438, 13.62397], [108.83502, 13.62164], [108.83417, 13.6202], [108.83715, 13.61488], [108.83939, 13.6136], [108.84114, 13.61029], [108.84, 13.60614], [108.83827, 13.60375], [108.83889, 13.60053], [108.84017, 13.59851], [108.84284, 13.59741], [108.84624, 13.5938], [108.85053, 13.58438], [108.85213, 13.57489], [108.85019, 13.57055], [108.85249, 13.56189], [108.85328, 13.56026], [108.85599, 13.55813], [108.8561, 13.55395], [108.85755, 13.55204], [108.85802, 13.5482], [108.85993, 13.54459], [108.86163, 13.54493], [108.86482, 13.54336], [108.86759, 13.54014], [108.86773, 13.53905], [108.86634, 13.53801], [108.86732, 13.53491], [108.8886, 13.53702], [108.89172, 13.53675], [108.89331, 13.53784], [108.89457, 13.54114], [108.8986, 13.54045], [108.90324, 13.53807], [108.90728, 13.54012], [108.90669, 13.54204], [108.91197, 13.54022], [108.91389, 13.54134], [108.91794, 13.54011], [108.92019, 13.5411], [108.92248, 13.54012], [108.92415, 13.53678], [108.93049, 13.5341], [108.93225, 13.53174], [108.93315, 13.53368], [108.93414, 13.53251], [108.93638, 13.5325], [108.93667, 13.53098], [108.94062, 13.52851], [108.94335, 13.52877], [108.94399, 13.52903], [108.94162, 13.54168], [108.9412, 13.54982], [108.94243, 13.55319], [108.94114, 13.55391], [108.94124, 13.5554], [108.93947, 13.55943], [108.94004, 13.5662], [108.9396, 13.56736], [108.93629, 13.56811], [108.93518, 13.5708], [108.93121, 13.56981], [108.92984, 13.57019], [108.92879, 13.57812], [108.93031, 13.57988], [108.92992, 13.58185], [108.93212, 13.58405], [108.92767, 13.58582], [108.92603, 13.58501], [108.92338, 13.59976], [108.92151, 13.60335], [108.92162, 13.6055], [108.91891, 13.60789], [108.9184, 13.60931], [108.92023, 13.61157], [108.92032, 13.61511], [108.92222, 13.61699], [108.9224, 13.619], [108.92661, 13.61996], [108.9283, 13.62757], [108.92954, 13.62925], [108.93174, 13.62955], [108.93295, 13.63081], [108.93331, 13.6404], [108.93714, 13.64239], [108.93793, 13.64577], [108.93825, 13.6474], [108.93714, 13.64973], [108.9393, 13.65456], [108.9387, 13.65895], [108.94317, 13.65888], [108.94338, 13.65965], [108.94502, 13.66019], [108.94756, 13.65885], [108.94891, 13.65902], [108.94974, 13.66063], [108.94965, 13.66282], [108.95264, 13.66243], [108.9535, 13.6641], [108.95384, 13.66827], [108.95537, 13.66971], [108.95811, 13.67039], [108.95932, 13.67744], [108.96222, 13.67784], [108.96504, 13.68355], [108.96774, 13.68286], [108.97343, 13.68474], [108.97445, 13.68994], [108.97274, 13.69406], [108.97232, 13.70666], [108.97069, 13.70968], [108.97228, 13.71351], [108.97126, 13.71597], [108.9719, 13.72018], [108.97314, 13.72483], [108.97526, 13.72739], [108.9755, 13.73134], [108.97439, 13.73311], [108.97428, 13.73718], [108.96968, 13.7391], [108.96863, 13.74192], [108.97094, 13.74944], [108.97319, 13.75381], [108.97396, 13.7611], [108.97666, 13.76666], [108.97716, 13.77034], [108.97618, 13.77719], [108.97638, 13.78244], [108.9784, 13.78919], [108.98014, 13.7917], [108.97589, 13.79527], [108.97247, 13.79633], [108.97232, 13.79847], [108.97391, 13.8031], [108.96915, 13.80327], [108.96813, 13.80469], [108.96524, 13.80621], [108.96424, 13.80651], [108.96281, 13.80552], [108.95958, 13.80753], [108.95757, 13.81296], [108.95618, 13.81471], [108.95744, 13.81587], [108.95731, 13.81795], [108.95329, 13.82027], [108.95163, 13.82221], [108.95075, 13.826], [108.95104, 13.82835], [108.94954, 13.83068], [108.93985, 13.8297], [108.93642, 13.82776], [108.92899, 13.82847], [108.92462, 13.82943], [108.92215, 13.83155], [108.91576, 13.83255], [108.91325, 13.83374], [108.90605, 13.83376], [108.90317, 13.83686], [108.90229, 13.83373], [108.89825, 13.82915], [108.89959, 13.82365], [108.89915, 13.82006], [108.89786, 13.81766], [108.89464, 13.81626], [108.89134, 13.81618], [108.88777, 13.81388], [108.88464, 13.81607], [108.88255, 13.81646], [108.8817, 13.81293], [108.87914, 13.80874], [108.87696, 13.80836], [108.87466, 13.80953]]]}}, {"type": "Feature", "properties": {"other_info": "<div id=\"economy\"><span class=\"cms\">Kinh t\u1ebf: </span><p>CCN Canh Hi\u1ec3n, CCN Canh Hi\u1ec7p, CCN Canh Hi\u1ec7p 1, CCN Canh Vinh 1, CCN Canh Vinh 2</p><p>Ph\u00e1t tri\u1ec3n kinh t\u1ebf n\u00f4ng th\u00f4n</p></div>", "dan_so": "16832", "lanh_dao": "<p>+Nguy\u1ec5n Th\u1ecb Thu Th\u1ee7y<br> B\u00ed th\u01b0 \u0110\u1ea3ng u\u1ef7 </p><p>Ch\u1ee7 t\u1ecbch H\u0110ND </p><p>0938972685</p><p>+D\u01b0\u01a1ng Hi\u1ec7p H\u00f2a<br> Ch\u1ee7 t\u1ecbch UBND </p><p>0905180630<br></p>", "sap_nhap": "Canh Vinh, Canh Hi\u1ec3n, Canh Li\u00ean (1 ph\u1ea7n), Canh Hi\u1ec7p (1 ph\u1ea7n)", "dtich_km2": "258.72", "ma_xa": 47, "tru_so": "<p>Th\u00f4n Hi\u1ec7p Vinh 1, x\u00e3 Canh Vinh (Tr\u1ee5 s\u1edf x\u00e3 Canh Vinh tr\u01b0\u1edbc \u0111\u00e2y)</p>", "url": "https://baogialai.com.vn/dia-phuong/xa-canh-vinh/47.html", "ten_xa": "X\u00e3 Canh Vinh", "order": 100}, "geometry": {"type": "Polygon", "coordinates": [[[109.04699, 13.79298], [109.04742, 13.79355], [109.04556, 13.79258], [109.04031, 13.79323], [109.03512, 13.78945], [109.03268, 13.78924], [109.02968, 13.78596], [109.02827, 13.78005], [109.03294, 13.77229], [109.03308, 13.77061], [109.02944, 13.76138], [109.02939, 13.75889], [109.02695, 13.75738], [109.02276, 13.75767], [109.0216, 13.75653], [109.01863, 13.75799], [109.0164, 13.75719], [109.01371, 13.75429], [109.00915, 13.75306], [109.00656, 13.75439], [109.00611, 13.75742], [109.0035, 13.76002], [109.00297, 13.76195], [109.00142, 13.76342], [109.00178, 13.7651], [108.99982, 13.76737], [108.99952, 13.77163], [108.99792, 13.77365], [108.9996, 13.7753], [108.99868, 13.77666], [108.99923, 13.77929], [108.99845, 13.78167], [108.99314, 13.78068], [108.98881, 13.78214], [108.98596, 13.78523], [108.98448, 13.78573], [108.98014, 13.7917], [108.9797, 13.7913], [108.97638, 13.78244], [108.97618, 13.77719], [108.97716, 13.77034], [108.97666, 13.76666], [108.97396, 13.7611], [108.97319, 13.75381], [108.97094, 13.74944], [108.96863, 13.74192], [108.96968, 13.7391], [108.97428, 13.73718], [108.97439, 13.73311], [108.9755, 13.73134], [108.97526, 13.72739], [108.97314, 13.72483], [108.9719, 13.72018], [108.97126, 13.71597], [108.97228, 13.71351], [108.97108, 13.71177], [108.97068, 13.70932], [108.97232, 13.70666], [108.97274, 13.69406], [108.97445, 13.68994], [108.97337, 13.68468], [108.96774, 13.68286], [108.96508, 13.68359], [108.96222, 13.67784], [108.95932, 13.67744], [108.958, 13.67064], [108.96259, 13.66746], [108.96458, 13.65987], [108.96679, 13.65676], [108.96871, 13.65159], [108.97202, 13.64903], [108.97538, 13.64872], [108.9773, 13.65003], [108.97919, 13.65007], [108.98461, 13.64387], [108.9866, 13.64421], [108.99001, 13.64638], [108.99103, 13.64527], [108.99315, 13.64577], [108.99755, 13.64384], [108.99995, 13.64567], [109.00261, 13.64569], [109.00375, 13.64797], [109.00478, 13.64706], [109.00591, 13.64737], [109.00703, 13.64597], [109.00926, 13.64629], [109.00823, 13.63842], [109.00589, 13.63586], [109.00228, 13.63411], [109.00201, 13.63279], [109.00311, 13.63143], [109.00705, 13.62964], [109.0095, 13.6308], [109.01061, 13.63306], [109.01264, 13.63407], [109.01834, 13.63485], [109.02119, 13.63042], [109.022, 13.63024], [109.02254, 13.62684], [109.02401, 13.62476], [109.02331, 13.62418], [109.02328, 13.62275], [109.024, 13.62253], [109.02352, 13.6202], [109.02211, 13.61749], [109.02412, 13.61476], [109.02419, 13.61098], [109.02567, 13.60612], [109.02653, 13.60579], [109.02628, 13.59973], [109.02737, 13.59895], [109.03053, 13.59961], [109.03571, 13.59549], [109.04479, 13.59317], [109.04672, 13.59095], [109.04681, 13.5845], [109.04829, 13.58314], [109.05302, 13.5693], [109.08433, 13.5671], [109.08859, 13.57216], [109.09262, 13.57167], [109.09603, 13.57423], [109.0967, 13.57746], [109.09906, 13.57826], [109.10031, 13.58343], [109.10612, 13.5846], [109.11103, 13.5875], [109.11535, 13.58435], [109.11732, 13.58439], [109.11827, 13.58602], [109.11811, 13.58722], [109.11365, 13.59144], [109.11325, 13.59408], [109.11357, 13.59678], [109.11537, 13.59863], [109.1153, 13.60047], [109.11696, 13.60167], [109.11808, 13.60394], [109.11706, 13.60451], [109.11529, 13.6083], [109.10094, 13.62166], [109.10049, 13.62436], [109.09906, 13.62675], [109.09913, 13.62939], [109.09692, 13.63552], [109.09703, 13.63752], [109.09864, 13.64212], [109.10337, 13.64727], [109.10214, 13.65118], [109.10319, 13.65336], [109.10523, 13.65479], [109.1056, 13.65764], [109.10528, 13.65979], [109.10209, 13.66166], [109.10105, 13.66425], [109.09513, 13.66768], [109.09275, 13.67812], [109.0945, 13.67855], [109.09439, 13.68002], [109.09648, 13.68394], [109.09651, 13.68687], [109.09432, 13.68802], [109.09322, 13.69096], [109.09141, 13.69064], [109.09134, 13.69241], [109.08942, 13.69484], [109.0925, 13.69651], [109.09259, 13.69995], [109.0966, 13.70728], [109.09618, 13.70997], [109.09859, 13.71253], [109.09881, 13.71574], [109.10135, 13.71682], [109.10314, 13.71948], [109.10691, 13.72187], [109.1104, 13.72313], [109.11595, 13.72286], [109.11647, 13.72399], [109.11578, 13.72627], [109.11644, 13.72733], [109.11515, 13.72801], [109.11552, 13.72898], [109.11432, 13.73207], [109.11487, 13.73501], [109.11325, 13.7364], [109.11383, 13.73756], [109.11104, 13.7398], [109.1121, 13.74086], [109.11049, 13.7448], [109.11168, 13.74735], [109.10693, 13.75273], [109.10327, 13.75169], [109.1028, 13.75284], [109.10105, 13.75172], [109.09419, 13.75721], [109.09081, 13.7585], [109.08227, 13.75674], [109.08141, 13.75537], [109.0761, 13.75699], [109.07396, 13.75585], [109.06715, 13.75486], [109.06263, 13.75715], [109.06393, 13.75873], [109.06314, 13.76094], [109.06117, 13.76281], [109.06158, 13.76698], [109.06096, 13.76862], [109.05908, 13.76959], [109.05823, 13.77131], [109.05883, 13.77294], [109.05759, 13.77417], [109.05862, 13.7785], [109.05601, 13.78092], [109.05492, 13.78396], [109.05533, 13.7867], [109.05012, 13.78769], [109.04699, 13.79298]]]}}, {"type": "Feature", "properties": {"other_info": "<div id=\"economy\"><span class=\"cms\">Kinh t\u1ebf: </span><p>Ph\u00e1t tri\u1ec3n kinh t\u1ebf \u0111\u00f4 th\u1ecb</p></div>", "dan_so": "33523", "lanh_dao": "<p>+Nguy\u1ec5n V\u0103n H\u01b0ng<br> B\u00ed th\u01b0 \u0110\u1ea3ng u\u1ef7 </p><p>Ch\u1ee7 t\u1ecbch H\u0110ND </p><p>0983033868</p><p>+V\u00f5 V\u0103n Tr\u1ecbnh<br> Ch\u1ee7 t\u1ecbch UBND </p><p>0914124677</p>", "sap_nhap": "C\u00e1t Ti\u1ebfn (th\u1ecb tr\u1ea5n), C\u00e1t Th\u00e0nh, C\u00e1t H\u1ea3i", "dtich_km2": "103.36", "ma_xa": 48, "tru_so": "<p>Th\u00f4n T\u00e2n Thanh, x\u00e3 C\u00e1t Ti\u1ebfn (Tr\u1ee5 s\u1edf x\u00e3 C\u00e1t H\u1ea3i tr\u01b0\u1edbc \u0111\u00e2y)</p>", "url": "https://baogialai.com.vn/dia-phuong/xa-cat-tien/48.html", "ten_xa": "X\u00e3 C\u00e1t Ti\u1ebfn", "order": 100}, "geometry": {"type": "Polygon", "coordinates": [[[109.20927, 14.09742], [109.19598, 14.09687], [109.19496, 14.09545], [109.18633, 14.09585], [109.1854, 14.08992], [109.18227, 14.0899], [109.18209, 14.08692], [109.18107, 14.08599], [109.17905, 14.08678], [109.17906, 14.08815], [109.17587, 14.08805], [109.1731, 14.0841], [109.16898, 14.08241], [109.16695, 14.07896], [109.16143, 14.07628], [109.1612, 14.07148], [109.15586, 14.06909], [109.15277, 14.06649], [109.14577, 14.06543], [109.13421, 14.06114], [109.1314, 14.0609], [109.12805, 14.05781], [109.12327, 14.05746], [109.11958, 14.05201], [109.11541, 14.04966], [109.11539, 14.04761], [109.11653, 14.04592], [109.12375, 14.04276], [109.12435, 14.04353], [109.12831, 14.04453], [109.13314, 14.04439], [109.13804, 14.0453], [109.14222, 14.03743], [109.14536, 14.03787], [109.14704, 14.03521], [109.14819, 14.03526], [109.15197, 14.03855], [109.1581, 14.03488], [109.16201, 14.03598], [109.16813, 14.03466], [109.16847, 14.03336], [109.17362, 14.03072], [109.17905, 14.03062], [109.18129, 14.03286], [109.18121, 14.03377], [109.18452, 14.03308], [109.18995, 14.03456], [109.19325, 14.03439], [109.19448, 14.03618], [109.19602, 14.03567], [109.19802, 14.03122], [109.20327, 14.02837], [109.20516, 14.02569], [109.20509, 14.02399], [109.20626, 14.02455], [109.20665, 14.01722], [109.20914, 14.01582], [109.20967, 14.01329], [109.21414, 14.00938], [109.21738, 13.99962], [109.22016, 13.99998], [109.22169, 13.99897], [109.22125, 13.99407], [109.22226, 13.99249], [109.22177, 13.98935], [109.22013, 13.98741], [109.22081, 13.98533], [109.21791, 13.98082], [109.21809, 13.97646], [109.21958, 13.97274], [109.21804, 13.97215], [109.21915, 13.96919], [109.21769, 13.96802], [109.21864, 13.96572], [109.21489, 13.96358], [109.21238, 13.96467], [109.206, 13.96354], [109.20439, 13.96354], [109.20256, 13.9651], [109.20078, 13.96439], [109.19542, 13.95737], [109.19325, 13.95798], [109.19434, 13.95209], [109.19304, 13.94723], [109.19739, 13.94604], [109.19915, 13.94418], [109.20758, 13.94283], [109.21148, 13.94072], [109.21369, 13.93842], [109.21468, 13.9348], [109.21661, 13.93362], [109.21761, 13.93185], [109.22056, 13.93441], [109.23158, 13.93261], [109.23366, 13.93036], [109.23453, 13.92748], [109.25005, 13.92697], [109.24378, 13.94143], [109.2421, 13.95301], [109.24355, 13.95653], [109.24613, 13.9584], [109.24853, 13.95882], [109.25011, 13.95776], [109.24915, 13.95878], [109.24969, 13.95978], [109.25348, 13.95918], [109.25661, 13.96247], [109.25948, 13.96344], [109.25925, 13.96501], [109.2561, 13.96451], [109.25489, 13.96578], [109.25103, 13.97357], [109.24927, 13.97963], [109.24934, 13.98309], [109.2504, 13.9853], [109.25465, 13.98447], [109.25697, 13.98873], [109.25545, 13.99314], [109.25333, 13.99492], [109.25193, 13.99505], [109.24676, 14.00902], [109.24724, 14.0101], [109.24951, 14.01051], [109.25001, 14.01205], [109.25088, 14.01181], [109.25019, 14.01268], [109.25086, 14.01284], [109.2509, 14.01407], [109.25381, 14.01616], [109.25369, 14.01796], [109.25215, 14.01879], [109.25253, 14.01969], [109.25171, 14.01953], [109.25256, 14.02221], [109.25093, 14.0236], [109.24928, 14.023], [109.24814, 14.02441], [109.22592, 14.0617], [109.21682, 14.07939], [109.20927, 14.09742]]]}}, {"type": "Feature", "properties": {"other_info": "<div id=\"economy\"><span class=\"cms\">Kinh t\u1ebf: </span><p>Ph\u00e1t tri\u1ec3n kinh t\u1ebf n\u00f4ng th\u00f4n</p></div><div id=\"ethnicity\"><span class=\"cms\">D\u00e2n t\u1ed9c: </span><p>79.00%</p></div>", "dan_so": "7739", "lanh_dao": "<p>+\u0110inh Th\u1ecb Th\u1eafm<br> B\u00ed th\u01b0 \u0110\u1ea3ng u\u1ef7 </p><p>Ch\u1ee7 t\u1ecbch H\u0110ND </p><p>0973454779</p><p>+Ph\u1ea1m \u0110\u00ecnh Long<br> Ch\u1ee7 t\u1ecbch UBND </p><p>0977284775</p>", "sap_nhap": "\u0110\u0103k P\u01a1 Pho, Ch\u01a1 GLong", "dtich_km2": "195.07", "ma_xa": 49, "tru_so": "<p>\u0110\u01b0\u1eddng Tr\u01b0\u1eddng S\u01a1n \u0110\u00f4ng, x\u00e3 Ch\u01a1 Long</p>", "url": "https://baogialai.com.vn/dia-phuong/xa-cho-long/49.html", "ten_xa": "X\u00e3 Ch\u01a1 Long", "order": 100}, "geometry": {"type": "Polygon", "coordinates": [[[108.37932, 13.83376], [108.37628, 13.83702], [108.36977, 13.83401], [108.3669, 13.83424], [108.36444, 13.83289], [108.36469, 13.83052], [108.36744, 13.82858], [108.36762, 13.82586], [108.36987, 13.82366], [108.36925, 13.81924], [108.3701, 13.81832], [108.36826, 13.81618], [108.3674, 13.81349], [108.36776, 13.81218], [108.36621, 13.80909], [108.36747, 13.806], [108.36726, 13.80236], [108.36253, 13.80062], [108.36236, 13.79489], [108.36407, 13.79109], [108.36197, 13.78924], [108.3613, 13.78682], [108.36383, 13.78419], [108.36073, 13.78111], [108.3598, 13.7781], [108.35433, 13.77537], [108.35302, 13.77193], [108.35346, 13.76209], [108.35466, 13.75634], [108.35779, 13.7496], [108.35987, 13.74023], [108.36334, 13.73512], [108.36584, 13.73384], [108.36699, 13.72903], [108.3689, 13.72883], [108.36971, 13.72368], [108.3722, 13.72028], [108.3728, 13.71767], [108.37034, 13.71476], [108.37347, 13.71157], [108.37501, 13.71104], [108.37555, 13.70976], [108.37787, 13.70897], [108.37797, 13.70272], [108.37627, 13.6992], [108.37413, 13.70012], [108.3734, 13.69657], [108.37617, 13.69638], [108.37854, 13.69406], [108.38402, 13.69306], [108.39621, 13.69335], [108.41643, 13.68241], [108.42381, 13.67952], [108.43451, 13.67187], [108.43598, 13.67147], [108.43675, 13.6726], [108.43788, 13.67208], [108.44, 13.66897], [108.44231, 13.67033], [108.44358, 13.66769], [108.44717, 13.66643], [108.45081, 13.66384], [108.45403, 13.665], [108.45866, 13.66086], [108.46149, 13.66203], [108.46394, 13.6654], [108.46912, 13.66551], [108.46733, 13.66707], [108.46564, 13.67037], [108.46765, 13.67325], [108.46659, 13.67646], [108.46211, 13.68333], [108.46318, 13.68647], [108.46238, 13.68767], [108.46454, 13.69044], [108.46489, 13.69409], [108.46754, 13.70156], [108.46663, 13.70463], [108.46492, 13.70638], [108.46548, 13.7105], [108.48307, 13.71624], [108.49307, 13.7172], [108.49381, 13.72197], [108.49539, 13.7223], [108.49709, 13.72842], [108.49592, 13.73046], [108.49373, 13.73025], [108.49147, 13.73134], [108.49052, 13.7336], [108.49099, 13.73519], [108.49207, 13.73788], [108.49386, 13.73862], [108.49538, 13.74125], [108.49704, 13.74174], [108.49628, 13.74302], [108.49988, 13.74419], [108.50059, 13.7461], [108.50257, 13.74684], [108.50234, 13.74777], [108.50317, 13.74803], [108.50159, 13.74832], [108.5008, 13.74748], [108.49832, 13.74902], [108.49643, 13.7474], [108.49301, 13.74937], [108.49237, 13.74795], [108.48895, 13.74867], [108.48466, 13.74778], [108.48331, 13.74915], [108.47908, 13.7476], [108.47907, 13.74983], [108.47686, 13.75059], [108.47822, 13.75233], [108.47659, 13.75345], [108.47582, 13.75512], [108.47649, 13.75606], [108.47551, 13.75675], [108.47531, 13.75999], [108.47383, 13.75976], [108.47413, 13.76175], [108.47248, 13.762], [108.47199, 13.76562], [108.47018, 13.76607], [108.47022, 13.76745], [108.46838, 13.76818], [108.46715, 13.77094], [108.4656, 13.76973], [108.46539, 13.77105], [108.46429, 13.77158], [108.46378, 13.77411], [108.46482, 13.77616], [108.46661, 13.77741], [108.46547, 13.77974], [108.46325, 13.78075], [108.46262, 13.78328], [108.45836, 13.78151], [108.45834, 13.78585], [108.45998, 13.78912], [108.46007, 13.79154], [108.45972, 13.79307], [108.45824, 13.79369], [108.4591, 13.79556], [108.46145, 13.79727], [108.46168, 13.79972], [108.46299, 13.80091], [108.46267, 13.80195], [108.4657, 13.80283], [108.46645, 13.80469], [108.468, 13.80494], [108.46615, 13.80997], [108.46898, 13.81215], [108.46846, 13.81484], [108.47076, 13.81597], [108.46942, 13.81689], [108.47081, 13.82008], [108.46986, 13.82165], [108.47029, 13.8226], [108.46861, 13.82263], [108.46768, 13.82481], [108.46584, 13.82519], [108.46415, 13.82766], [108.46364, 13.83168], [108.46225, 13.83256], [108.46024, 13.8311], [108.45819, 13.83158], [108.45633, 13.83097], [108.45464, 13.83153], [108.4546, 13.83377], [108.45046, 13.83285], [108.44695, 13.8333], [108.44477, 13.83184], [108.44293, 13.83327], [108.44012, 13.83176], [108.4359, 13.83304], [108.43195, 13.83103], [108.43115, 13.83235], [108.42941, 13.83283], [108.42799, 13.83084], [108.41925, 13.83134], [108.41474, 13.82911], [108.4045, 13.8294], [108.40266, 13.82812], [108.40103, 13.82991], [108.39824, 13.82966], [108.38999, 13.83435], [108.385, 13.83171], [108.37932, 13.83376]]]}}, {"type": "Feature", "properties": {"other_info": "<div id=\"economy\"><span class=\"cms\">Kinh t\u1ebf: </span><p>Ph\u00e1t tri\u1ec3n kinh t\u1ebf n\u00f4ng th\u00f4n</p></div><div id=\"ethnicity\"><span class=\"cms\">D\u00e2n t\u1ed9c: </span><p>63.00%</p></div>", "dan_so": "21654", "lanh_dao": "<p>+Tr\u1ecbnh Th\u1ecb H\u1ed3ng<br> B\u00ed th\u01b0 \u0110\u1ea3ng u\u1ef7 Ch\u1ee7 t\u1ecbch H\u0110ND </p><p>0844559579<br> <br></p><p>+Ph\u1ea1m V\u0103n L\u01b0\u1ee3ng<br> Ch\u1ee7 t\u1ecbch UBND </p><p>0914096272</p>", "sap_nhap": "Ayun H\u1ea1, Ia Ake, Ch\u01b0 A Thai", "dtich_km2": "133.92", "ma_xa": 50, "tru_so": "<p>Th\u00f4n Plei Glung B, x\u00e3 Ch\u01b0 A Thai</p>", "url": "https://baogialai.com.vn/dia-phuong/xa-chu-a-thai/50.html", "ten_xa": "X\u00e3 Ch\u01b0 A Thai", "order": 100}, "geometry": {"type": "Polygon", "coordinates": [[[108.28257, 13.6619], [108.2775, 13.66398], [108.27563, 13.66641], [108.27602, 13.66398], [108.27523, 13.6605], [108.27636, 13.65799], [108.2756, 13.65611], [108.27724, 13.65413], [108.27582, 13.6541], [108.27689, 13.65323], [108.27529, 13.65129], [108.27856, 13.65017], [108.27814, 13.64897], [108.2765, 13.64795], [108.27732, 13.64293], [108.26901, 13.63727], [108.26781, 13.63437], [108.26814, 13.63211], [108.26684, 13.62437], [108.25438, 13.60919], [108.25075, 13.60282], [108.24346, 13.59542], [108.24281, 13.5921], [108.23462, 13.58446], [108.2356, 13.58381], [108.23529, 13.58256], [108.23317, 13.58135], [108.23294, 13.57915], [108.23199, 13.57939], [108.23245, 13.57319], [108.23428, 13.57216], [108.23406, 13.57087], [108.23525, 13.56833], [108.2351, 13.56269], [108.2363, 13.56274], [108.23651, 13.56184], [108.23582, 13.56147], [108.23649, 13.55824], [108.2355, 13.55631], [108.23685, 13.55477], [108.23603, 13.55499], [108.23569, 13.55405], [108.23565, 13.5491], [108.23464, 13.54608], [108.23307, 13.5454], [108.23367, 13.54222], [108.23302, 13.54035], [108.23414, 13.53896], [108.23245, 13.53351], [108.23392, 13.5306], [108.23237, 13.52857], [108.23426, 13.52631], [108.23327, 13.52479], [108.23428, 13.52118], [108.23303, 13.51945], [108.23412, 13.51759], [108.23285, 13.51368], [108.2335, 13.51366], [108.23338, 13.51185], [108.23415, 13.51203], [108.23362, 13.50683], [108.23437, 13.50485], [108.23385, 13.50425], [108.23487, 13.50301], [108.23304, 13.49905], [108.23374, 13.49282], [108.23472, 13.49068], [108.23423, 13.49027], [108.23616, 13.48754], [108.23419, 13.48546], [108.2337, 13.48353], [108.2351, 13.48001], [108.23414, 13.47906], [108.2356, 13.47781], [108.23303, 13.47664], [108.2319, 13.47449], [108.23588, 13.47751], [108.25348, 13.48048], [108.25421, 13.4824], [108.25714, 13.48328], [108.25681, 13.48405], [108.25901, 13.48701], [108.26075, 13.48762], [108.26233, 13.48671], [108.26252, 13.48748], [108.26425, 13.48797], [108.26406, 13.48971], [108.26678, 13.49093], [108.26843, 13.4946], [108.27149, 13.49823], [108.27373, 13.49871], [108.27617, 13.50326], [108.28138, 13.50616], [108.28371, 13.50461], [108.2853, 13.50495], [108.28621, 13.50977], [108.28768, 13.51234], [108.29128, 13.51238], [108.29293, 13.5101], [108.29423, 13.50981], [108.29694, 13.51305], [108.30129, 13.51541], [108.30238, 13.51758], [108.30004, 13.51849], [108.29806, 13.52178], [108.30012, 13.53368], [108.30153, 13.53573], [108.3026, 13.53524], [108.30318, 13.53883], [108.30519, 13.53933], [108.30686, 13.5387], [108.31286, 13.54198], [108.31498, 13.55383], [108.31989, 13.56214], [108.31912, 13.57304], [108.32123, 13.57529], [108.32304, 13.57932], [108.32574, 13.57967], [108.32783, 13.58155], [108.32803, 13.58371], [108.33282, 13.58502], [108.33761, 13.58438], [108.33937, 13.58509], [108.3388, 13.5867], [108.33989, 13.58832], [108.33945, 13.591], [108.3408, 13.59189], [108.3399, 13.59246], [108.3398, 13.59418], [108.34111, 13.59602], [108.34081, 13.6029], [108.34189, 13.60367], [108.34241, 13.60574], [108.34133, 13.60702], [108.34182, 13.60849], [108.33653, 13.61103], [108.33685, 13.61195], [108.33374, 13.61256], [108.33257, 13.61318], [108.33247, 13.61417], [108.33069, 13.61416], [108.33029, 13.61538], [108.32714, 13.61715], [108.32494, 13.61692], [108.32291, 13.61906], [108.32095, 13.6187], [108.32103, 13.62175], [108.31445, 13.62986], [108.313, 13.63034], [108.31006, 13.63341], [108.30986, 13.63499], [108.30807, 13.63679], [108.30702, 13.63687], [108.30445, 13.63974], [108.29621, 13.64444], [108.29485, 13.64409], [108.29397, 13.64679], [108.29214, 13.64653], [108.29167, 13.64745], [108.28876, 13.64841], [108.28832, 13.65013], [108.28649, 13.65132], [108.28739, 13.65475], [108.28535, 13.65586], [108.28544, 13.65873], [108.28257, 13.6619]]]}}, {"type": "Feature", "properties": {"other_info": "<div id=\"economy\"><span class=\"cms\">Kinh t\u1ebf: </span><p>Ph\u00e1t tri\u1ec3n kinh t\u1ebf n\u00f4ng th\u00f4n</p></div><div id=\"ethnicity\"><span class=\"cms\">D\u00e2n t\u1ed9c: </span><p>62.93%</p></div>", "dan_so": "9468", "lanh_dao": "<p>+\u0110inh V\u0103n S\u00fay<br> B\u00ed th\u01b0 \u0110\u1ea3ng u\u1ef7 </p><p>Ch\u1ee7 t\u1ecbch H\u0110ND </p><p>0366898236</p><p>+Nguy\u1ec5n Kh\u1eafc Minh<br> Ch\u1ee7 t\u1ecbch UBND </p><p>0396463879</p>", "sap_nhap": "An Trung (huy\u00ea\u0323n K\u00f4ng Chro), Ch\u01b0 Krey", "dtich_km2": "195.59", "ma_xa": 51, "tru_so": "<p>Th\u00f4n 6, x\u00e3 Ch\u01b0 Krey<br></p>", "url": "https://baogialai.com.vn/dia-phuong/xa-chu-krey/51.html", "ten_xa": "X\u00e3 Ch\u01b0 Krey", "order": 100}, "geometry": {"type": "Polygon", "coordinates": [[[108.50551, 13.88811], [108.50457, 13.88826], [108.5059, 13.88937], [108.50664, 13.89191], [108.50525, 13.89314], [108.50528, 13.89494], [108.50322, 13.89654], [108.49962, 13.90443], [108.49945, 13.90751], [108.49861, 13.90892], [108.49973, 13.91042], [108.49908, 13.91123], [108.49996, 13.91123], [108.49904, 13.91244], [108.49964, 13.91395], [108.49853, 13.91415], [108.49825, 13.91565], [108.49531, 13.91708], [108.49418, 13.91957], [108.48952, 13.92262], [108.48256, 13.92343], [108.47936, 13.92456], [108.47792, 13.92727], [108.47279, 13.92981], [108.4717, 13.93375], [108.47177, 13.93682], [108.46892, 13.93867], [108.46549, 13.94276], [108.46375, 13.94622], [108.46247, 13.9472], [108.4603, 13.94643], [108.45893, 13.94743], [108.45725, 13.94726], [108.45612, 13.9531], [108.45434, 13.95624], [108.4542, 13.95852], [108.4527, 13.95916], [108.45265, 13.96028], [108.44712, 13.95933], [108.44475, 13.9613], [108.44157, 13.96158], [108.44024, 13.9585], [108.43712, 13.95719], [108.43468, 13.95857], [108.43037, 13.95943], [108.42955, 13.9609], [108.43004, 13.96201], [108.42854, 13.96944], [108.42617, 13.96751], [108.4234, 13.96706], [108.42007, 13.97016], [108.4189, 13.97011], [108.41644, 13.96925], [108.41082, 13.95839], [108.40622, 13.95646], [108.40397, 13.95028], [108.40236, 13.95072], [108.39737, 13.94969], [108.39536, 13.95071], [108.39443, 13.95018], [108.39322, 13.94736], [108.39147, 13.94567], [108.39157, 13.94423], [108.39016, 13.9423], [108.38884, 13.93698], [108.38217, 13.93174], [108.3802, 13.92743], [108.37817, 13.92612], [108.37662, 13.92698], [108.37624, 13.92634], [108.37672, 13.92129], [108.37446, 13.91862], [108.37466, 13.91506], [108.3736, 13.9089], [108.37254, 13.90812], [108.37289, 13.90581], [108.37177, 13.90487], [108.37048, 13.9007], [108.36721, 13.89937], [108.36558, 13.89737], [108.36682, 13.89519], [108.36611, 13.89339], [108.36779, 13.88885], [108.36643, 13.88631], [108.36942, 13.87727], [108.36926, 13.87542], [108.36747, 13.87239], [108.36935, 13.87156], [108.36815, 13.86931], [108.36964, 13.86693], [108.36897, 13.86458], [108.36764, 13.86405], [108.36758, 13.86245], [108.36907, 13.86057], [108.36978, 13.85534], [108.37155, 13.85124], [108.37361, 13.85015], [108.36372, 13.84747], [108.36618, 13.84399], [108.36494, 13.8391], [108.36586, 13.83861], [108.3669, 13.83424], [108.36934, 13.83388], [108.37646, 13.83699], [108.37932, 13.83376], [108.38426, 13.83175], [108.38588, 13.83178], [108.38999, 13.83435], [108.39824, 13.82966], [108.40103, 13.82991], [108.40266, 13.82812], [108.4045, 13.8294], [108.41474, 13.82911], [108.41925, 13.83134], [108.42799, 13.83084], [108.42941, 13.83283], [108.43115, 13.83235], [108.43195, 13.83103], [108.4359, 13.83304], [108.44012, 13.83176], [108.44293, 13.83327], [108.44477, 13.83184], [108.44695, 13.8333], [108.45046, 13.83285], [108.4546, 13.83377], [108.45464, 13.83153], [108.45633, 13.83097], [108.45819, 13.83158], [108.46024, 13.8311], [108.46225, 13.83256], [108.46368, 13.83158], [108.46374, 13.83307], [108.46546, 13.83146], [108.46724, 13.83113], [108.46916, 13.83165], [108.4702, 13.83321], [108.4709, 13.83222], [108.4759, 13.83417], [108.47765, 13.83371], [108.47819, 13.83424], [108.47904, 13.83257], [108.48075, 13.8315], [108.48204, 13.83172], [108.48371, 13.83363], [108.48899, 13.83145], [108.48938, 13.83252], [108.49024, 13.83209], [108.49147, 13.83291], [108.49305, 13.83187], [108.49444, 13.83256], [108.49664, 13.83227], [108.49923, 13.83379], [108.50139, 13.83228], [108.50303, 13.83202], [108.50372, 13.83283], [108.50511, 13.83182], [108.50688, 13.83337], [108.50849, 13.83162], [108.5096, 13.83194], [108.51002, 13.83079], [108.51108, 13.83086], [108.51317, 13.82851], [108.51241, 13.82771], [108.51328, 13.82701], [108.51285, 13.82555], [108.51462, 13.82511], [108.51254, 13.82197], [108.51514, 13.8187], [108.51517, 13.81764], [108.51289, 13.81395], [108.51179, 13.81371], [108.50998, 13.8097], [108.51072, 13.80916], [108.51143, 13.81015], [108.5149, 13.80997], [108.51889, 13.81877], [108.5235, 13.82055], [108.53019, 13.82185], [108.53117, 13.82299], [108.53153, 13.82553], [108.53079, 13.82803], [108.52707, 13.832], [108.52769, 13.83527], [108.52626, 13.83538], [108.52709, 13.83619], [108.52559, 13.83801], [108.52272, 13.83889], [108.52405, 13.8396], [108.52296, 13.84095], [108.52444, 13.84147], [108.52492, 13.84338], [108.52435, 13.84377], [108.52498, 13.84373], [108.52671, 13.84711], [108.52666, 13.84878], [108.525, 13.85058], [108.52624, 13.85089], [108.526, 13.85185], [108.52685, 13.85167], [108.52747, 13.85295], [108.52663, 13.85545], [108.52734, 13.85713], [108.52678, 13.85819], [108.52834, 13.86011], [108.52782, 13.86161], [108.52685, 13.86169], [108.52782, 13.86217], [108.52703, 13.86227], [108.52782, 13.86374], [108.5274, 13.865], [108.52847, 13.86595], [108.52803, 13.86703], [108.52947, 13.86854], [108.52865, 13.87117], [108.5293, 13.87274], [108.52673, 13.87713], [108.52435, 13.87809], [108.52258, 13.87985], [108.51021, 13.8815], [108.50706, 13.88277], [108.50551, 13.88811]]]}}, {"type": "Feature", "properties": {"other_info": "<div id=\"economy\"><span class=\"cms\">Kinh t\u1ebf: </span><p>Ph\u00e1t tri\u1ec3n kinh t\u1ebf \u0111\u00f4 th\u1ecb n\u00f4ng th\u00f4n</p></div><div id=\"ethnicity\"><span class=\"cms\">D\u00e2n t\u1ed9c: </span><p>19.00%</p></div>", "dan_so": "19446", "lanh_dao": "<p>+Nguy\u1ec5n H\u1eefu Nguy\u00ean<br> B\u00ed th\u01b0 \u0110\u1ea3ng u\u1ef7 </p><p>Ch\u1ee7 t\u1ecbch H\u0110ND </p><p>0987111379</p><p>+Tr\u1ea7n Anh Tu\u1ea5n<br> Ch\u1ee7 t\u1ecbch UBND </p><p>0979425228<br></p>", "sap_nhap": "Ph\u00fa H\u00f2a (th\u1ecb tr\u1ea5n), Ngh\u0129a H\u00f2a, H\u00f2a Ph\u00fa", "dtich_km2": "103.58", "ma_xa": 52, "tru_so": "<p>S\u1ed1 06 \u0111\u01b0\u1eddng L\u00ea H\u1ed3ng Phong, x\u00e3 Ch\u01b0 P\u0103h</p>", "url": "https://baogialai.com.vn/dia-phuong/xa-chu-pah/52.html", "ten_xa": "X\u00e3 Ch\u01b0 P\u0103h", "order": 100}, "geometry": {"type": "Polygon", "coordinates": [[[107.93661, 14.19318], [107.93529, 14.19264], [107.93993, 14.18981], [107.94, 14.18598], [107.93808, 14.18328], [107.9374, 14.18063], [107.93446, 14.1779], [107.93503, 14.17482], [107.93225, 14.16838], [107.9268, 14.16176], [107.92747, 14.15905], [107.92721, 14.15264], [107.9252, 14.14881], [107.92522, 14.14721], [107.9246, 14.14716], [107.92587, 14.14555], [107.92688, 14.14563], [107.9266, 14.14231], [107.92745, 14.14154], [107.92777, 14.13893], [107.92579, 14.13385], [107.92693, 14.13305], [107.92333, 14.13088], [107.92346, 14.1277], [107.91845, 14.1275], [107.91491, 14.1314], [107.9142, 14.12935], [107.9122, 14.12834], [107.91078, 14.1291], [107.90974, 14.12768], [107.90466, 14.12904], [107.90305, 14.12863], [107.90031, 14.12596], [107.89788, 14.12491], [107.89149, 14.11658], [107.88872, 14.11437], [107.88758, 14.11136], [107.88662, 14.1112], [107.88743, 14.11035], [107.88623, 14.10627], [107.88529, 14.10538], [107.88774, 14.10545], [107.88803, 14.1038], [107.88717, 14.10299], [107.8889, 14.10187], [107.88845, 14.09996], [107.8893, 14.10079], [107.89077, 14.09983], [107.89311, 14.1002], [107.89391, 14.09916], [107.89545, 14.09885], [107.89742, 14.10004], [107.8988, 14.10225], [107.89983, 14.10195], [107.90027, 14.10033], [107.9028, 14.10077], [107.90378, 14.10014], [107.90519, 14.10159], [107.90614, 14.09898], [107.9096, 14.09848], [107.91066, 14.09619], [107.91204, 14.09651], [107.91266, 14.09511], [107.91654, 14.09463], [107.91853, 14.09331], [107.92092, 14.09442], [107.92622, 14.09209], [107.92812, 14.09088], [107.92698, 14.08714], [107.93081, 14.08387], [107.93351, 14.0834], [107.9373, 14.08033], [107.93821, 14.08382], [107.9377, 14.08446], [107.93882, 14.0866], [107.93746, 14.08849], [107.93927, 14.08967], [107.94373, 14.08705], [107.94721, 14.08752], [107.94969, 14.08848], [107.95135, 14.09027], [107.95249, 14.09022], [107.95269, 14.0927], [107.95204, 14.09315], [107.95471, 14.09318], [107.95587, 14.09461], [107.9638, 14.08966], [107.96625, 14.09016], [107.96795, 14.0883], [107.96926, 14.08908], [107.96885, 14.08974], [107.96997, 14.09072], [107.97078, 14.09004], [107.97303, 14.09335], [107.97513, 14.09202], [107.97426, 14.09409], [107.97526, 14.09493], [107.97843, 14.09441], [107.97939, 14.09541], [107.98412, 14.09546], [107.98667, 14.09963], [107.98891, 14.1012], [107.99353, 14.10199], [107.996, 14.10036], [107.99778, 14.10093], [107.99986, 14.10462], [107.99981, 14.10916], [108.00368, 14.11322], [108.0025, 14.11505], [108.00214, 14.12081], [108.00051, 14.1231], [107.99982, 14.12711], [108.00045, 14.13113], [108.00283, 14.13671], [108.0059, 14.1413], [108.00611, 14.14396], [108.00848, 14.14414], [108.01128, 14.14584], [108.01252, 14.14441], [108.01406, 14.1441], [108.02863, 14.14438], [108.02969, 14.14488], [108.03012, 14.1464], [108.03611, 14.14902], [108.03807, 14.14897], [108.039, 14.15153], [108.0382, 14.15297], [108.03868, 14.15689], [108.04564, 14.16357], [108.04522, 14.16708], [108.04251, 14.17015], [108.03606, 14.16551], [108.02725, 14.16735], [108.01759, 14.16682], [108.00852, 14.16479], [108.00751, 14.16572], [108.00755, 14.1681], [108.00638, 14.16925], [108.00539, 14.1723], [108.00424, 14.17192], [108.00192, 14.173], [108.00127, 14.17521], [107.99705, 14.17561], [107.99725, 14.18038], [107.99571, 14.18297], [107.99411, 14.18405], [107.99326, 14.1838], [107.99207, 14.18121], [107.98703, 14.17909], [107.98594, 14.17755], [107.98368, 14.17682], [107.98175, 14.17761], [107.97927, 14.17671], [107.97472, 14.17816], [107.97185, 14.18113], [107.97055, 14.18188], [107.96924, 14.18156], [107.96686, 14.18371], [107.96604, 14.18349], [107.96159, 14.18877], [107.9582, 14.18905], [107.95648, 14.18776], [107.9532, 14.1883], [107.95115, 14.1872], [107.94799, 14.1898], [107.94545, 14.1892], [107.94016, 14.19264], [107.93806, 14.19245], [107.93661, 14.19318]]]}}, {"type": "Feature", "properties": {"other_info": "<div id=\"economy\"><span class=\"cms\">Kinh t\u1ebf: </span><p>Ph\u00e1t tri\u1ec3n kinh t\u1ebf \u0111\u00f4 th\u1ecb n\u00f4ng th\u00f4n</p></div><div id=\"ethnicity\"><span class=\"cms\">D\u00e2n t\u1ed9c: </span><p>21.30%</p></div>", "dan_so": "33892", "lanh_dao": "<p>+Rah Lan H' Chi\u1ec3u<br> B\u00ed th\u01b0 \u0110\u1ea3ng u\u1ef7 </p><p>Ch\u1ee7 t\u1ecbch H\u0110ND </p><p>0985356777</p><p>+Ph\u1ea1m Ng\u1ecdc To\u00e0n<br> Ch\u1ee7 t\u1ecbch UBND </p><p>0988158427<br></p>", "sap_nhap": "Ch\u01b0 Pr\u00f4ng (th\u1ecb tr\u1ea5n), Ia Ph\u00ecn, Ia Kly, Ia Drang", "dtich_km2": "124.77", "ma_xa": 53, "tru_so": "<p>S\u1ed1 87 \u0111\u01b0\u1eddng Nguy\u1ec5n Tr\u00e3i, x\u00e3 Ch\u01b0 Pr\u00f4ng</p>", "url": "https://baogialai.com.vn/dia-phuong/xa-chu-prong/53.html", "ten_xa": "X\u00e3 Ch\u01b0 Pr\u00f4ng", "order": 100}, "geometry": {"type": "Polygon", "coordinates": [[[107.96932, 13.83229], [107.96757, 13.835], [107.96515, 13.83394], [107.96281, 13.83408], [107.96269, 13.83302], [107.96092, 13.83155], [107.95755, 13.83029], [107.9535, 13.82462], [107.954, 13.82325], [107.95221, 13.822], [107.95026, 13.82169], [107.9488, 13.82268], [107.94388, 13.82247], [107.94299, 13.82307], [107.9414, 13.82254], [107.93795, 13.82381], [107.93492, 13.82162], [107.9322, 13.82201], [107.93041, 13.82098], [107.9294, 13.81764], [107.92799, 13.81581], [107.92735, 13.81161], [107.92466, 13.80822], [107.92397, 13.80829], [107.92434, 13.80647], [107.91886, 13.80357], [107.91587, 13.79895], [107.91591, 13.79282], [107.91421, 13.78917], [107.90796, 13.78576], [107.90388, 13.77912], [107.89989, 13.77514], [107.8993, 13.77603], [107.89722, 13.77512], [107.89718, 13.77778], [107.90145, 13.78855], [107.869, 13.79245], [107.86523, 13.78969], [107.86278, 13.78977], [107.86185, 13.78842], [107.8599, 13.78981], [107.85932, 13.78766], [107.84377, 13.79523], [107.83658, 13.79579], [107.83207, 13.79844], [107.82834, 13.79966], [107.8267, 13.7994], [107.82555, 13.7965], [107.8265, 13.79592], [107.82657, 13.79464], [107.8256, 13.79368], [107.82222, 13.79375], [107.82194, 13.79193], [107.82301, 13.79185], [107.82585, 13.78943], [107.82585, 13.78808], [107.82501, 13.78488], [107.82165, 13.78046], [107.82286, 13.77787], [107.82306, 13.77137], [107.82494, 13.76953], [107.83045, 13.76885], [107.83044, 13.768], [107.82685, 13.7662], [107.82904, 13.76486], [107.83025, 13.7628], [107.82649, 13.7609], [107.82435, 13.76221], [107.82577, 13.76332], [107.82404, 13.76329], [107.82117, 13.76146], [107.81611, 13.7628], [107.81646, 13.76451], [107.81452, 13.76482], [107.81207, 13.76337], [107.81317, 13.76213], [107.81259, 13.76042], [107.81347, 13.75915], [107.81177, 13.75897], [107.81138, 13.75395], [107.80877, 13.7539], [107.8088, 13.7521], [107.80684, 13.75079], [107.80906, 13.74844], [107.8149, 13.74753], [107.81634, 13.74424], [107.82126, 13.74664], [107.824, 13.7408], [107.82717, 13.73874], [107.83033, 13.73434], [107.82865, 13.73155], [107.83492, 13.72859], [107.83553, 13.72696], [107.837, 13.7263], [107.83668, 13.72827], [107.8372, 13.72886], [107.83767, 13.72804], [107.83837, 13.73016], [107.83792, 13.73279], [107.83679, 13.73396], [107.83693, 13.73539], [107.83833, 13.73604], [107.84105, 13.73417], [107.84275, 13.735], [107.84578, 13.73389], [107.84849, 13.73613], [107.8487, 13.7383], [107.85233, 13.73751], [107.85595, 13.73995], [107.858, 13.73831], [107.85913, 13.73841], [107.86229, 13.74176], [107.86819, 13.74487], [107.86761, 13.7474], [107.87171, 13.74805], [107.8713, 13.74375], [107.8763, 13.73422], [107.87344, 13.73276], [107.87653, 13.72741], [107.87539, 13.71369], [107.8797, 13.71192], [107.88084, 13.71013], [107.88226, 13.70956], [107.88323, 13.71048], [107.88306, 13.71174], [107.88427, 13.71256], [107.88329, 13.714], [107.88461, 13.71539], [107.88431, 13.71676], [107.88511, 13.71811], [107.88889, 13.71762], [107.88956, 13.71649], [107.89056, 13.71717], [107.8905, 13.71589], [107.89304, 13.71617], [107.89369, 13.71716], [107.89426, 13.71633], [107.89591, 13.71705], [107.89548, 13.71743], [107.8962, 13.71809], [107.89998, 13.71694], [107.90189, 13.71765], [107.90351, 13.71703], [107.90915, 13.71774], [107.91137, 13.71607], [107.91252, 13.71769], [107.91718, 13.7191], [107.92375, 13.72259], [107.92441, 13.72444], [107.92911, 13.72902], [107.93151, 13.72997], [107.9331, 13.73197], [107.93487, 13.73178], [107.93541, 13.73346], [107.93916, 13.73343], [107.94147, 13.73555], [107.94404, 13.73605], [107.94415, 13.73718], [107.94594, 13.73841], [107.94806, 13.73837], [107.94937, 13.73691], [107.9516, 13.73909], [107.95106, 13.73982], [107.95156, 13.74057], [107.95014, 13.74179], [107.95122, 13.74299], [107.95198, 13.74221], [107.95287, 13.74258], [107.95572, 13.74684], [107.95579, 13.74918], [107.95429, 13.74913], [107.9536, 13.75163], [107.95543, 13.75141], [107.95684, 13.75278], [107.95906, 13.75732], [107.96088, 13.75893], [107.95441, 13.76306], [107.95532, 13.76878], [107.95884, 13.76859], [107.96537, 13.78237], [107.96837, 13.79136], [107.96712, 13.79465], [107.96747, 13.7978], [107.97159, 13.8043], [107.97735, 13.80908], [107.98156, 13.81761], [107.98257, 13.81816], [107.98266, 13.82029], [107.98071, 13.82618], [107.98499, 13.82757], [107.98392, 13.82966], [107.98063, 13.83223], [107.97903, 13.83208], [107.97834, 13.83286], [107.97698, 13.83155], [107.97621, 13.83255], [107.97463, 13.83162], [107.97394, 13.83369], [107.97191, 13.83197], [107.97079, 13.83352], [107.96932, 13.83229]]]}}, {"type": "Feature", "properties": {"other_info": "<div id=\"economy\"><span class=\"cms\">Kinh t\u1ebf: </span><p>Ph\u00e1t tri\u1ec3n kinh t\u1ebf \u0111\u00f4 th\u1ecb - n\u00f4ng th\u00f4n</p></div><div id=\"ethnicity\"><span class=\"cms\">D\u00e2n t\u1ed9c: </span><p>58.00%</p></div>", "dan_so": "33374", "lanh_dao": "<p>+Nguy\u1ec5n Huy Ch\u00e2u<br> B\u00ed th\u01b0 \u0110\u1ea3ng u\u1ef7 </p><p>Ch\u1ee7 t\u1ecbch H\u0110ND </p><p>0986814949<br></p><p>+Siu Y B\u00e9<br> Ch\u1ee7 t\u1ecbch UBND </p><p>0977370988<br></p>", "sap_nhap": "Nh\u01a1n H\u00f2a (th\u1ecb tr\u1ea5n), Ch\u01b0 Don, Ia Phang", "dtich_km2": "184.44", "ma_xa": 54, "tru_so": "<p>S\u1ed1 05 \u0111\u01b0\u1eddng Nguy\u1ec5n T\u1ea5t Th\u00e0nh, x\u00e3 Ch\u01b0 P\u01b0h (tr\u1ee5 s\u1edf b\u1ed9 ph\u1eadn ti\u1ebfp nh\u1eadn v\u00e0 tr\u1ea3 k\u1ebft qu\u1ea3 huy\u1ec7n Ch\u01b0 P\u01b0h c\u0169)</p>", "url": "https://baogialai.com.vn/dia-phuong/xa-chu-puh/54.html", "ten_xa": "X\u00e3 Ch\u01b0 P\u01b0h", "order": 100}, "geometry": {"type": "Polygon", "coordinates": [[[108.05681, 13.57661], [108.05671, 13.57779], [108.05263, 13.57694], [108.05248, 13.5777], [108.0505, 13.57658], [108.05034, 13.5772], [108.04785, 13.5774], [108.0435, 13.57654], [108.04752, 13.57196], [108.04696, 13.57059], [108.04796, 13.56926], [108.04749, 13.56836], [108.04865, 13.56819], [108.04813, 13.56579], [108.04685, 13.56443], [108.04715, 13.56322], [108.0449, 13.56144], [108.04434, 13.55981], [108.04599, 13.55909], [108.04675, 13.55695], [108.04726, 13.55468], [108.04668, 13.55265], [108.0482, 13.54915], [108.04753, 13.54694], [108.04398, 13.5431], [108.04301, 13.54069], [108.04326, 13.53866], [108.04208, 13.53651], [108.04074, 13.538], [108.03955, 13.53751], [108.0381, 13.53897], [108.03611, 13.53678], [108.03847, 13.5346], [108.03658, 13.53486], [108.03652, 13.53229], [108.03744, 13.53166], [108.03724, 13.52969], [108.03793, 13.52882], [108.0363, 13.52859], [108.03532, 13.52719], [108.03671, 13.52422], [108.03767, 13.52411], [108.0374, 13.52319], [108.03598, 13.5229], [108.03684, 13.51985], [108.03629, 13.51863], [108.03408, 13.51892], [108.03419, 13.51765], [108.02721, 13.51539], [108.02815, 13.51481], [108.02781, 13.51375], [108.02863, 13.5125], [108.02689, 13.51146], [108.02703, 13.51001], [108.02606, 13.50916], [108.02781, 13.50908], [108.02687, 13.50786], [108.02787, 13.50449], [108.02662, 13.50406], [108.02668, 13.50521], [108.0258, 13.50439], [108.02467, 13.50499], [108.02495, 13.50356], [108.02406, 13.50325], [108.02311, 13.50417], [108.02109, 13.5036], [108.02072, 13.50451], [108.01911, 13.50229], [108.01982, 13.50092], [108.02489, 13.50169], [108.02846, 13.50121], [108.03288, 13.5033], [108.03335, 13.50261], [108.03595, 13.50258], [108.03539, 13.50603], [108.03624, 13.50663], [108.03534, 13.50697], [108.03557, 13.50783], [108.03934, 13.50726], [108.04076, 13.50502], [108.04303, 13.50462], [108.04294, 13.50294], [108.04407, 13.50332], [108.04592, 13.50183], [108.04691, 13.50325], [108.04808, 13.50299], [108.04879, 13.50424], [108.05023, 13.50472], [108.0495, 13.50847], [108.05054, 13.50978], [108.05343, 13.51076], [108.05505, 13.50966], [108.05703, 13.50966], [108.0604, 13.51135], [108.06215, 13.51128], [108.06231, 13.50956], [108.06731, 13.50826], [108.06887, 13.50618], [108.06947, 13.50728], [108.07149, 13.50724], [108.07217, 13.50554], [108.07361, 13.50451], [108.07868, 13.50342], [108.07949, 13.50082], [108.0818, 13.50029], [108.08309, 13.49907], [108.08536, 13.49975], [108.0924, 13.49638], [108.09776, 13.49664], [108.09902, 13.49527], [108.09897, 13.49336], [108.10049, 13.49285], [108.10073, 13.49167], [108.10211, 13.4916], [108.10234, 13.4896], [108.10139, 13.48779], [108.10256, 13.48767], [108.10345, 13.48872], [108.1111, 13.48695], [108.11242, 13.48573], [108.11328, 13.4864], [108.11561, 13.48623], [108.1169, 13.48501], [108.1175, 13.48585], [108.1186, 13.48487], [108.12079, 13.48593], [108.1208, 13.48479], [108.12175, 13.48502], [108.122, 13.48412], [108.12756, 13.48426], [108.12776, 13.4835], [108.13012, 13.48405], [108.13248, 13.48307], [108.1443, 13.47382], [108.14497, 13.47106], [108.14714, 13.47095], [108.14976, 13.46839], [108.15151, 13.46777], [108.15401, 13.463], [108.15753, 13.4606], [108.16093, 13.46092], [108.1614, 13.45973], [108.16998, 13.45987], [108.17098, 13.45937], [108.17087, 13.45836], [108.17831, 13.45966], [108.17893, 13.45835], [108.18707, 13.45787], [108.18819, 13.45695], [108.18964, 13.45766], [108.19157, 13.45471], [108.19364, 13.4535], [108.19813, 13.45359], [108.20207, 13.45175], [108.21269, 13.45907], [108.21345, 13.46155], [108.21785, 13.46176], [108.22327, 13.46634], [108.22306, 13.46998], [108.22707, 13.47195], [108.22854, 13.47468], [108.2319, 13.47449], [108.23303, 13.47664], [108.2356, 13.47781], [108.23414, 13.47906], [108.2351, 13.48001], [108.2337, 13.48353], [108.23419, 13.48546], [108.23616, 13.48754], [108.23423, 13.49027], [108.23472, 13.49068], [108.23374, 13.49282], [108.23304, 13.49905], [108.23487, 13.50301], [108.23385, 13.50425], [108.23437, 13.50485], [108.23362, 13.50683], [108.23415, 13.51203], [108.23338, 13.51185], [108.2335, 13.51366], [108.23285, 13.51368], [108.23412, 13.51759], [108.23305, 13.51963], [108.23428, 13.52118], [108.23327, 13.52479], [108.23426, 13.52631], [108.23237, 13.52857], [108.23392, 13.5306], [108.23245, 13.53351], [108.23289, 13.53545], [108.22982, 13.5346], [108.22903, 13.53285], [108.22653, 13.53459], [108.22484, 13.5346], [108.22486, 13.53569], [108.22355, 13.53595], [108.21869, 13.53476], [108.21605, 13.53275], [108.20969, 13.53351], [108.20795, 13.53633], [108.20804, 13.53862], [108.20536, 13.53892], [108.20572, 13.5399], [108.20489, 13.54078], [108.20394, 13.53935], [108.20276, 13.5391], [108.19985, 13.54172], [108.19977, 13.54307], [108.20087, 13.544], [108.20046, 13.54453], [108.19697, 13.54352], [108.19299, 13.5435], [108.18708, 13.55201], [108.1869, 13.55479], [108.18503, 13.55559], [108.18354, 13.55402], [108.17438, 13.55558], [108.17246, 13.5553], [108.17201, 13.55344], [108.16936, 13.55382], [108.16801, 13.55136], [108.16872, 13.54746], [108.1644, 13.54675], [108.16496, 13.54331], [108.163, 13.54426], [108.16225, 13.54286], [108.16089, 13.54357], [108.15921, 13.54189], [108.15505, 13.5442], [108.15365, 13.54289], [108.15177, 13.54328], [108.15091, 13.54229], [108.14741, 13.5427], [108.14661, 13.54331], [108.14588, 13.54635], [108.14131, 13.54801], [108.13858, 13.55154], [108.13804, 13.55492], [108.13562, 13.55859], [108.13382, 13.55978], [108.13371, 13.56274], [108.13254, 13.56333], [108.12967, 13.57179], [108.12712, 13.57181], [108.12488, 13.57421], [108.12246, 13.57443], [108.11684, 13.57693], [108.11519, 13.57564], [108.11444, 13.57626], [108.10847, 13.57508], [108.10592, 13.57499], [108.10578, 13.5757], [108.09925, 13.57501], [108.09372, 13.57574], [108.09368, 13.57631], [108.09061, 13.5754], [108.08936, 13.57594], [108.08935, 13.57674], [108.08399, 13.57656], [108.08226, 13.57745], [108.0825, 13.57457], [108.08017, 13.5744], [108.0794, 13.57084], [108.0778, 13.57115], [108.07734, 13.57263], [108.07598, 13.5732], [108.07411, 13.57216], [108.07312, 13.56942], [108.07212, 13.56898], [108.0706, 13.56961], [108.06949, 13.57301], [108.06591, 13.57559], [108.06454, 13.5755], [108.06333, 13.5771], [108.05957, 13.57748], [108.05681, 13.57661]]]}}, {"type": "Feature", "properties": {"other_info": "<div id=\"economy\"><span class=\"cms\">Kinh t\u1ebf: </span><p>Ph\u00e1t tri\u1ec3n kinh t\u1ebf \u0111\u00f4 th\u1ecb</p><p>CCN t\u1eadp trung Ch\u01b0 S\u00ea (45,7ha)</p></div><div id=\"ethnicity\"><span class=\"cms\">D\u00e2n t\u1ed9c: </span><p>24.00%</p></div>", "dan_so": "68975", "lanh_dao": "<p>+L\u00fd Anh Sang<br> B\u00ed th\u01b0 \u0110\u1ea3ng u\u1ef7 </p><p>Ch\u1ee7 t\u1ecbch H\u0110ND </p><p>0935944666<br> <br></p><p>+Tr\u1ea7n Minh Tri\u1ec1u<br> Ch\u1ee7 t\u1ecbch UBND </p><p>0905335151</p>", "sap_nhap": "Ch\u01b0 S\u00ea (th\u1ecb tr\u1ea5n), Dun, Ia Blang, Ia Pal, Ia Glai", "dtich_km2": "124.93", "ma_xa": 55, "tru_so": "<p>S\u1ed1 794 \u0111\u01b0\u1eddng H\u00f9ng V\u01b0\u01a1ng, x\u00e3 Ch\u01b0 S\u00ea (Tr\u1ee5 s\u1edf Ban Ti\u1ebfp c\u00f4ng d\u00e2n huy\u1ec7n Ch\u01b0 S\u00ea tr\u01b0\u1edbc \u0111\u00e2y)</p>", "url": "https://baogialai.com.vn/dia-phuong/xa-chu-se/55.html", "ten_xa": "X\u00e3 Ch\u01b0 S\u00ea", "order": 100}, "geometry": {"type": "Polygon", "coordinates": [[[108.00528, 13.79675], [108.00372, 13.79602], [108.01359, 13.78189], [108.01074, 13.77993], [108.00493, 13.77833], [108.00245, 13.77604], [107.99826, 13.77481], [107.99768, 13.76935], [107.99461, 13.76425], [107.99529, 13.76207], [107.9983, 13.75795], [108.00189, 13.75516], [108.00418, 13.75122], [108.00614, 13.75114], [108.00756, 13.75015], [108.0083, 13.7482], [108.0093, 13.73877], [108.00899, 13.73425], [108.0074, 13.73097], [108.00598, 13.72998], [108.00567, 13.7272], [108.00604, 13.72448], [108.00686, 13.72419], [108.0067, 13.72161], [108.00343, 13.71594], [108.00376, 13.71364], [108.00303, 13.71202], [108.00365, 13.71026], [108.00663, 13.71038], [108.00724, 13.70796], [108.00916, 13.70805], [108.00886, 13.70675], [108.01221, 13.70658], [108.01251, 13.70559], [108.0141, 13.70628], [108.01551, 13.7056], [108.01677, 13.70666], [108.01725, 13.70611], [108.01976, 13.70637], [108.02256, 13.70846], [108.02527, 13.706], [108.02885, 13.70836], [108.0304, 13.70733], [108.03176, 13.70475], [108.03432, 13.70629], [108.03536, 13.70387], [108.04305, 13.69868], [108.05022, 13.70287], [108.05153, 13.70278], [108.05449, 13.69959], [108.0544, 13.69862], [108.05692, 13.69757], [108.0599, 13.69247], [108.0594, 13.69154], [108.06065, 13.69077], [108.0604, 13.68798], [108.06157, 13.68646], [108.06124, 13.68345], [108.05853, 13.67939], [108.0586, 13.67556], [108.05786, 13.67412], [108.0594, 13.67335], [108.06028, 13.67101], [108.05864, 13.66686], [108.05976, 13.66407], [108.05846, 13.6625], [108.05936, 13.66202], [108.059, 13.66028], [108.0604, 13.65904], [108.06006, 13.65774], [108.06065, 13.65785], [108.06079, 13.6569], [108.06444, 13.65509], [108.06535, 13.65207], [108.06711, 13.65087], [108.06829, 13.64814], [108.07067, 13.64544], [108.07027, 13.64469], [108.07307, 13.64154], [108.07313, 13.63979], [108.075, 13.63682], [108.07683, 13.6357], [108.07832, 13.63593], [108.07942, 13.63429], [108.08662, 13.6326], [108.08623, 13.63133], [108.08756, 13.63143], [108.08766, 13.63033], [108.09038, 13.63001], [108.08999, 13.62877], [108.09101, 13.62892], [108.09137, 13.62771], [108.09224, 13.62836], [108.09188, 13.6275], [108.09342, 13.62566], [108.0928, 13.62272], [108.0948, 13.62096], [108.09796, 13.62175], [108.09943, 13.61977], [108.10267, 13.61948], [108.1032, 13.61816], [108.10562, 13.61652], [108.10744, 13.6192], [108.10777, 13.6229], [108.10582, 13.62767], [108.10581, 13.63139], [108.10107, 13.63711], [108.10263, 13.64273], [108.10581, 13.64433], [108.11053, 13.63515], [108.11143, 13.63519], [108.11429, 13.63603], [108.11454, 13.63825], [108.11611, 13.63792], [108.11912, 13.63899], [108.12094, 13.6381], [108.12309, 13.64], [108.1239, 13.63937], [108.1267, 13.64067], [108.12823, 13.63985], [108.13356, 13.64147], [108.14027, 13.6405], [108.13897, 13.64136], [108.13858, 13.64425], [108.13733, 13.64526], [108.13851, 13.64822], [108.14131, 13.64681], [108.14533, 13.64831], [108.14848, 13.64446], [108.14956, 13.64109], [108.15382, 13.64481], [108.157, 13.64586], [108.15907, 13.65423], [108.1562, 13.65643], [108.1568, 13.65985], [108.15184, 13.65965], [108.15092, 13.65646], [108.14978, 13.65603], [108.1416, 13.65593], [108.13947, 13.6605], [108.13793, 13.65937], [108.13644, 13.65992], [108.1356, 13.66469], [108.13475, 13.66472], [108.13427, 13.66328], [108.13126, 13.66453], [108.13098, 13.66583], [108.13244, 13.66972], [108.12925, 13.67149], [108.12954, 13.67324], [108.12825, 13.67467], [108.12947, 13.67597], [108.12873, 13.67872], [108.12655, 13.67968], [108.12424, 13.67934], [108.12218, 13.68059], [108.12047, 13.67973], [108.11739, 13.68061], [108.11506, 13.67957], [108.11365, 13.68124], [108.11239, 13.68117], [108.1098, 13.68457], [108.10939, 13.68658], [108.11124, 13.6867], [108.11199, 13.6882], [108.10974, 13.69068], [108.11232, 13.69239], [108.11254, 13.69402], [108.11026, 13.69601], [108.10856, 13.69977], [108.10953, 13.70333], [108.10916, 13.70516], [108.10413, 13.71035], [108.10391, 13.715], [108.10448, 13.71585], [108.10388, 13.71893], [108.10067, 13.72371], [108.10174, 13.72597], [108.1008, 13.72725], [108.10144, 13.7279], [108.10058, 13.72828], [108.1012, 13.73575], [108.10366, 13.73774], [108.10233, 13.73853], [108.10074, 13.74299], [108.09865, 13.74383], [108.0987, 13.74496], [108.10034, 13.74648], [108.09913, 13.74801], [108.0995, 13.75032], [108.09703, 13.74953], [108.09388, 13.75109], [108.09322, 13.75397], [108.09146, 13.75385], [108.08774, 13.75734], [108.08773, 13.75982], [108.08706, 13.76038], [108.08747, 13.76204], [108.08608, 13.76201], [108.08551, 13.76361], [108.08254, 13.76151], [108.07921, 13.7611], [108.07873, 13.75992], [108.07198, 13.75967], [108.07405, 13.75258], [108.07372, 13.75142], [108.07229, 13.7511], [108.07121, 13.74981], [108.06721, 13.7513], [108.06428, 13.75036], [108.05444, 13.75221], [108.05431, 13.7512], [108.05286, 13.75111], [108.05292, 13.74821], [108.05173, 13.74762], [108.04717, 13.74748], [108.04599, 13.75071], [108.043, 13.74924], [108.04113, 13.75023], [108.039, 13.74953], [108.03888, 13.75111], [108.03746, 13.7515], [108.03773, 13.75295], [108.03458, 13.75385], [108.0347, 13.75623], [108.03241, 13.76046], [108.03214, 13.76351], [108.03097, 13.7637], [108.03135, 13.76554], [108.03026, 13.76685], [108.02943, 13.77057], [108.02843, 13.77135], [108.02972, 13.77372], [108.02921, 13.77458], [108.02972, 13.77598], [108.0287, 13.77645], [108.02783, 13.77839], [108.02836, 13.7804], [108.02441, 13.78267], [108.02251, 13.78629], [108.01762, 13.78773], [108.0148, 13.79046], [108.01101, 13.79211], [108.00836, 13.79512], [108.00528, 13.79675]]]}}, {"type": "Feature", "properties": {"other_info": "<div id=\"ethnicity\"><span class=\"cms\">D\u00e2n t\u1ed9c: </span><p>T\u1ef7 l\u1ec7 \u0111\u1ed3ng b\u00e0o DTTS<br> 6,00%</p></div>", "dan_so": "19874", "lanh_dao": "<p>+&nbsp;\u0110inh V\u0103n C\u01b0\u01a1ng<br> B\u00ed th\u01b0 \u0110\u1ea3ng u\u1ef7 Ch\u1ee7 t\u1ecbch H\u0110ND </p><p>0935944666</p><p>+ Tr\u1ea7n Thanh H\u1ea3i<br> Ch\u1ee7 t\u1ecbch UBND </p><p>0905335151</p>", "sap_nhap": "T\u00fa An, Xu\u00e2n An, Song An, C\u1eedu An", "dtich_km2": "132.96", "ma_xa": 56, "tru_so": "<p>+&nbsp;\u0110\u1ea3ng \u1ee7y-MTTQ<br> Th\u00f4n An Th\u1ea1ch, x\u00e3 C\u1eedu An, t\u1ec9nh Gia Lai</p><p>+ H\u0110ND-UBND-Trung t\u00e2m Ph\u1ee5c v\u1ee5 h\u00e0nh ch\u00ednh c\u00f4ng<br> Th\u00f4n An \u0110i\u1ec1n Nam, x\u00e3 C\u1eedu An</p>", "url": "https://baogialai.com.vn/dia-phuong/xa-cuu-an/56.html", "ten_xa": "X\u00e3 C\u1eedu An", "order": 100}, "geometry": {"type": "Polygon", "coordinates": [[[108.68717, 14.12818], [108.68205, 14.12776], [108.68231, 14.12475], [108.67999, 14.12444], [108.68051, 14.12176], [108.6748, 14.12075], [108.67512, 14.11848], [108.67366, 14.1161], [108.67134, 14.11661], [108.67057, 14.11436], [108.66844, 14.11345], [108.66853, 14.11153], [108.66721, 14.11115], [108.66718, 14.10983], [108.66471, 14.10938], [108.66407, 14.10993], [108.66298, 14.1075], [108.66155, 14.10767], [108.65874, 14.09996], [108.6597, 14.09355], [108.65801, 14.09275], [108.65764, 14.08812], [108.65466, 14.08612], [108.65211, 14.08114], [108.6491, 14.07913], [108.64864, 14.07972], [108.64756, 14.07871], [108.64714, 14.07967], [108.64697, 14.07822], [108.65316, 14.06628], [108.6519, 14.06002], [108.65477, 14.05591], [108.65557, 14.05021], [108.6606, 14.03767], [108.6604, 14.03621], [108.66271, 14.02981], [108.66912, 14.02503], [108.67515, 14.0245], [108.67746, 14.02353], [108.68102, 14.01892], [108.68097, 14.01639], [108.68391, 14.01722], [108.68822, 14.02262], [108.69212, 14.02419], [108.694, 14.03027], [108.69683, 14.03109], [108.69886, 14.03003], [108.70176, 14.03141], [108.70444, 14.03616], [108.70697, 14.03638], [108.70917, 14.03047], [108.70956, 14.02688], [108.70829, 14.02096], [108.7103, 14.01799], [108.71117, 14.01329], [108.71237, 14.01275], [108.71242, 14.01109], [108.71439, 14.00942], [108.71373, 14.00827], [108.71487, 14.00679], [108.71203, 14.00316], [108.7103, 14.00274], [108.70481, 13.99744], [108.70659, 13.99473], [108.70528, 13.99322], [108.70105, 13.9903], [108.69591, 13.98847], [108.69499, 13.98732], [108.6971, 13.98292], [108.69694, 13.98088], [108.6982, 13.97947], [108.70066, 13.97862], [108.70072, 13.97706], [108.70285, 13.97552], [108.70294, 13.97266], [108.70207, 13.97127], [108.70347, 13.96916], [108.703, 13.96809], [108.70439, 13.96745], [108.70313, 13.96599], [108.70379, 13.9619], [108.70236, 13.96029], [108.70089, 13.95246], [108.70145, 13.94847], [108.6959, 13.9477], [108.69943, 13.94386], [108.70432, 13.94537], [108.70522, 13.9425], [108.70662, 13.94158], [108.71235, 13.94061], [108.71345, 13.93886], [108.71255, 13.93647], [108.72108, 13.93145], [108.72477, 13.93133], [108.72646, 13.93383], [108.72732, 13.93151], [108.73067, 13.93032], [108.73643, 13.92392], [108.73804, 13.91995], [108.74244, 13.91647], [108.743, 13.91753], [108.7453, 13.91747], [108.74651, 13.92004], [108.74566, 13.92472], [108.74437, 13.92702], [108.74553, 13.92815], [108.74463, 13.92959], [108.74431, 13.93558], [108.74801, 13.93761], [108.74978, 13.94782], [108.75155, 13.9471], [108.7526, 13.94752], [108.75477, 13.94607], [108.75608, 13.94819], [108.75417, 13.95119], [108.75204, 13.9571], [108.75336, 13.95815], [108.75474, 13.96191], [108.7558, 13.96275], [108.75537, 13.96471], [108.75608, 13.96472], [108.75587, 13.96576], [108.75667, 13.96609], [108.75695, 13.96933], [108.75241, 13.9778], [108.75203, 13.98168], [108.75996, 13.98731], [108.76027, 13.98894], [108.76394, 13.99313], [108.76305, 13.99553], [108.76089, 13.99712], [108.75768, 14.00211], [108.7566, 14.0057], [108.75676, 14.00808], [108.75484, 14.00859], [108.75522, 14.01109], [108.75382, 14.01303], [108.75475, 14.01446], [108.75294, 14.01632], [108.75224, 14.01876], [108.75689, 14.02163], [108.75741, 14.02548], [108.75812, 14.02618], [108.75725, 14.02863], [108.75785, 14.0362], [108.75357, 14.0425], [108.75502, 14.04556], [108.73358, 14.05292], [108.72198, 14.06595], [108.71446, 14.0942], [108.71069, 14.09758], [108.70691, 14.10334], [108.70555, 14.103], [108.70093, 14.10613], [108.69906, 14.11056], [108.69896, 14.11384], [108.69288, 14.11485], [108.69218, 14.11702], [108.69342, 14.12082], [108.68717, 14.12818]]]}}, {"type": "Feature", "properties": {"other_info": "<div id=\"ethnicity\"><span class=\"cms\">D\u00e2n t\u1ed9c: </span><p>T\u1ef7 l\u1ec7 \u0111\u1ed3ng b\u00e0o DTTS 39,00%</p></div><div id=\"other-info-content\"><span class=\"cms\">Th\u00f4ng tin kh\u00e1c: </span><p>V\u1edbi v\u1ecb tr\u00ed \u0111\u1ecba l\u00fd thu\u1eadn l\u1ee3i v\u00e0 \u0111i\u1ec1u ki\u1ec7n t\u1ef1 nhi\u00ean \u01b0u \u0111\u00e3i, x\u00e3 \u0110ak \u0110oa s\u1edf h\u1eefu ti\u1ec1m n\u0103ng v\u00e0 th\u1ebf m\u1ea1nh v\u01b0\u1ee3t tr\u1ed9i \u0111\u1ec3 ph\u00e1t tri\u1ec3n kinh t\u1ebf, v\u0103n ho\u00e1, x\u00e3 h\u1ed9i.<br> \u0110\u1ea7u ti\u00ean, kh\u00ed h\u1eadu v\u00e0 th\u1ed5 nh\u01b0\u1ee1ng v\u00f9ng \u0111\u1ea5t n\u01a1i \u0111\u00e2y, n\u1eb1m tr\u00ean cao t\u00e2y nguy\u00ean, \u0110ak \u0110oa \u0111\u01b0\u1ee3c thi\u00ean nhi\u00ean ban t\u1eb7ng kh\u00ed h\u1eadu m\u00e1t m\u1ebb quanh n\u0103m, nhi\u1ec7t \u0111\u1ed9 l\u00fd t\u01b0\u1edfng t\u1eeb 21 -25 \u0111\u1ed9 C. K\u1ebft h\u1ee3p v\u1edbi ngu\u1ed3n \u0111\u1ea5t \u0111\u1ecf bazan m\u00e0u m\u1ee1, \u0111\u00e2y l\u00e0 \u0111i\u1ec1u ki\u1ec7n ho\u00e0n h\u1ea3o \u0111\u1ec3 ph\u00e1t tri\u1ec3n n\u1ec1n n\u00f4ng nghi\u1ec7p b\u1ec1n v\u1eefng. X\u00e3 \u0110ak \u0110oa \u0111\u00e3 kh\u1eb3ng \u0111\u1ecbnh \u0111\u01b0\u1ee3c v\u1ecb th\u1ebf c\u1ee7a c\u00e1c lo\u1ea1i c\u00e2y tr\u1ed3ng c\u00f4ng nghi\u1ec7p ch\u1ee7 l\u1ef1c nh\u01b0 C\u00e0 ph\u00ea, h\u1ed3 ti\u00eau, cao su. Hi\u1ec7n nay, vi\u1ec7c \u00e1p d\u1ee5ng c\u00e1c k\u1ef9 thu\u1eadt canh t\u00e1c hi\u1ec7n \u0111\u1ea1i, \u1ee9ng d\u1ee5ng c\u00f4ng ngh\u1ec7 v\u00e0o s\u1ea3n xu\u1ea5t, x\u00e2y d\u1ef1ng n\u1ec1n n\u00f4ng nghi\u1ec7p s\u1ea1ch, b\u1ec1n v\u1eefng, ch\u1ea5t l\u01b0\u1ee3ng cao \u0111\u00e3 n\u00e2ng cao gi\u00e1 tr\u1ecb s\u1ea3n ph\u1ea9m n\u00f4ng nghi\u1ec7p mang l\u1ea1i ngu\u1ed3n thu nh\u1eadp \u1ed5n \u0111\u1ecbnh, ph\u00e1t tri\u1ec3n kinh t\u1ebf cho ng\u01b0\u1eddi d\u00e2n v\u00e0 g\u00f3p ph\u1ea7n th\u00fac \u0111\u1ea9y ph\u00e1t tri\u1ec3n kinh t\u1ebf \u0111\u1ecba ph\u01b0\u01a1ng.<br> Th\u1ee9 hai, v\u1edbi b\u1ea3n s\u1eafc v\u0103n ho\u00e1 \u0111a d\u1ea1ng c\u1ee7a c\u1ed9ng \u0111\u1ed3ng c\u00e1c d\u00e2n t\u1ed9c thi\u1ec3u s\u1ed1, trong \u0111\u00f3 n\u1ed5i b\u1eadt l\u00e0 ng\u01b0\u1eddi Bana v\u00e0 Jarai th\u00f4ng qua c\u00e1c l\u1ec5 h\u1ed9i v\u0103n ho\u00e1, trang ph\u1ee5c v\u00e0 \u1ea9m th\u1ef1c \u0111\u1ed9c \u0111\u00e1o, \u0111\u00e2y \u0111\u01b0\u1ee3c xem l\u00e0 m\u1ed9t trong nh\u1eefng t\u00e0i nguy\u00ean qu\u00fd gi\u00e1 \u0111\u1ec3 ph\u00e1t tri\u1ec3n du l\u1ecbch v\u0103n ho\u00e1. B\u1ea3o t\u1ed3n c\u00e1c gi\u00e1 tr\u1ecb v\u0103n ho\u00e1 c\u1ee7a di s\u1ea3n v\u0103n ho\u00e1 phi v\u1eadt th\u1ec3 Kh\u00f4ng gian v\u0103n ho\u00e1 C\u1ed3ng chi\u00eang T\u00e2y Nguy\u00ean, c\u00e1c l\u00e0ng ngh\u1ec1 d\u1ec7t th\u1ed5 c\u1ea9m truy\u1ec1n th\u1ed1ng, ch\u1ebf t\u00e1c, s\u00e1ng t\u1ea1o c\u00e1c nh\u1ea1c c\u1ee5 truy\u1ec1n th\u1ed1ng nh\u01b0 \u0111\u00e0n T\u2019R\u01b0ng, \u0111\u00e0n K\u2019N\u00ed(Goong) kh\u00f4ng ch\u1ec9 l\u00e0 bi\u1ec3u t\u01b0\u1ee3ng v\u0103n ho\u00e1 gi\u1eef g\u00ecn c\u00e1c gi\u00e1 tr\u1ecb v\u0103n ho\u00e1 c\u1ee7a \u0111\u1ecba ph\u01b0\u01a1ng m\u00e0 \u0111\u1ed3ng th\u1eddi l\u00e0 \u0111i\u1ec3m nh\u1ea5n thu h\u00fat du kh\u00e1ch, gi\u00fap h\u1ecd t\u00ecm hi\u1ec3u v\u00e0 tr\u1ea3i nghi\u1ec7m \u00e2m nh\u1ea1c \u0111\u1eb7c s\u1eafc c\u1ee7a v\u00f9ng \u0111\u1ea5t T\u00e2y nguy\u00ean.<br> B\u1edfi th\u1ebf, t\u1eeb \u0111\u01b0\u1ee3c th\u1eeba h\u01b0\u1edfng t\u1eeb thi\u00ean nhi\u00ean \u01b0u \u0111\u00e3i v\u00e0 n\u1ec1n v\u0103n ho\u00e1 b\u1ea3n \u0111\u1ecba \u0111a d\u1ea1ng l\u00e0 m\u1ed9t trong nh\u1eefng ti\u1ec1m n\u0103ng m\u00e0 x\u00e3 \u0110ak \u0110oa h\u01b0\u1edbng t\u1edbi ph\u00e1t tri\u1ec3n du l\u1ecbch sinh th\u00e1i, x\u00e2y d\u1ef1ng c\u00e1c khu ngh\u1ec9 d\u01b0\u1ee1ng, vui ch\u01a1i gi\u1ea3i tr\u00ed v\u00e0 c\u00e1c m\u00f4 h\u00ecnh du l\u1ecbch tr\u1ea3i nghi\u1ec7m thu h\u00fat kh\u00e1ch tham quan kh\u00e1m ph\u00e1 v\u1ebb \u0111\u1eb9p t\u1ef1 nhi\u00ean v\u00f9ng \u0111\u1ea5t n\u00e0y.<br> Ngo\u00e0i \u0111i\u1ec1u ki\u1ec7n thi\u00ean nhi\u00ean thu\u1eadn l\u1ee3i, x\u00e3 \u0110ak \u0110oa c\u00f2n c\u00f3 nh\u1eefng \u0111i\u1ec3m s\u00e1ng v\u1ec1 kinh t\u1ebf x\u00e3 h\u1ed9i:<br> Ngu\u1ed3n lao \u0111\u1ed9ng d\u1ed3i d\u00e0o v\u1edbi t\u1ef7 l\u1ec7 ng\u01b0\u1eddi trong \u0111\u1ed9 tu\u1ed5i lao \u0111\u1ed9ng c\u00f3 vi\u1ec7c l\u00e0m \u0111\u1ea1t 17.009 /18.990 ng\u01b0\u1eddi cho th\u1ea5y s\u1ef1 \u1ed5n \u0111\u1ecbnh v\u00e0 kh\u1ea3 n\u0103ng cung \u1ee9ng lao \u0111\u1ed9ng cho c\u00e1c ho\u1ea1t \u0111\u1ed9ng s\u1ea3n xu\u1ea5t, kinh doanh.<br> C\u00e1c ch\u1ec9 ti\u00eau kinh t\u1ebf x\u00e3 h\u1ed9i ph\u00e1t tri\u1ec3n b\u1ec1n v\u1eefng th\u1ec3 hi\u1ec7n s\u1ef1 ph\u00e1t tri\u1ec3n m\u1ea1nh m\u1ebd v\u00e0 \u0111\u1ed3ng b\u1ed9 khi N\u00f4ng, l\u00e2m, thu\u1ef7 s\u1ea3n \u0111\u1ea1t gi\u00e1 tr\u1ecb s\u1ea3n ph\u1ea9m l\u00e0 6,79%, c\u00f4ng nghi\u1ec7p v\u00e0 x\u00e2y d\u1ef1ng t\u0103ng tr\u01b0\u1edfng m\u1ea1nh m\u1ebd v\u1edbi 11,65%.<br> C\u00e1c ch\u00ednh s\u00e1ch an sinh x\u00e3 h\u1ed9i th\u1ef1c hi\u1ec7n \u0111\u1ea3m b\u1ea3o, t\u1ef7 l\u1ec7 ng\u01b0\u1eddi d\u00e2n tham gia b\u1ea3o hi\u1ec3m y t\u1ebf \u0111\u1ea1t tr\u00ean 90% cho th\u1ea5y s\u1ef1 quan t\u00e2m c\u1ee7a ch\u00ednh quy\u1ec1n \u0111\u1ecba ph\u01b0\u01a1ng \u0111\u1ebfn \u0111\u1eddi s\u1ed1ng v\u00e0 s\u1ee9c kho\u1ebb Nh\u00e2n d\u00e2n.<br> B\u00ean c\u1ea1nh \u0111\u00f3, l\u1ee3i th\u1ebf giao th\u00f4ng, th\u00f4ng th\u01b0\u01a1ng gi\u1eefa c\u00e1c v\u00f9ng kinh t\u1ebf, c\u00e1c tr\u1ee5c giao th\u00f4ng ch\u00ednh l\u00e0 m\u1ed9t \u0111i\u1ec3m c\u1ed9ng cho x\u00e3 \u0110ak \u0110oa. N\u1eb1m tr\u00ean tr\u1ee5c ch\u00ednh c\u1ee7a Qu\u1ed1c l\u1ed9 19, tuy\u1ebfn \u0111\u01b0\u1eddng huy\u1ebft m\u1ea1ch k\u1ebft n\u1ed1i c\u1ea3ng bi\u1ec3n Quy Nh\u01a1n v\u1edbi c\u00e1c c\u1eeda kh\u1ea9u qu\u1ed1c t\u1ebf khu v\u1ef1c \u0110\u00f4ng D\u01b0\u01a1ng. V\u1edbi v\u1ecb tr\u00ed chi\u1ebfn l\u01b0\u1ee3c n\u00e0y kh\u00f4ng ch\u1ec9 t\u1ea1o \u0111i\u1ec1u ki\u1ec7n thu\u1eadn l\u1ee3i cho th\u00f4ng th\u01b0\u01a1ng h\u00e0ng ho\u00e1, m\u00e0 c\u00f2n m\u1edf c\u1eeda ra c\u00e1c c\u01a1 h\u1ed9i giao th\u01b0\u01a1ng, thu h\u00fat \u0111\u1ea7u t\u01b0. V\u1edbi nh\u1eefng ti\u1ec1m n\u0103ng s\u1eb5n c\u00f3, x\u00e3 \u0110ak \u0110oa \u0111ang \u0111\u1ea9y m\u1ea1nh vi\u1ec7c thu h\u00fat c\u00e1c d\u1ef1 \u00e1n m\u1edbi, h\u01b0\u1edbng t\u1edbi ph\u00e1t tri\u1ec3n m\u1ed9t c\u00e1ch to\u00e0n di\u1ec7n v\u00e0 b\u1ec1n v\u1eefng.<br> V\u00ec th\u1ebf, s\u1ef1 k\u1ebft h\u1ee3p gi\u1eefa ph\u00e1t tri\u1ec3n kinh t\u1ebf n\u00f4ng nghi\u1ec7p b\u1ec1n v\u1eefng, du l\u1ecbch sinh th\u00e1i, b\u1ea3o t\u1ed3n c\u00e1c gi\u00e1 tr\u1ecb v\u0103n ho\u00e1 truy\u1ec1n th\u1ed1ng v\u00e0 ph\u00e1t tri\u1ec3n nh\u1eefng \u0111i\u1ec1u ki\u1ec7n kinh t\u1ebf x\u00e3 h\u1ed9i, n\u00e2ng cao ch\u1ea5t l\u01b0\u1ee3ng \u0111\u1eddi s\u1ed1ng s\u1ebd l\u00e0 y\u1ebfu t\u1ed1 then ch\u1ed1t gi\u00fap \u0110ak \u0110oa v\u01b0\u01a1n l\u00ean m\u1ea1nh m\u1ebd.</p></div>", "dan_so": "37049", "lanh_dao": "<p>+&nbsp;H\u00e0 Th\u1ecb&nbsp;Giang Th\u1ea3o<br> B\u00ed th\u01b0 \u0110\u1ea3ng u\u1ef7 Ch\u1ee7 t\u1ecbch H\u0110ND </p><p>+ Hu\u1ef3nh Si\u1ec3m<br> Ch\u1ee7 t\u1ecbch UBND 02693502456</p>", "sap_nhap": "\u0110ak \u0110oa (th\u1ecb tr\u1ea5n), T\u00e2n B\u00ecnh, Glar", "dtich_km2": "83.37", "ma_xa": 57, "tru_so": "<p>+&nbsp;\u0110\u1ea3ng \u1ee7y-H\u0110ND-UBND-MTTQ<br> S\u1ed1 68 \u0111\u01b0\u1eddng Tr\u1ea7n H\u01b0ng \u0110\u1ea1o, x\u00e3 \u0110ak \u0110oa, t\u1ec9nh Gia Lai</p><p>+ Trung t\u00e2m PVHCC<br> S\u1ed1 168 \u0111\u01b0\u1eddng Nguy\u1ec5n Hu\u1ec7, x\u00e3 \u0110ak \u0110oa</p>", "url": "https://baogialai.com.vn/dia-phuong/xa-dak-doa/57.html", "ten_xa": "X\u00e3 \u0110ak \u0110oa", "order": 100}, "geometry": {"type": "Polygon", "coordinates": [[[108.15257, 14.02305], [108.15108, 14.02289], [108.15114, 14.02199], [108.14764, 14.02203], [108.14767, 14.02092], [108.1453, 14.02179], [108.14538, 14.02111], [108.1438, 14.0206], [108.13492, 14.02229], [108.13364, 14.01895], [108.13131, 14.01973], [108.13082, 14.01893], [108.13383, 14.01757], [108.13243, 14.01434], [108.12978, 14.0115], [108.1349, 14.00813], [108.12836, 14.00095], [108.13025, 13.99932], [108.13, 13.99777], [108.12607, 13.99552], [108.12613, 13.99653], [108.12545, 13.99598], [108.12025, 13.99928], [108.1174, 13.99951], [108.10513, 13.995], [108.09649, 13.99295], [108.09695, 13.98514], [108.09785, 13.98448], [108.10046, 13.9764], [108.10011, 13.97111], [108.1008, 13.96972], [108.09964, 13.96524], [108.10149, 13.96253], [108.10171, 13.95824], [108.10394, 13.95424], [108.10164, 13.94589], [108.10196, 13.94374], [108.10269, 13.94241], [108.10413, 13.9432], [108.10438, 13.94181], [108.10637, 13.94137], [108.10672, 13.93895], [108.1102, 13.9383], [108.11134, 13.93357], [108.11094, 13.93002], [108.11443, 13.93084], [108.11667, 13.9304], [108.12034, 13.92718], [108.12131, 13.92403], [108.12424, 13.92151], [108.12386, 13.91863], [108.12466, 13.91643], [108.11535, 13.90918], [108.12063, 13.90856], [108.1206, 13.90767], [108.12597, 13.90483], [108.13002, 13.91314], [108.14756, 13.90326], [108.15259, 13.90257], [108.15306, 13.90748], [108.15946, 13.91286], [108.16112, 13.91615], [108.16147, 13.9191], [108.16464, 13.92516], [108.16549, 13.92997], [108.16555, 13.93854], [108.17109, 13.94194], [108.17289, 13.94504], [108.17487, 13.945], [108.17462, 13.94682], [108.17306, 13.94773], [108.1754, 13.95246], [108.17788, 13.9526], [108.15951, 13.98888], [108.16121, 13.98964], [108.15821, 13.99347], [108.1558, 14.01868], [108.15995, 14.02093], [108.16035, 14.0222], [108.15834, 14.02228], [108.15803, 14.02099], [108.15326, 14.02016], [108.15257, 14.02305]]]}}, {"type": "Feature", "properties": {"other_info": "<div id=\"ethnicity\"><span class=\"cms\">D\u00e2n t\u1ed9c: </span><p>T\u1ef7 l\u1ec7 \u0111\u1ed3ng b\u00e0o DTTS<br> 44,00%</p></div><div id=\"other-info-content\"><span class=\"cms\">Th\u00f4ng tin kh\u00e1c: </span><p>1. V\u1ecb tr\u00ed \u0111\u1ecba l\u00fd thu\u1eadn l\u1ee3i  N\u1eb1m d\u1ecdc theo Qu\u1ed1c l\u1ed9 19 v\u00e0 \u0111\u01b0\u1eddng \u0110\u00f4ng Tr\u01b0\u1eddng S\u01a1n, gi\u00fap k\u1ebft n\u1ed1i giao th\u01b0\u01a1ng d\u1ec5 d\u00e0ng v\u1edbi c\u00e1c v\u00f9ng l\u00e2n c\u1eadn. L\u00e0 trung t\u00e2m h\u00e0nh ch\u00ednh m\u1edbi \u0111\u01b0\u1ee3c s\u1eafp x\u1ebfp t\u1eeb 4 x\u00e3/th\u1ecb tr\u1ea5n c\u0169, c\u00f3 quy m\u00f4 di\u1ec7n t\u00edch 223,33 km\u00b2 v\u00e0 d\u00e2n s\u1ed1 18.367 ng\u01b0\u1eddi. 2. Ti\u1ec1m n\u0103ng n\u00f4ng \u2013 l\u00e2m \u2013 th\u1ee7y s\u1ea3n \u0110\u1ea5t n\u00f4ng nghi\u1ec7p l\u1edbn (20.523 ha), thu\u1eadn l\u1ee3i cho tr\u1ed3ng m\u00eda, m\u00ec, rau, ng\u00f4 v\u00e0 c\u00e2y \u0103n qu\u1ea3. \u2022 Th\u1ebf m\u1ea1nh ch\u0103n nu\u00f4i b\u00f2, c\u00f3 th\u1ec3 ph\u00e1t tri\u1ec3n theo h\u01b0\u1edbng c\u00f4ng ngh\u1ec7 cao v\u00e0 an to\u00e0n sinh h\u1ecdc. \u0110\u1ea5t l\u00e2m nghi\u1ec7p (5.260 ha), trong \u0111\u00f3 r\u1eebng tr\u1ed3ng chi\u1ebfm h\u01a1n 2.000 ha \u2013 ti\u1ec1m n\u0103ng cho ph\u00e1t tri\u1ec3n kinh t\u1ebf l\u00e2m nghi\u1ec7p b\u1ec1n v\u1eefng. C\u00f3 th\u1ec3 ph\u00e1t tri\u1ec3n n\u00f4ng nghi\u1ec7p c\u00f4ng ngh\u1ec7 cao, nu\u00f4i tr\u1ed3ng th\u1ee7y s\u1ea3n, k\u1ebft h\u1ee3p m\u00f4 h\u00ecnh kinh t\u1ebf n\u00f4ng \u2013 l\u00e2m k\u1ebft h\u1ee3p. 3. Lao \u0111\u1ed9ng d\u1ed3i d\u00e0o D\u00e2n s\u1ed1 \u0111\u00f4ng, ph\u1ea7n l\u1edbn l\u00e0 lao \u0111\u1ed9ng tr\u1ebb \u2013 l\u00e0 l\u1ee3i th\u1ebf \u0111\u1ec3 ph\u00e1t tri\u1ec3n c\u00e1c ng\u00e0nh s\u1ea3n xu\u1ea5t, d\u1ecbch v\u1ee5, n\u00f4ng nghi\u1ec7p c\u00f4ng ngh\u1ec7 cao. 4. Ph\u00e1t tri\u1ec3n c\u1ee5m c\u00f4ng nghi\u1ec7p \u0110ang tri\u1ec3n khai C\u1ee5m C\u00f4ng nghi\u1ec7p s\u1ed1 1 \u0110ak P\u01a1, c\u00f3 vai tr\u00f2 thu h\u00fat \u0111\u1ea7u t\u01b0, t\u1ea1o vi\u1ec7c l\u00e0m v\u00e0 n\u00e2ng cao gi\u00e1 tr\u1ecb gia t\u0103ng cho s\u1ea3n ph\u1ea9m n\u00f4ng \u2013 l\u00e2m s\u1ea3n. \u0110\u00e2y s\u1ebd l\u00e0 \u0111\u1ed9ng l\u1ef1c ph\u00e1t tri\u1ec3n kinh t\u1ebf theo h\u01b0\u1edbng c\u00f4ng nghi\u1ec7p h\u00f3a. 5. Th\u01b0\u01a1ng m\u1ea1i \u2013 d\u1ecbch v\u1ee5 C\u00f3 252 h\u1ed9 kinh doanh, 27 doanh nghi\u1ec7p, 07 HTX \u0111ang ho\u1ea1t \u0111\u1ed9ng. Ho\u1ea1t \u0111\u1ed9ng th\u01b0\u01a1ng m\u1ea1i \u2013 d\u1ecbch v\u1ee5 \u0111ang ph\u00e1t tri\u1ec3n theo h\u01b0\u1edbng \u0111a d\u1ea1ng h\u00f3a, ph\u1ee5c v\u1ee5 t\u1ed1t nhu c\u1ea7u d\u00e2n sinh v\u00e0 s\u1ea3n xu\u1ea5t. 6. H\u1ea1 t\u1ea7ng x\u00e3 h\u1ed9i v\u00e0 h\u00e0nh ch\u00ednh Sau s\u00e1p nh\u1eadp, nhu c\u1ea7u \u0111\u1ea7u t\u01b0 h\u1ea1 t\u1ea7ng l\u1edbn, \u0111ang l\u00e0 \u01b0u ti\u00ean: \u0111\u01b0\u1eddng giao th\u00f4ng, th\u1ee7y l\u1ee3i, c\u01a1 s\u1edf v\u0103n h\u00f3a\u2026 Ti\u1ebfn h\u00e0nh chuy\u1ec3n \u0111\u1ed5i s\u1ed1, x\u00e2y d\u1ef1ng ch\u00ednh quy\u1ec1n s\u1ed1 \u2013 x\u00e3 h\u1ed9i s\u1ed1 \u2013 kinh t\u1ebf s\u1ed1, c\u1ea3i c\u00e1ch h\u00e0nh ch\u00ednh, ph\u1ee5c v\u1ee5 ng\u01b0\u1eddi d\u00e2n v\u00e0 doanh nghi\u1ec7p hi\u1ec7u qu\u1ea3. 7. Qu\u1ed1c ph\u00f2ng \u2013 an ninh \u1ed5n \u0111\u1ecbnh An ninh ch\u00ednh tr\u1ecb, tr\u1eadt t\u1ef1 an to\u00e0n x\u00e3 h\u1ed9i \u0111\u01b0\u1ee3c gi\u1eef v\u1eefng, t\u1ea1o m\u00f4i tr\u01b0\u1eddng thu\u1eadn l\u1ee3i cho \u0111\u1ea7u t\u01b0 ph\u00e1t tri\u1ec3n kinh t\u1ebf \u2013 x\u00e3 h\u1ed9i.</p></div>", "dan_so": "18580", "lanh_dao": "<p>+&nbsp;L\u00ea Th\u1ecb Thanh Mai<br> B\u00ed th\u01b0 \u0110\u1ea3ng u\u1ef7 Ch\u1ee7 t\u1ecbch H\u0110ND </p><p>0976633309</p><p>+ B\u00f9i Th\u1ecb Th\u01b0\u01a1ng<br> Ch\u1ee7 t\u1ecbch UBND </p><p>0988130575</p>", "sap_nhap": "\u0110ak P\u01a1 (th\u1ecb tr\u1ea5n), H\u00e0 Tam, An Th\u00e0nh, Yang B\u1eafc", "dtich_km2": "223.33", "ma_xa": 58, "tru_so": "<p>+&nbsp;\u0110\u1ea3ng \u1ee7y-MTTQ<br> S\u1ed1 90-92 \u0111\u01b0\u1eddng Nguy\u1ec5n T\u1ea5t Th\u00e0nh, x\u00e3 \u0110ak P\u01a1, t\u1ec9nh Gia Lai</p><p>+ H\u0110ND-UBND-Trung t\u00e2m Ph\u1ee5c v\u1ee5 h\u00e0nh ch\u00ednh c\u00f4ng<br> S\u1ed1 88 \u0111\u01b0\u1eddng Nguy\u1ec5n T\u1ea5t Th\u00e0nh, x\u00e3 \u0110ak P\u01a1</p>", "url": "https://baogialai.com.vn/dia-phuong/xa-dak-po/58.html", "ten_xa": "X\u00e3 \u0110ak P\u01a1", "order": 100}, "geometry": {"type": "Polygon", "coordinates": [[[108.44454, 14.06783], [108.43927, 14.06401], [108.43876, 14.06235], [108.43569, 14.05959], [108.43419, 14.05642], [108.43049, 14.0383], [108.43392, 14.02839], [108.4231, 14.02849], [108.41996, 14.02256], [108.42139, 14.01552], [108.4201, 14.01265], [108.42297, 14.00728], [108.42246, 14.00473], [108.42007, 14.00427], [108.4177, 14.00153], [108.41601, 13.99644], [108.41554, 13.98553], [108.41459, 13.98228], [108.41644, 13.96925], [108.42007, 13.97016], [108.4234, 13.96706], [108.42617, 13.96751], [108.42854, 13.96944], [108.43004, 13.96201], [108.42955, 13.9609], [108.43037, 13.95943], [108.43468, 13.95857], [108.43712, 13.95719], [108.44024, 13.9585], [108.44157, 13.96158], [108.44475, 13.9613], [108.44712, 13.95933], [108.45265, 13.96028], [108.4527, 13.95916], [108.4542, 13.95852], [108.45434, 13.95624], [108.45612, 13.9531], [108.45725, 13.94726], [108.45893, 13.94743], [108.4603, 13.94643], [108.46247, 13.9472], [108.46375, 13.94622], [108.46549, 13.94276], [108.46892, 13.93867], [108.47177, 13.93682], [108.4717, 13.93375], [108.47279, 13.92981], [108.47792, 13.92727], [108.47936, 13.92456], [108.48256, 13.92343], [108.48952, 13.92262], [108.49418, 13.91957], [108.49531, 13.91708], [108.49825, 13.91565], [108.49853, 13.91415], [108.49964, 13.91395], [108.49904, 13.91244], [108.49996, 13.91123], [108.49908, 13.91123], [108.49973, 13.91042], [108.49861, 13.90892], [108.49945, 13.90751], [108.49968, 13.90424], [108.50322, 13.89654], [108.50528, 13.89494], [108.50525, 13.89314], [108.50664, 13.89191], [108.5059, 13.88937], [108.50457, 13.88826], [108.50779, 13.88704], [108.50975, 13.88527], [108.51483, 13.88718], [108.52056, 13.892], [108.5219, 13.89587], [108.51699, 13.90005], [108.51664, 13.90247], [108.51919, 13.906], [108.52308, 13.90636], [108.52836, 13.90516], [108.53053, 13.90371], [108.54075, 13.90493], [108.54497, 13.90451], [108.54704, 13.90343], [108.54906, 13.89605], [108.54589, 13.89127], [108.54464, 13.88739], [108.54646, 13.88462], [108.55097, 13.88094], [108.55333, 13.88102], [108.5544, 13.88185], [108.5541, 13.88676], [108.55604, 13.89018], [108.56028, 13.89194], [108.57011, 13.88421], [108.57638, 13.88584], [108.5788, 13.89079], [108.58498, 13.88833], [108.58719, 13.88852], [108.58982, 13.89011], [108.59283, 13.88967], [108.59388, 13.88709], [108.5945, 13.88803], [108.59662, 13.88818], [108.59963, 13.88578], [108.60171, 13.88531], [108.60404, 13.87921], [108.60733, 13.87971], [108.60857, 13.88183], [108.6098, 13.88063], [108.61203, 13.88127], [108.61198, 13.88022], [108.61313, 13.88114], [108.61491, 13.87986], [108.61869, 13.88023], [108.61983, 13.88224], [108.61974, 13.88451], [108.61548, 13.88474], [108.61368, 13.88601], [108.61469, 13.88886], [108.61569, 13.88954], [108.61655, 13.89339], [108.6164, 13.89509], [108.61426, 13.898], [108.61447, 13.90184], [108.61244, 13.90204], [108.61135, 13.90576], [108.60859, 13.90786], [108.60817, 13.91036], [108.60459, 13.91233], [108.60224, 13.91868], [108.58923, 13.91528], [108.58789, 13.91922], [108.58952, 13.92226], [108.58844, 13.92356], [108.58365, 13.92368], [108.58465, 13.92479], [108.58421, 13.92745], [108.58673, 13.92852], [108.58785, 13.9301], [108.58501, 13.93436], [108.58719, 13.94158], [108.58568, 13.94375], [108.58404, 13.94412], [108.58373, 13.94532], [108.58224, 13.94512], [108.58199, 13.94617], [108.57947, 13.94778], [108.57478, 13.94747], [108.5762, 13.94951], [108.57322, 13.95076], [108.57121, 13.95071], [108.57231, 13.95303], [108.57091, 13.95441], [108.57081, 13.95827], [108.56625, 13.95947], [108.56585, 13.96125], [108.56441, 13.96219], [108.56207, 13.96636], [108.56344, 13.96785], [108.56819, 13.96867], [108.5694, 13.97048], [108.57076, 13.96911], [108.57282, 13.97038], [108.5744, 13.97228], [108.57518, 13.9772], [108.57743, 13.97841], [108.57796, 13.981], [108.57596, 13.98324], [108.577, 13.98586], [108.57611, 13.98785], [108.57678, 13.99128], [108.57545, 13.99334], [108.57663, 13.99536], [108.57567, 13.99837], [108.57017, 13.99951], [108.56889, 14.00413], [108.56778, 14.00463], [108.5645, 14.00448], [108.56402, 14.00572], [108.56342, 14.00462], [108.56196, 14.00553], [108.5586, 14.00513], [108.55635, 14.00636], [108.55427, 14.00581], [108.55154, 14.0097], [108.54658, 14.01247], [108.54498, 14.01192], [108.54453, 14.01094], [108.54293, 14.0108], [108.53986, 14.01303], [108.53527, 14.01359], [108.53382, 14.01319], [108.53347, 14.01152], [108.53103, 14.0108], [108.53034, 14.01188], [108.52852, 14.01219], [108.52796, 14.01123], [108.52327, 14.01116], [108.52219, 14.01206], [108.52181, 14.01058], [108.52096, 14.0107], [108.51832, 14.01797], [108.51528, 14.02143], [108.51324, 14.0224], [108.51147, 14.02529], [108.50199, 14.02928], [108.50127, 14.03118], [108.49911, 14.03146], [108.49708, 14.03387], [108.49594, 14.03354], [108.49522, 14.03462], [108.49327, 14.0341], [108.49003, 14.0365], [108.4869, 14.04303], [108.48189, 14.04156], [108.47959, 14.04208], [108.47763, 14.04633], [108.47385, 14.04955], [108.47218, 14.0524], [108.47205, 14.05488], [108.46998, 14.05695], [108.46686, 14.05844], [108.46485, 14.05818], [108.46289, 14.05566], [108.45625, 14.05693], [108.45358, 14.06018], [108.45278, 14.06358], [108.4474, 14.06428], [108.44566, 14.06357], [108.44454, 14.06783]]]}}, {"type": "Feature", "properties": {"other_info": "<div id=\"ethnicity\"><span class=\"cms\">D\u00e2n t\u1ed9c: </span><p>T\u1ef7 l\u1ec7 \u0111\u1ed3ng b\u00e0o DTTS<br> 90,00%</p></div>", "dan_so": "6277", "lanh_dao": "<p>+&nbsp;Hu\u1ef3nh V\u0103n Nam<br> B\u00ed th\u01b0 \u0110\u1ea3ng u\u1ef7 Ch\u1ee7 t\u1ecbch H\u0110ND </p><p>0974322427</p><p>+ M\u00e3 V\u0103n T\u00ecnh<br> Ch\u1ee7 t\u1ecbch UBND </p><p>0986783147</p>", "sap_nhap": "Kon Pne, \u0110ak Rong", "dtich_km2": "516.25", "ma_xa": 59, "tru_so": "<p>+&nbsp;\u0110\u1ea3ng \u1ee7y-H\u0110ND-UBND-MTTQ-Trung t\u00e2m Ph\u1ee5c v\u1ee5 h\u00e0nh ch\u00ednh c\u00f4ng<br> L\u00e0ng Kon Lanh, x\u00e3 \u0110ak Rong, t\u1ec9nh Gia Lai</p>", "url": "https://baogialai.com.vn/dia-phuong/xa-dak-rong/59.html", "ten_xa": "X\u00e3 \u0110ak Rong", "order": 100}, "geometry": {"type": "Polygon", "coordinates": [[[108.39753, 14.60326], [108.39442, 14.60309], [108.39528, 14.60086], [108.39382, 14.60019], [108.39184, 14.60027], [108.39019, 14.60179], [108.38888, 14.6019], [108.38742, 14.59839], [108.38435, 14.59704], [108.38239, 14.59874], [108.37547, 14.60057], [108.37509, 14.59855], [108.37129, 14.59609], [108.37167, 14.59423], [108.3699, 14.59368], [108.36762, 14.58816], [108.36696, 14.58427], [108.36279, 14.58174], [108.35836, 14.58107], [108.35835, 14.5797], [108.35685, 14.57873], [108.35763, 14.57574], [108.35702, 14.57048], [108.35953, 14.56603], [108.3592, 14.5636], [108.36779, 14.55824], [108.37039, 14.55319], [108.37475, 14.54726], [108.37451, 14.54087], [108.37126, 14.53851], [108.37109, 14.53673], [108.37178, 14.53584], [108.36954, 14.53418], [108.36971, 14.53299], [108.3711, 14.5313], [108.37366, 14.53033], [108.37612, 14.53094], [108.37798, 14.52868], [108.38256, 14.52713], [108.38365, 14.52587], [108.38353, 14.52099], [108.38254, 14.5156], [108.38124, 14.51397], [108.38139, 14.51158], [108.38014, 14.51073], [108.37643, 14.51085], [108.37261, 14.50751], [108.36954, 14.50335], [108.36582, 14.50077], [108.36547, 14.49792], [108.36327, 14.49632], [108.36339, 14.49425], [108.3592, 14.49486], [108.35754, 14.49394], [108.35606, 14.49151], [108.35538, 14.49317], [108.35319, 14.49449], [108.34877, 14.49286], [108.34573, 14.48817], [108.34642, 14.48616], [108.34337, 14.48113], [108.34117, 14.47858], [108.33851, 14.47715], [108.33562, 14.47115], [108.33334, 14.47013], [108.3317, 14.46749], [108.3316, 14.46138], [108.32867, 14.45849], [108.32652, 14.45852], [108.32425, 14.45465], [108.32333, 14.44644], [108.32213, 14.44474], [108.32312, 14.44233], [108.32062, 14.43945], [108.31834, 14.43828], [108.31649, 14.43483], [108.31225, 14.4326], [108.30757, 14.42325], [108.30279, 14.42011], [108.30196, 14.41989], [108.30043, 14.42119], [108.29851, 14.41985], [108.29411, 14.40997], [108.29157, 14.40719], [108.29194, 14.4046], [108.29635, 14.39925], [108.29718, 14.39456], [108.29664, 14.39198], [108.29862, 14.38691], [108.29717, 14.38552], [108.29759, 14.38443], [108.30225, 14.38072], [108.30474, 14.37981], [108.30874, 14.37231], [108.31008, 14.37111], [108.30712, 14.36744], [108.30859, 14.36329], [108.30826, 14.36166], [108.30948, 14.36104], [108.30798, 14.35998], [108.30943, 14.35714], [108.30942, 14.35393], [108.31251, 14.35108], [108.31166, 14.3496], [108.31229, 14.34654], [108.31125, 14.33774], [108.30833, 14.33426], [108.31158, 14.32992], [108.31219, 14.32631], [108.31438, 14.32477], [108.3147, 14.31623], [108.31095, 14.30473], [108.3124, 14.29704], [108.31511, 14.29447], [108.31524, 14.29111], [108.31454, 14.28957], [108.32073, 14.28733], [108.32036, 14.28549], [108.32203, 14.2798], [108.32152, 14.2787], [108.3229, 14.27719], [108.32156, 14.27473], [108.32266, 14.2704], [108.32199, 14.26676], [108.31932, 14.2635], [108.32021, 14.26047], [108.31979, 14.25505], [108.31797, 14.25268], [108.31989, 14.25104], [108.31987, 14.25012], [108.31786, 14.24936], [108.3176, 14.24517], [108.31918, 14.24247], [108.31925, 14.24087], [108.32088, 14.24031], [108.3215, 14.23763], [108.32384, 14.23423], [108.32688, 14.23547], [108.3261, 14.23796], [108.32699, 14.23931], [108.33238, 14.24181], [108.33563, 14.24185], [108.33633, 14.24435], [108.33906, 14.24291], [108.34233, 14.24416], [108.34256, 14.24469], [108.33889, 14.24863], [108.34208, 14.25157], [108.34229, 14.25445], [108.3416, 14.25619], [108.34346, 14.25864], [108.35022, 14.25864], [108.35237, 14.25727], [108.35373, 14.25762], [108.35508, 14.25688], [108.3569, 14.26147], [108.35879, 14.26283], [108.35917, 14.26415], [108.36324, 14.26413], [108.36603, 14.26542], [108.36605, 14.26699], [108.37044, 14.27186], [108.36706, 14.27379], [108.36756, 14.27741], [108.36648, 14.27837], [108.36961, 14.28106], [108.36945, 14.28386], [108.37139, 14.28539], [108.37063, 14.28731], [108.37418, 14.29086], [108.37339, 14.29481], [108.37494, 14.2961], [108.37473, 14.29737], [108.38067, 14.30321], [108.38151, 14.30498], [108.38152, 14.30868], [108.38258, 14.31002], [108.38238, 14.31321], [108.38337, 14.31579], [108.38198, 14.32695], [108.38429, 14.32836], [108.38596, 14.32843], [108.38604, 14.32937], [108.38447, 14.33049], [108.38645, 14.33209], [108.38446, 14.33986], [108.38523, 14.34491], [108.38645, 14.34847], [108.38973, 14.34923], [108.39193, 14.3514], [108.39291, 14.35032], [108.39365, 14.35071], [108.39334, 14.3534], [108.3948, 14.35424], [108.39478, 14.3572], [108.3971, 14.36136], [108.39715, 14.36504], [108.39905, 14.36624], [108.39933, 14.36829], [108.39599, 14.37031], [108.40068, 14.37105], [108.40264, 14.36886], [108.4076, 14.36887], [108.40971, 14.36774], [108.41238, 14.36861], [108.41706, 14.36819], [108.41998, 14.36682], [108.42456, 14.36775], [108.4277, 14.3704], [108.42917, 14.36935], [108.43206, 14.36956], [108.43218, 14.36826], [108.43553, 14.36928], [108.43926, 14.36826], [108.43991, 14.36924], [108.44248, 14.36872], [108.44291, 14.36959], [108.44977, 14.36878], [108.45069, 14.3712], [108.45038, 14.3732], [108.45624, 14.37299], [108.45613, 14.37422], [108.45695, 14.37502], [108.46008, 14.37437], [108.46121, 14.37592], [108.46315, 14.37683], [108.4694, 14.37324], [108.47151, 14.37331], [108.47469, 14.37408], [108.47636, 14.37655], [108.47956, 14.37788], [108.48063, 14.37938], [108.48106, 14.3759], [108.48383, 14.37588], [108.48638, 14.37638], [108.48643, 14.37734], [108.49093, 14.37868], [108.49477, 14.38137], [108.49891, 14.38232], [108.5013, 14.3862], [108.50144, 14.38779], [108.49929, 14.40321], [108.50509, 14.4067], [108.50989, 14.41157], [108.51377, 14.41212], [108.51857, 14.41583], [108.51756, 14.42119], [108.51865, 14.42252], [108.5197, 14.42241], [108.51975, 14.42346], [108.52189, 14.42526], [108.52021, 14.42839], [108.52021, 14.43052], [108.52111, 14.43187], [108.52029, 14.4372], [108.52293, 14.44049], [108.51994, 14.44313], [108.5221, 14.44495], [108.52554, 14.44578], [108.52659, 14.44845], [108.52364, 14.44981], [108.52388, 14.45215], [108.52299, 14.45449], [108.52378, 14.45722], [108.52145, 14.46122], [108.52264, 14.46274], [108.52479, 14.46258], [108.52561, 14.46517], [108.52563, 14.4695], [108.52879, 14.47281], [108.52787, 14.47431], [108.52624, 14.47496], [108.52139, 14.48134], [108.51924, 14.48172], [108.51771, 14.48348], [108.51353, 14.49192], [108.51026, 14.49366], [108.50748, 14.49388], [108.50624, 14.49587], [108.50552, 14.50152], [108.50723, 14.50486], [108.50955, 14.50657], [108.51025, 14.50803], [108.51411, 14.5096], [108.51657, 14.51163], [108.51835, 14.51174], [108.52305, 14.50999], [108.5268, 14.51053], [108.53057, 14.51571], [108.53318, 14.51668], [108.53692, 14.5155], [108.53789, 14.51657], [108.53777, 14.52102], [108.53608, 14.52166], [108.53308, 14.52671], [108.53529, 14.53002], [108.53374, 14.53145], [108.53392, 14.53323], [108.53265, 14.53492], [108.53292, 14.53662], [108.53066, 14.54066], [108.53136, 14.54412], [108.52776, 14.54823], [108.52862, 14.55073], [108.53064, 14.55257], [108.52994, 14.55443], [108.5317, 14.55683], [108.53067, 14.56016], [108.52876, 14.55866], [108.52889, 14.55636], [108.52663, 14.55564], [108.52419, 14.55611], [108.52276, 14.55284], [108.52014, 14.55115], [108.51795, 14.55032], [108.51668, 14.55135], [108.51213, 14.55109], [108.51184, 14.55015], [108.51261, 14.54915], [108.5116, 14.54606], [108.50964, 14.54639], [108.50772, 14.54479], [108.50415, 14.54683], [108.50386, 14.54588], [108.49591, 14.54269], [108.49341, 14.54489], [108.48671, 14.54629], [108.48441, 14.54759], [108.48216, 14.55067], [108.48009, 14.54967], [108.47382, 14.55016], [108.47272, 14.54945], [108.47058, 14.54961], [108.46957, 14.55093], [108.46531, 14.55108], [108.46356, 14.55298], [108.46122, 14.55381], [108.45864, 14.55169], [108.45442, 14.55517], [108.45035, 14.55661], [108.44547, 14.55632], [108.44509, 14.55685], [108.4413, 14.55496], [108.4377, 14.55682], [108.43634, 14.55868], [108.42596, 14.56025], [108.42442, 14.56294], [108.42429, 14.56492], [108.42334, 14.56562], [108.42361, 14.56744], [108.42125, 14.56766], [108.42024, 14.56858], [108.41904, 14.56827], [108.41693, 14.57125], [108.41509, 14.57118], [108.41449, 14.57466], [108.4127, 14.57584], [108.41393, 14.57667], [108.41372, 14.57809], [108.41237, 14.57928], [108.4123, 14.58245], [108.41312, 14.58445], [108.41058, 14.58735], [108.40957, 14.59221], [108.40741, 14.59153], [108.40596, 14.5921], [108.40481, 14.59495], [108.40334, 14.5953], [108.40305, 14.59828], [108.39962, 14.59948], [108.3992, 14.60147], [108.39753, 14.60326]]]}}, {"type": "Feature", "properties": {"other_info": "<div id=\"ethnicity\"><span class=\"cms\">D\u00e2n t\u1ed9c: </span><p>T\u1ef7 l\u1ec7 \u0111\u1ed3ng b\u00e0o DTTS<br> 87,00%</p></div><div id=\"other-info-content\"><span class=\"cms\">Th\u00f4ng tin kh\u00e1c: </span><p>X\u00e3 \u0110ak S\u01a1mei, Gia Lai \u0111\u01b0\u1ee3c h\u00ecnh th\u00e0nh tr\u00ean c\u01a1 s\u1edf s\u00e1p nh\u1eadp hai x\u00e3 \u0110ak S\u01a1mei v\u00e0 H\u00e0 \u0110\u00f4ng, s\u1edf h\u1eefu di\u1ec7n t\u00edch r\u1ed9ng l\u1edbn, kh\u00ed h\u1eadu m\u00e1t m\u1ebb, \u0111\u1ea5t \u0111ai m\u00e0u m\u1ee1. \u0110\u00e2y l\u00e0 \u0111i\u1ec1u ki\u1ec7n thu\u1eadn l\u1ee3i \u0111\u1ec3 ph\u00e1t tri\u1ec3n n\u00f4ng nghi\u1ec7p, \u0111\u1eb7c bi\u1ec7t l\u00e0 c\u00e1c c\u00e2y tr\u1ed3ng ch\u1ee7 l\u1ef1c nh\u01b0 c\u00e0 ph\u00ea, h\u1ed3 ti\u00eau, cao su, c\u00f9ng nhi\u1ec1u lo\u1ea1i c\u00e2y \u0103n qu\u1ea3 mang gi\u00e1 tr\u1ecb kinh t\u1ebf cao.<br> Kh\u00f4ng ch\u1ec9 gi\u00e0u ti\u1ec1m n\u0103ng s\u1ea3n xu\u1ea5t, \u0110ak S\u01a1mei c\u00f2n l\u00e0 v\u00f9ng \u0111\u1ea5t \u0111\u1eadm \u0111\u00e0 b\u1ea3n s\u1eafc v\u0103n h\u00f3a c\u1ee7a \u0111\u1ed3ng b\u00e0o Bahnar, Jrai, n\u1ed5i b\u1eadt v\u1edbi kh\u00f4ng gian v\u0103n h\u00f3a c\u1ed3ng chi\u00eang, l\u1ec5 h\u1ed9i truy\u1ec1n th\u1ed1ng v\u00e0 nh\u1eefng m\u00e1i nh\u00e0 r\u00f4ng uy nghi\u00eam. \u0110\u1eb7c bi\u1ec7t, n\u01a1i \u0111\u00e2y t\u1ef1 h\u00e0o l\u00e0 qu\u00ea h\u01b0\u01a1ng c\u1ee7a Anh h\u00f9ng W\u01b0u \u2013 ng\u01b0\u1eddi con b\u1ea5t khu\u1ea5t trong kh\u00e1ng chi\u1ebfn ch\u1ed1ng M\u1ef9, v\u1edbi \u201cNh\u00e0 l\u01b0u ni\u1ec7m Anh h\u00f9ng W\u01b0u\u201d \u0111\u01b0\u1ee3c x\u00e2y d\u1ef1ng \u0111\u1ec3 t\u01b0\u1edfng nh\u1edb v\u00e0 gi\u00e1o d\u1ee5c truy\u1ec1n th\u1ed1ng cho th\u1ebf h\u1ec7 tr\u1ebb.<br> V\u1edbi c\u1ea3nh quan thi\u00ean nhi\u00ean t\u01b0\u01a1i \u0111\u1eb9p, con ng\u01b0\u1eddi hi\u1ec1n h\u00f2a, c\u00f9ng n\u1ec1n v\u0103n h\u00f3a gi\u00e0u b\u1ea3n s\u1eafc v\u00e0 l\u1ecbch s\u1eed h\u00e0o h\u00f9ng, \u0110ak S\u01a1mei h\u1ed9i t\u1ee5 \u0111\u1ea7y \u0111\u1ee7 ti\u1ec1m n\u0103ng \u0111\u1ec3 ph\u00e1t tri\u1ec3n kinh t\u1ebf n\u00f4ng nghi\u1ec7p b\u1ec1n v\u1eefng, k\u1ebft h\u1ee3p du l\u1ecbch sinh th\u00e1i \u2013 v\u0103n h\u00f3a, g\u00f3p ph\u1ea7n n\u00e2ng cao \u0111\u1eddi s\u1ed1ng Nh\u00e2n d\u00e2n v\u00e0 x\u00e2y d\u1ef1ng qu\u00ea h\u01b0\u01a1ng ng\u00e0y c\u00e0ng gi\u00e0u \u0111\u1eb9p.</p></div>", "dan_so": "14910", "lanh_dao": "<p>+ Tr\u1ea7n \u0110\u1ee9c Ph\u00fa<br> B\u00ed th\u01b0 \u0110\u1ea3ng u\u1ef7 Ch\u1ee7 t\u1ecbch H\u0110ND </p><p>0905085006</p><p>+ Chr\u00eang<br> Ch\u1ee7 t\u1ecbch UBMT </p><p>0378956005</p>", "sap_nhap": "H\u00e0 \u0110\u00f4ng, \u0110ak S\u01a1mei", "dtich_km2": "344.24", "ma_xa": 60, "tru_so": "<p>+ \u0110\u1ea3ng \u1ee7y-H\u0110ND-UBND-Trung t\u00e2m Ph\u1ee5c v\u1ee5 h\u00e0nh ch\u00ednh c\u00f4ng<br> L\u00e0ng \u0110\u00ea G\u00f4h, x\u00e3 \u0110ak S\u01a1mei, t\u1ec9nh Gia Lai</p>", "url": "https://baogialai.com.vn/dia-phuong/xa-dak-somei/60.html", "ten_xa": "X\u00e3 \u0110ak S\u01a1mei", "order": 100}, "geometry": {"type": "Polygon", "coordinates": [[[108.29664, 14.39198], [108.28981, 14.38934], [108.28425, 14.3888], [108.28081, 14.38938], [108.27827, 14.38758], [108.27455, 14.38638], [108.27019, 14.38849], [108.26449, 14.38748], [108.26019, 14.39053], [108.25182, 14.39088], [108.25096, 14.3925], [108.24819, 14.39365], [108.24767, 14.39587], [108.24543, 14.39638], [108.24409, 14.39792], [108.24379, 14.39604], [108.24204, 14.39543], [108.23957, 14.39288], [108.23249, 14.38982], [108.2298, 14.38234], [108.22856, 14.3816], [108.22806, 14.37753], [108.22603, 14.37554], [108.22619, 14.37345], [108.22839, 14.37179], [108.22765, 14.36868], [108.22555, 14.36803], [108.22387, 14.3653], [108.22382, 14.36379], [108.22185, 14.36368], [108.22034, 14.36225], [108.21674, 14.36141], [108.21571, 14.3596], [108.21671, 14.35707], [108.21626, 14.35543], [108.21408, 14.35456], [108.21295, 14.35288], [108.20653, 14.35312], [108.2051, 14.34916], [108.2028, 14.34649], [108.20092, 14.34675], [108.19958, 14.34501], [108.19837, 14.34185], [108.19539, 14.33796], [108.19439, 14.33483], [108.19536, 14.33174], [108.19372, 14.32564], [108.1951, 14.32453], [108.19494, 14.32288], [108.19672, 14.32128], [108.19968, 14.31966], [108.20389, 14.32403], [108.20494, 14.32665], [108.2116, 14.3218], [108.20617, 14.31377], [108.20629, 14.30237], [108.20767, 14.29912], [108.20631, 14.2971], [108.20646, 14.29138], [108.20526, 14.28793], [108.2055, 14.28642], [108.20253, 14.28507], [108.20189, 14.28327], [108.202, 14.28175], [108.2091, 14.27396], [108.21247, 14.27266], [108.21335, 14.26901], [108.21171, 14.26783], [108.21231, 14.26542], [108.21114, 14.26328], [108.21097, 14.26061], [108.20635, 14.25923], [108.20653, 14.25347], [108.2026, 14.24697], [108.20205, 14.24325], [108.19841, 14.23957], [108.1967, 14.23639], [108.19441, 14.22321], [108.19318, 14.22092], [108.1934, 14.21957], [108.19486, 14.21882], [108.19383, 14.21706], [108.18813, 14.2156], [108.18555, 14.21385], [108.18172, 14.2152], [108.17994, 14.21686], [108.17883, 14.21991], [108.17588, 14.22298], [108.17105, 14.22544], [108.16807, 14.22559], [108.16601, 14.22658], [108.1652, 14.22933], [108.16363, 14.23118], [108.16373, 14.23234], [108.16226, 14.23331], [108.15695, 14.23009], [108.15383, 14.22899], [108.15222, 14.22924], [108.14952, 14.22651], [108.14736, 14.22767], [108.14668, 14.22945], [108.14528, 14.23022], [108.14161, 14.22787], [108.13896, 14.22763], [108.13782, 14.22885], [108.13406, 14.22753], [108.1321, 14.22568], [108.13149, 14.22363], [108.13084, 14.22406], [108.12973, 14.22299], [108.12604, 14.22521], [108.12304, 14.22413], [108.12207, 14.22348], [108.12237, 14.22246], [108.12106, 14.22036], [108.11913, 14.21911], [108.11821, 14.21996], [108.11604, 14.21813], [108.11628, 14.21622], [108.11553, 14.21585], [108.11528, 14.21388], [108.11414, 14.21387], [108.11171, 14.21015], [108.11004, 14.21002], [108.10983, 14.20677], [108.11097, 14.20641], [108.11117, 14.20549], [108.10993, 14.20421], [108.10953, 14.20601], [108.10823, 14.20628], [108.10752, 14.20387], [108.10598, 14.20374], [108.10763, 14.20242], [108.10794, 14.20043], [108.1046, 14.19967], [108.10284, 14.19467], [108.09836, 14.19573], [108.09813, 14.19289], [108.09704, 14.19259], [108.09654, 14.19084], [108.09517, 14.19035], [108.09222, 14.18677], [108.0922, 14.18413], [108.08613, 14.18237], [108.08504, 14.18122], [108.08465, 14.17903], [108.08204, 14.17663], [108.07854, 14.17578], [108.07996, 14.16503], [108.08252, 14.1564], [108.08667, 14.15565], [108.08939, 14.15367], [108.0904, 14.15085], [108.0926, 14.15238], [108.09245, 14.15449], [108.09543, 14.15875], [108.0996, 14.16281], [108.10211, 14.16362], [108.102, 14.16471], [108.10431, 14.16276], [108.10662, 14.15884], [108.10933, 14.15669], [108.11654, 14.15626], [108.11719, 14.16036], [108.1225, 14.15549], [108.12801, 14.1542], [108.13385, 14.15746], [108.13618, 14.15737], [108.14283, 14.1536], [108.1463, 14.15286], [108.14886, 14.15399], [108.15061, 14.1571], [108.15477, 14.15841], [108.15831, 14.16119], [108.16285, 14.16065], [108.16392, 14.15959], [108.16446, 14.16041], [108.16551, 14.15979], [108.16853, 14.16072], [108.17179, 14.15978], [108.17207, 14.15859], [108.17673, 14.15887], [108.17892, 14.15773], [108.1805, 14.15821], [108.18144, 14.1572], [108.18525, 14.15986], [108.18657, 14.15991], [108.19041, 14.15667], [108.19363, 14.15768], [108.19649, 14.15599], [108.19804, 14.15594], [108.19951, 14.15749], [108.20125, 14.1578], [108.20172, 14.15667], [108.21266, 14.15717], [108.21825, 14.14381], [108.22881, 14.13432], [108.2336, 14.13748], [108.2368, 14.13796], [108.23969, 14.13947], [108.24127, 14.14196], [108.2433, 14.1429], [108.24418, 14.14622], [108.24623, 14.14725], [108.24664, 14.14939], [108.2487, 14.14982], [108.25015, 14.15293], [108.25253, 14.15352], [108.25322, 14.15659], [108.25582, 14.15928], [108.26046, 14.15863], [108.26159, 14.15754], [108.265, 14.15656], [108.26557, 14.15705], [108.26609, 14.164], [108.2679, 14.16771], [108.26656, 14.17065], [108.26683, 14.17226], [108.26388, 14.17492], [108.2634, 14.17727], [108.26178, 14.17867], [108.26179, 14.18022], [108.25991, 14.18085], [108.26115, 14.18381], [108.26021, 14.18566], [108.26288, 14.18775], [108.2621, 14.19071], [108.26529, 14.19376], [108.26445, 14.19655], [108.26544, 14.20013], [108.26483, 14.20173], [108.26132, 14.2025], [108.25933, 14.20562], [108.26061, 14.21074], [108.26189, 14.21246], [108.26418, 14.21366], [108.26636, 14.21773], [108.26623, 14.21883], [108.26779, 14.21943], [108.2686, 14.22122], [108.26945, 14.22408], [108.26862, 14.22513], [108.26588, 14.22585], [108.26864, 14.22718], [108.26914, 14.23066], [108.27009, 14.2316], [108.27421, 14.23189], [108.27635, 14.23391], [108.27718, 14.23673], [108.28171, 14.23885], [108.28984, 14.23434], [108.29196, 14.23158], [108.29458, 14.23084], [108.29607, 14.22895], [108.29721, 14.22973], [108.29962, 14.22949], [108.30674, 14.23115], [108.30775, 14.23394], [108.30899, 14.23499], [108.30946, 14.23918], [108.31723, 14.23484], [108.3198, 14.23519], [108.32384, 14.23423], [108.3215, 14.23763], [108.32088, 14.24031], [108.31925, 14.24087], [108.31918, 14.24247], [108.3176, 14.24517], [108.31786, 14.24936], [108.31987, 14.25012], [108.31989, 14.25104], [108.31797, 14.25268], [108.31979, 14.25505], [108.32021, 14.26047], [108.31932, 14.2635], [108.32199, 14.26676], [108.32266, 14.2704], [108.32156, 14.27473], [108.3229, 14.27719], [108.32152, 14.2787], [108.32203, 14.2798], [108.32036, 14.28549], [108.32073, 14.28733], [108.31454, 14.28957], [108.31524, 14.29111], [108.31511, 14.29447], [108.3124, 14.29704], [108.31095, 14.30473], [108.3147, 14.31623], [108.31438, 14.32477], [108.31219, 14.32631], [108.31158, 14.32992], [108.30833, 14.33426], [108.31125, 14.33774], [108.31229, 14.34654], [108.31166, 14.3496], [108.31251, 14.35108], [108.30942, 14.35393], [108.30943, 14.35714], [108.30798, 14.35998], [108.30948, 14.36104], [108.30826, 14.36166], [108.30859, 14.36329], [108.30712, 14.36744], [108.31008, 14.37111], [108.30874, 14.37231], [108.30474, 14.37981], [108.30225, 14.38072], [108.29759, 14.38443], [108.29717, 14.38552], [108.29862, 14.38691], [108.29664, 14.39198]]]}}, {"type": "Feature", "properties": {"other_info": "<div id=\"ethnicity\"><span class=\"cms\">D\u00e2n t\u1ed9c: </span><p>T\u1ef7 l\u1ec7 \u0111\u1ed3ng b\u00e0o DTTS<br> 95,94%</p></div>", "dan_so": "4764", "lanh_dao": "<p>+&nbsp;Nguy\u1ec5n V\u0103n Minh<br> B\u00ed th\u01b0 \u0110\u1ea3ng u\u1ef7 Ch\u1ee7 t\u1ecbch H\u0110ND </p><p>0986652336</p><p>+ Nguy\u1ec5n Ch\u00ed Thanh<br> Ch\u1ee7 t\u1ecbch UBND </p><p>0984791717</p>", "sap_nhap": "\u0110\u0103k Pling, \u0110\u0103k Song", "dtich_km2": "327.49", "ma_xa": 61, "tru_so": "<p>+ \u0110\u1ea3ng \u1ee7y-H\u0110ND-UBND-MTTQ-Trung t\u00e2m Ph\u1ee5c v\u1ee5 h\u00e0nh ch\u00ednh c\u00f4ng<br> L\u00e0ng Bl\u00e0, x\u00e3 \u0110\u0103k Song, t\u1ec9nh Gia Lai</p>", "url": "https://baogialai.com.vn/dia-phuong/xa-dak-song/61.html", "ten_xa": "X\u00e3 \u0110\u0103k Song", "order": 100}, "geometry": {"type": "Polygon", "coordinates": [[[108.79525, 13.82255], [108.79242, 13.82207], [108.79273, 13.82], [108.79185, 13.81812], [108.78973, 13.8183], [108.78861, 13.81761], [108.78838, 13.81529], [108.78684, 13.81435], [108.7858, 13.81071], [108.78291, 13.80968], [108.78074, 13.80611], [108.77814, 13.80547], [108.779, 13.80269], [108.77801, 13.80141], [108.77518, 13.80127], [108.77531, 13.79842], [108.77328, 13.79551], [108.76754, 13.79204], [108.76786, 13.79057], [108.76653, 13.78963], [108.76785, 13.7883], [108.7661, 13.78716], [108.76817, 13.78513], [108.76699, 13.78269], [108.76733, 13.78075], [108.76644, 13.78023], [108.76818, 13.77833], [108.76785, 13.7726], [108.76665, 13.77221], [108.76457, 13.77406], [108.7628, 13.77113], [108.75963, 13.76919], [108.75818, 13.7697], [108.75638, 13.76793], [108.75345, 13.76871], [108.74915, 13.76731], [108.74943, 13.76601], [108.75064, 13.76558], [108.74972, 13.76402], [108.75034, 13.76253], [108.74851, 13.75706], [108.74726, 13.75909], [108.74597, 13.75812], [108.74134, 13.75933], [108.74072, 13.75785], [108.73926, 13.75897], [108.73654, 13.75753], [108.73579, 13.75855], [108.73445, 13.75631], [108.73451, 13.75474], [108.73318, 13.7561], [108.7314, 13.75528], [108.73231, 13.75181], [108.72962, 13.75224], [108.72619, 13.74913], [108.72493, 13.74916], [108.71845, 13.74008], [108.72288, 13.72931], [108.72257, 13.72502], [108.72128, 13.72109], [108.72223, 13.71921], [108.72152, 13.7172], [108.72267, 13.71644], [108.71843, 13.7144], [108.71625, 13.71073], [108.71626, 13.70679], [108.71058, 13.70297], [108.70828, 13.69866], [108.70557, 13.69889], [108.70274, 13.697], [108.6971, 13.68838], [108.69739, 13.68641], [108.69632, 13.68231], [108.69803, 13.67918], [108.69801, 13.66808], [108.69967, 13.66476], [108.7, 13.66148], [108.69913, 13.65737], [108.69735, 13.656], [108.69755, 13.65314], [108.69659, 13.65214], [108.69823, 13.64142], [108.69513, 13.63852], [108.69555, 13.63492], [108.69254, 13.62985], [108.69267, 13.62092], [108.69153, 13.61849], [108.69156, 13.61588], [108.69014, 13.61312], [108.68753, 13.61093], [108.68551, 13.6052], [108.68345, 13.60467], [108.68003, 13.60605], [108.67879, 13.60287], [108.67854, 13.59706], [108.67184, 13.59046], [108.66949, 13.5866], [108.66733, 13.58552], [108.69567, 13.58331], [108.71038, 13.57724], [108.72519, 13.57704], [108.74189, 13.55645], [108.7439, 13.55658], [108.74511, 13.55484], [108.74754, 13.55499], [108.74811, 13.56616], [108.75309, 13.56505], [108.75787, 13.5626], [108.76683, 13.5614], [108.76917, 13.56267], [108.77452, 13.57038], [108.7757, 13.5705], [108.7776, 13.56899], [108.78042, 13.56885], [108.78045, 13.57167], [108.78446, 13.57394], [108.78324, 13.57504], [108.78526, 13.57763], [108.79473, 13.57808], [108.8144, 13.57698], [108.81607, 13.57292], [108.81846, 13.57089], [108.82204, 13.57264], [108.82538, 13.56888], [108.82676, 13.5651], [108.83447, 13.5663], [108.83793, 13.56434], [108.84436, 13.56423], [108.84848, 13.56601], [108.85038, 13.56872], [108.85021, 13.57074], [108.85207, 13.57423], [108.85053, 13.58438], [108.84894, 13.58872], [108.84624, 13.5938], [108.84284, 13.59741], [108.84017, 13.59851], [108.83855, 13.6015], [108.83835, 13.60403], [108.84, 13.60614], [108.84114, 13.61029], [108.83939, 13.6136], [108.83715, 13.61488], [108.83417, 13.6202], [108.83502, 13.62164], [108.83438, 13.62397], [108.83189, 13.62558], [108.83166, 13.62734], [108.82884, 13.63025], [108.82851, 13.63153], [108.82952, 13.63356], [108.82843, 13.63535], [108.82847, 13.63701], [108.82534, 13.64035], [108.82525, 13.64373], [108.82358, 13.6486], [108.82153, 13.64991], [108.8194, 13.6576], [108.81926, 13.66114], [108.82169, 13.66333], [108.82018, 13.66836], [108.82147, 13.67373], [108.81831, 13.6807], [108.81873, 13.68558], [108.81798, 13.68645], [108.81802, 13.6883], [108.81661, 13.69189], [108.8154, 13.69258], [108.81352, 13.69641], [108.81755, 13.69949], [108.82388, 13.69978], [108.826, 13.70169], [108.83144, 13.7041], [108.83254, 13.70603], [108.83275, 13.70905], [108.83193, 13.71051], [108.83171, 13.71401], [108.82651, 13.72169], [108.8277, 13.72389], [108.8305, 13.72491], [108.83335, 13.72864], [108.8332, 13.73181], [108.83436, 13.73399], [108.83379, 13.73612], [108.83556, 13.73776], [108.83573, 13.74047], [108.8332, 13.74309], [108.83275, 13.74657], [108.83287, 13.74829], [108.83467, 13.7507], [108.83351, 13.75411], [108.83423, 13.75687], [108.83384, 13.75841], [108.83232, 13.7597], [108.82844, 13.75995], [108.82782, 13.76398], [108.82654, 13.76549], [108.82745, 13.766], [108.82699, 13.76784], [108.82541, 13.76991], [108.82574, 13.7715], [108.82452, 13.77402], [108.82485, 13.77843], [108.82767, 13.7818], [108.82818, 13.79082], [108.82578, 13.7943], [108.82386, 13.79416], [108.82282, 13.79497], [108.82243, 13.79771], [108.823, 13.79887], [108.82139, 13.80053], [108.81809, 13.80012], [108.81474, 13.8035], [108.81305, 13.8041], [108.80973, 13.8025], [108.8073, 13.80309], [108.80482, 13.80427], [108.80451, 13.8055], [108.80302, 13.80538], [108.80134, 13.80692], [108.80062, 13.8112], [108.79838, 13.81205], [108.79635, 13.81433], [108.79578, 13.81733], [108.79672, 13.82152], [108.79525, 13.82255]]]}}, {"type": "Feature", "properties": {"other_info": "", "dan_so": "45550", "lanh_dao": "<p>+&nbsp;Ph\u1ea1m D\u0169ng Lu\u1eadn<br> B\u00ed th\u01b0 \u0110\u1ea3ng u\u1ef7 Ch\u1ee7 t\u1ecbch H\u0110ND </p><p>0974135789</p><p>+ V\u00f5 V\u0103n T\u00e0i<br> Ch\u1ee7 t\u1ecbch UBND </p><p>0983991700</p>", "sap_nhap": "C\u00e1t Kh\u00e1nh (th\u1ecb tr\u1ea5n), C\u00e1t Minh, C\u00e1t T\u00e0i", "dtich_km2": "94.97", "ma_xa": 62, "tru_so": "<p>+&nbsp;\u0110\u1ea3ng \u1ee7y-MTTQ<br> Th\u00f4n Th\u1eafng Ki\u00ean, x\u00e3 \u0110\u1ec1 Gi (Tr\u1ee5 s\u1edf th\u1ecb tr\u1ea5n C\u00e1t Kh\u00e1nh tr\u01b0\u1edbc \u0111\u00e2y)</p><p>+ H\u0110ND-UBND-Trung t\u00e2m Ph\u1ee5c v\u1ee5 h\u00e0nh ch\u00ednh c\u00f4ng<br> Th\u00f4n Gia Th\u1ea1nh, x\u00e3 \u0110\u1ec1 Gi (Tr\u1ee5 s\u1edf x\u00e3 C\u00e1t Minh tr\u01b0\u1edbc \u0111\u00e2y)</p>", "url": "https://baogialai.com.vn/dia-phuong/xa-de-gi/62.html", "ten_xa": "X\u00e3 \u0110\u1ec1 Gi", "order": 100}, "geometry": {"type": "Polygon", "coordinates": [[[109.18479, 14.14193], [109.17598, 14.1575], [109.17003, 14.15671], [109.16423, 14.1538], [109.16262, 14.15173], [109.16028, 14.15061], [109.15807, 14.14556], [109.15538, 14.14455], [109.15297, 14.14519], [109.151, 14.14343], [109.14861, 14.143], [109.14868, 14.14107], [109.14576, 14.1407], [109.14581, 14.13957], [109.14878, 14.13919], [109.15286, 14.13509], [109.14981, 14.13447], [109.14841, 14.13162], [109.14453, 14.13256], [109.14454, 14.12978], [109.14214, 14.13005], [109.1374, 14.12844], [109.13637, 14.12939], [109.1349, 14.12824], [109.13331, 14.12932], [109.13224, 14.12829], [109.13293, 14.12697], [109.12741, 14.12549], [109.12473, 14.12572], [109.12485, 14.12728], [109.11558, 14.12751], [109.11424, 14.12397], [109.10891, 14.11934], [109.10814, 14.11674], [109.10674, 14.1178], [109.10788, 14.11925], [109.10665, 14.12043], [109.10554, 14.12129], [109.10324, 14.12108], [109.10321, 14.11804], [109.09938, 14.11381], [109.1007, 14.11136], [109.09504, 14.11055], [109.09169, 14.11223], [109.08948, 14.11093], [109.08859, 14.10575], [109.08675, 14.10317], [109.0848, 14.09614], [109.08334, 14.0938], [109.07829, 14.09207], [109.07614, 14.09036], [109.07395, 14.09178], [109.07227, 14.09191], [109.06663, 14.0886], [109.06237, 14.08753], [109.06131, 14.08584], [109.06253, 14.08553], [109.06189, 14.08485], [109.06257, 14.08358], [109.06123, 14.08332], [109.06036, 14.08076], [109.06135, 14.07933], [109.06126, 14.07662], [109.05969, 14.07561], [109.06065, 14.07253], [109.06008, 14.07062], [109.06829, 14.06475], [109.07121, 14.06346], [109.07351, 14.06427], [109.07549, 14.06282], [109.08299, 14.06169], [109.08963, 14.05678], [109.09472, 14.05654], [109.10272, 14.06187], [109.10373, 14.06355], [109.10852, 14.06164], [109.10995, 14.05853], [109.11142, 14.05878], [109.1188, 14.05632], [109.12064, 14.05444], [109.12266, 14.05569], [109.12327, 14.05746], [109.12805, 14.05781], [109.1314, 14.0609], [109.13421, 14.06114], [109.14577, 14.06543], [109.15133, 14.06596], [109.15586, 14.06909], [109.1612, 14.07148], [109.16143, 14.07628], [109.16695, 14.07896], [109.16898, 14.08241], [109.1731, 14.0841], [109.17587, 14.08805], [109.17906, 14.08815], [109.17905, 14.08678], [109.18107, 14.08599], [109.18209, 14.08692], [109.18227, 14.0899], [109.1854, 14.08992], [109.18633, 14.09585], [109.19496, 14.09545], [109.19598, 14.09687], [109.20927, 14.09742], [109.20555, 14.10997], [109.20516, 14.11585], [109.20738, 14.12438], [109.2118, 14.12515], [109.20826, 14.12774], [109.20532, 14.12679], [109.20297, 14.1275], [109.19006, 14.13551], [109.18479, 14.14193]]]}}, {"type": "Feature", "properties": {"other_info": "<div id=\"ethnicity\"><span class=\"cms\">D\u00e2n t\u1ed9c: </span><p>T\u1ef7 l\u1ec7 \u0111\u1ed3ng b\u00e0o DTTS<br> 5,00%</p></div><div id=\"other-info-content\"><span class=\"cms\">Th\u00f4ng tin kh\u00e1c: </span><p>Ph\u01b0\u1eddng Di\u00ean H\u1ed3ng s\u1edf h\u1eefu v\u1ecb tr\u00ed \u0111\u1ecba l\u00fd chi\u1ebfn l\u01b0\u1ee3c v\u00e0 c\u1ed9ng \u0111\u1ed3ng d\u00e2n c\u01b0 \u0111a d\u1ea1ng, t\u1ea1o n\u00ean m\u1ed9t khu v\u1ef1c \u0111\u1ea7y tri\u1ec3n v\u1ecdng cho ph\u00e1t tri\u1ec3n kinh t\u1ebf v\u00e0 v\u0103n h\u00f3a x\u00e3 h\u1ed9i. V\u1edbi \u0111\u1ecba h\u00ecnh ch\u1ee7 y\u1ebfu l\u00e0 b\u1eb1ng ph\u1eb3ng k\u1ebft h\u1ee3p v\u1edbi m\u1ed9t s\u1ed1 khu v\u1ef1c \u0111\u1ed3i th\u1ea5p, ph\u00f9 h\u1ee3p cho nhi\u1ec1u ho\u1ea1t \u0111\u1ed9ng c\u00f4ng nghi\u1ec7p, th\u01b0\u01a1ng m\u1ea1i v\u00e0 d\u1ecbch v\u1ee5 \u0111\u1ebfn n\u00f4ng nghi\u1ec7p. </p><p>C\u1ed9ng \u0111\u1ed3ng d\u00e2n c\u01b0 l\u00e0 s\u1ef1 k\u1ebft h\u1ee3p gi\u1eefa c\u00e1c d\u00e2n t\u1ed9c b\u1ea3n \u0111\u1ecba v\u00e0 ng\u01b0\u1eddi d\u00e2n di c\u01b0 t\u1eeb c\u00e1c v\u00f9ng mi\u1ec1n tr\u00ean to\u00e0n qu\u1ed1c h\u1ed9i t\u1ee5 v\u1ec1 \u0111\u00e2y sinh s\u1ed1ng, l\u00e0m vi\u1ec7c, mang l\u1ea1i m\u1ed9t m\u00f4i tr\u01b0\u1eddng v\u0103n h\u00f3a phong ph\u00fa, thu h\u00fat s\u1ef1 quan t\u00e2m tr\u1ea3i nghi\u1ec7m c\u1ee7a c\u1ea3 ng\u01b0\u1eddi d\u00e2n \u0111\u1ecba ph\u01b0\u01a1ng v\u00e0 du kh\u00e1ch.<br> V\u1ecb tr\u00ed \u0111\u1ecba l\u00fd thu\u1eadn l\u1ee3i: Ph\u01b0\u1eddng n\u1eb1m g\u1ea7n c\u00e1c tuy\u1ebfn giao th\u00f4ng huy\u1ebft m\u1ea1ch c\u1ee7a t\u1ec9nh Gia Lai, gi\u00fap k\u1ebft n\u1ed1i d\u1ec5 d\u00e0ng v\u1edbi c\u00e1c khu v\u1ef1c l\u00e2n c\u1eadn. \u0110i\u1ec1u n\u00e0y t\u1ea1o \u0111i\u1ec1u ki\u1ec7n thu\u1eadn l\u1ee3i cho giao th\u01b0\u01a1ng, v\u1eadn chuy\u1ec3n h\u00e0ng h\u00f3a v\u00e0 ph\u00e1t tri\u1ec3n c\u00e1c d\u1ecbch v\u1ee5 li\u00ean quan, t\u1eeb \u0111\u00f3 th\u00fac \u0111\u1ea9y kinh t\u1ebf khu v\u1ef1c.<br> C\u1ed9ng \u0111\u1ed3ng d\u00e2n c\u01b0 \u0111a d\u1ea1ng: Sau s\u00e1p nh\u1eadp, d\u00e2n s\u1ed1 c\u1ee7a ph\u01b0\u1eddng Di\u00ean H\u1ed3ng t\u0103ng \u0111\u00e1ng k\u1ec3, bao g\u1ed3m c\u01b0 d\u00e2n t\u1eeb c\u00e1c ph\u01b0\u1eddng Y\u00ean \u0110\u1ed7, Ia Kring, Di\u00ean H\u1ed3ng v\u00e0 x\u00e3 Di\u00ean Ph\u00fa. S\u1ef1 gia t\u0103ng d\u00e2n s\u1ed1 n\u00e0y kh\u00f4ng ch\u1ec9 l\u00e0m t\u0103ng ngu\u1ed3n l\u1ef1c lao \u0111\u1ed9ng m\u00e0 c\u00f2n t\u1ea1o ra nhu c\u1ea7u l\u1edbn v\u1ec1 th\u01b0\u01a1ng m\u1ea1i, d\u1ecbch v\u1ee5, du l\u1ecbch th\u00fac \u0111\u1ea9y \u0111\u1ea7u t\u01b0 v\u00e0o h\u1ea1 t\u1ea7ng v\u00e0 ti\u1ec7n \u00edch.<br> T\u00e0i nguy\u00ean thi\u00ean nhi\u00ean phong ph\u00fa: V\u1edbi \u0111\u1ea5t \u0111ai m\u00e0u m\u1ee1 v\u00e0 ngu\u1ed3n n\u01b0\u1edbc d\u1ed3i d\u00e0o t\u1eeb c\u00e1c con su\u1ed1i nh\u1ecf, ph\u01b0\u1eddng Di\u00ean H\u1ed3ng c\u00f3 \u0111i\u1ec1u ki\u1ec7n l\u00fd t\u01b0\u1edfng \u0111\u1ec3 ph\u00e1t tri\u1ec3n c\u00f4ng nghi\u1ec7p, n\u00f4ng nghi\u1ec7p, \u0111\u1eb7c bi\u1ec7t l\u00e0 c\u00e1c lo\u1ea1i c\u00e2y c\u00f4ng nghi\u1ec7p nh\u01b0 c\u00e0 ph\u00ea, h\u1ed3 ti\u00eau v\u00e0 cao su. Ngo\u00e0i ra, c\u00f2n c\u00f3 ti\u1ec1m n\u0103ng khai th\u00e1c c\u00e1c ngu\u1ed3n t\u00e0i nguy\u00ean thi\u00ean nhi\u00ean kh\u00e1c.<br> Ph\u00e1t tri\u1ec3n n\u00f4ng nghi\u1ec7p hi\u1ec7n \u0111\u1ea1i: Ph\u01b0\u1eddng c\u00f3 \u0111i\u1ec1u ki\u1ec7n t\u1ef1 nhi\u00ean thu\u1eadn l\u1ee3i \u0111\u1ec3 \u00e1p d\u1ee5ng c\u00e1c m\u00f4 h\u00ecnh n\u00f4ng nghi\u1ec7p c\u00f4ng ngh\u1ec7 cao. C\u00e1c d\u1ef1 \u00e1n tr\u1ed3ng tr\u1ecdt v\u00e0 ch\u0103n nu\u00f4i ti\u00ean ti\u1ebfn \u0111ang \u0111\u01b0\u1ee3c khuy\u1ebfn kh\u00edch, gi\u00fap n\u00e2ng cao n\u0103ng su\u1ea5t v\u00e0 gi\u00e1 tr\u1ecb kinh t\u1ebf, \u0111\u1eb7c bi\u1ec7t v\u1edbi c\u00e1c lo\u1ea1i c\u00e2y c\u00f4ng nghi\u1ec7p ch\u1ee7 l\u1ef1c c\u1ee7a t\u1ec9nh Gia Lai.<br> Th\u00fac \u0111\u1ea9y th\u01b0\u01a1ng m\u1ea1i v\u00e0 d\u1ecbch v\u1ee5: Nh\u1edd v\u1ecb tr\u00ed g\u1ea7n c\u00e1c tr\u1ee5c giao th\u00f4ng ch\u00ednh, ph\u01b0\u1eddng c\u00f3 ti\u1ec1m n\u0103ng l\u1edbn trong vi\u1ec7c ph\u00e1t tri\u1ec3n c\u00e1c khu ch\u1ee3, trung t\u00e2m th\u01b0\u01a1ng m\u1ea1i v\u00e0 d\u1ecbch v\u1ee5 logistics. C\u00e1c ho\u1ea1t \u0111\u1ed9ng th\u01b0\u01a1ng m\u1ea1i t\u1ea1i \u0111\u00e2y \u0111ang ng\u00e0y c\u00e0ng s\u00f4i \u0111\u1ed9ng, thu h\u00fat s\u1ef1 quan t\u00e2m c\u1ee7a nhi\u1ec1u doanh nghi\u1ec7p.<br> Ph\u00e1t tri\u1ec3n du l\u1ecbch c\u1ed9ng \u0111\u1ed3ng: V\u1edbi s\u1ef1 \u0111a d\u1ea1ng v\u1ec1 v\u0103n h\u00f3a v\u00e0 c\u1ea3nh quan thi\u00ean nhi\u00ean, ph\u01b0\u1eddng c\u00f3 ti\u1ec1m n\u0103ng l\u1edbn \u0111\u1ec3 ph\u00e1t tri\u1ec3n c\u00e1c lo\u1ea1i h\u00ecnh du l\u1ecbch nh\u01b0 du l\u1ecbch c\u1ed9ng \u0111\u1ed3ng v\u00e0 du l\u1ecbch sinh th\u00e1i. C\u00e1c l\u1ec5 h\u1ed9i truy\u1ec1n th\u1ed1ng v\u00e0 phong t\u1ee5c t\u1eadp qu\u00e1n c\u1ee7a ng\u01b0\u1eddi d\u00e2n b\u1ea3n \u0111\u1ecba l\u00e0 nh\u1eefng \u0111i\u1ec3m nh\u1ea5n thu h\u00fat du kh\u00e1ch.<br> \u0110\u1ea7u t\u01b0 h\u1ea1 t\u1ea7ng c\u00f4ng c\u1ed9ng: Ch\u00ednh quy\u1ec1n t\u1ec9nh Gia Lai \u0111ang \u01b0u ti\u00ean \u0111\u1ea7u t\u01b0 v\u00e0o c\u00e1c d\u1ef1 \u00e1n n\u00e2ng c\u1ea5p \u0111\u01b0\u1eddng x\u00e1, h\u1ec7 th\u1ed1ng th\u1ee7y l\u1ee3i v\u00e0 c\u00e1c c\u00f4ng tr\u00ecnh c\u00f4ng c\u1ed9ng t\u1ea1i ph\u01b0\u1eddng Di\u00ean H\u1ed3ng. Nh\u1eefng c\u1ea3i ti\u1ebfn n\u00e0y kh\u00f4ng ch\u1ec9 c\u1ea3i thi\u1ec7n ch\u1ea5t l\u01b0\u1ee3ng cu\u1ed9c s\u1ed1ng m\u00e0 c\u00f2n t\u1ea1o \u0111i\u1ec1u ki\u1ec7n thu\u1eadn l\u1ee3i cho c\u00e1c ho\u1ea1t \u0111\u1ed9ng ph\u00e1t tri\u1ec3n kinh t\u1ebf - x\u00e3 h\u1ed9i.</p></div>", "dan_so": "63378", "lanh_dao": "<p>+&nbsp;\u0110o\u00e0n H\u1eefu D\u0169ng<br> B\u00ed th\u01b0 \u0110\u1ea3ng u\u1ef7 Ch\u1ee7 t\u1ecbch H\u0110ND </p><p>0914268079</p><p>+ Nguy\u1ec5n Tu\u1ea5n Quang<br> Ch\u1ee7 t\u1ecbch UBND </p><p>0905171397</p>", "sap_nhap": "Y\u00ean \u0110\u1ed7, Ia Kring, Di\u00ean H\u1ed3ng, Di\u00ean Ph\u00fa", "dtich_km2": "26.71", "ma_xa": 63, "tru_so": "<p>+ \u0110\u1ea3ng \u1ee7y-H\u0110ND-UBND-MTTQ-Trung t\u00e2m Ph\u1ee5c v\u1ee5 h\u00e0nh ch\u00ednh c\u00f4ng<br> S\u1ed1 18 \u0111\u01b0\u1eddng W\u1eebu, ph\u01b0\u1eddng Di\u00ean H\u1ed3ng, t\u1ec9nh Gia Lai</p>", "url": "https://baogialai.com.vn/dia-phuong/phuong-dien-hong/63.html", "ten_xa": "Ph\u01b0\u1eddng Di\u00ean H\u1ed3ng", "order": 100}, "geometry": {"type": "Polygon", "coordinates": [[[107.99688, 13.98934], [107.99428, 13.99194], [107.99208, 13.99621], [107.98893, 13.99538], [107.98881, 13.99186], [107.98729, 13.9869], [107.98324, 13.97883], [107.98334, 13.97216], [107.98233, 13.97132], [107.98283, 13.96953], [107.98106, 13.96999], [107.9811, 13.96688], [107.97719, 13.96715], [107.97596, 13.968], [107.97405, 13.96621], [107.96991, 13.96573], [107.96825, 13.96431], [107.96559, 13.96512], [107.96287, 13.96285], [107.95699, 13.96311], [107.95275, 13.96075], [107.95214, 13.95776], [107.95622, 13.95505], [107.95724, 13.95352], [107.95729, 13.95171], [107.95485, 13.95005], [107.95297, 13.94736], [107.94864, 13.94802], [107.94619, 13.94708], [107.94228, 13.94165], [107.94028, 13.94055], [107.94004, 13.93894], [107.94118, 13.93561], [107.94002, 13.93208], [107.94119, 13.92847], [107.94005, 13.92795], [107.94068, 13.92691], [107.94232, 13.92564], [107.94358, 13.9266], [107.94731, 13.92356], [107.95098, 13.92442], [107.95264, 13.92633], [107.9566, 13.92848], [107.96329, 13.92695], [107.96872, 13.92755], [107.9735, 13.92691], [107.98175, 13.93009], [107.98394, 13.93034], [107.9857, 13.92905], [107.9859, 13.93022], [107.98914, 13.93089], [107.98963, 13.93329], [107.99205, 13.93293], [107.99381, 13.9338], [107.99512, 13.93651], [107.99445, 13.93942], [108.00121, 13.94236], [108.00177, 13.94445], [108.00034, 13.94786], [108.00179, 13.94955], [107.9965, 13.95297], [107.99151, 13.96173], [107.99829, 13.96321], [108.00196, 13.96268], [108.00363, 13.96589], [108.00359, 13.96906], [108.00249, 13.97122], [108.00326, 13.97451], [108.00227, 13.97527], [107.99993, 13.97503], [108.00156, 13.97695], [107.99978, 13.97712], [107.99878, 13.97907], [107.99925, 13.98048], [107.99717, 13.98009], [107.99656, 13.98333], [107.99519, 13.9844], [107.99506, 13.98586], [107.99664, 13.98593], [107.99688, 13.98934]]]}}, {"type": "Feature", "properties": {"other_info": "<div id=\"ethnicity\"><span class=\"cms\">D\u00e2n t\u1ed9c: </span><p>T\u1ef7 l\u1ec7 \u0111\u1ed3ng b\u00e0o DTTS<br> 26,00%</p></div>", "dan_so": "23575", "lanh_dao": "<p>+&nbsp;Ph\u1ea1m V\u0103n C\u01b0\u1eddng<br> B\u00ed th\u01b0 \u0110\u1ea3ng u\u1ef7 Ch\u1ee7 t\u1ecbch H\u0110ND </p><p>0935102366</p><p>+ Nguy\u1ec5n V\u0103n Tuy\u1ebfn<br> Ch\u1ee7 t\u1ecbch UBND </p><p>0853135612</p>", "sap_nhap": "Ch\u01b0 Ty (th\u1ecb tr\u1ea5n), Ia Kri\u00eang", "dtich_km2": "124.66", "ma_xa": 64, "tru_so": "<p>+&nbsp;\u0110\u1ea3ng \u1ee7y-MTTQ<br> \u0110\u01b0\u1eddng Tr\u1ea7n H\u01b0ng \u0110\u1ea1o, x\u00e3 \u0110\u1ee9c C\u01a1, t\u1ec9nh Gia Lai</p><p>+ H\u0110ND-UBND-Trung t\u00e2m Ph\u1ee5c v\u1ee5 h\u00e0nh ch\u00ednh c\u00f4ng<br> S\u1ed1 178 \u0111\u01b0\u1eddng Quang Trung, x\u00e3 \u0110\u1ee9c C\u01a1</p>", "url": "https://baogialai.com.vn/dia-phuong/xa-duc-co/64.html", "ten_xa": "X\u00e3 \u0110\u1ee9c C\u01a1", "order": 100}, "geometry": {"type": "Polygon", "coordinates": [[[107.73226, 13.81668], [107.72547, 13.81878], [107.72159, 13.81884], [107.70945, 13.81287], [107.70262, 13.81414], [107.70111, 13.8178], [107.6944, 13.81498], [107.69294, 13.81669], [107.69125, 13.81509], [107.68956, 13.81535], [107.68942, 13.81436], [107.68076, 13.81481], [107.68005, 13.81347], [107.67647, 13.81301], [107.67803, 13.80833], [107.67723, 13.80797], [107.66787, 13.80787], [107.6586, 13.81113], [107.6528, 13.80954], [107.65978, 13.79806], [107.65782, 13.79096], [107.65877, 13.78863], [107.66402, 13.79106], [107.66668, 13.79111], [107.66876, 13.78713], [107.67051, 13.78819], [107.67236, 13.78712], [107.67309, 13.78919], [107.67488, 13.78885], [107.67306, 13.78464], [107.67732, 13.78218], [107.6803, 13.78637], [107.68552, 13.78359], [107.68615, 13.7861], [107.68683, 13.78619], [107.68738, 13.78431], [107.68511, 13.7807], [107.68403, 13.77663], [107.68423, 13.77441], [107.68294, 13.77321], [107.68227, 13.77041], [107.67925, 13.76578], [107.67837, 13.7627], [107.67633, 13.7615], [107.67705, 13.7599], [107.6779, 13.75983], [107.6768, 13.75918], [107.67714, 13.75414], [107.67603, 13.75339], [107.6766, 13.7519], [107.67586, 13.74898], [107.67232, 13.74787], [107.67096, 13.74614], [107.66975, 13.74657], [107.66827, 13.74591], [107.67001, 13.74404], [107.66995, 13.74218], [107.66875, 13.74159], [107.66933, 13.73914], [107.66806, 13.7378], [107.67012, 13.7337], [107.66934, 13.73125], [107.67049, 13.72996], [107.66969, 13.72778], [107.67052, 13.72424], [107.67184, 13.72382], [107.67352, 13.71908], [107.67516, 13.71854], [107.67659, 13.71669], [107.6765, 13.71318], [107.67775, 13.71175], [107.67475, 13.70855], [107.67223, 13.70805], [107.6707, 13.70417], [107.67124, 13.70268], [107.67035, 13.69943], [107.67166, 13.698], [107.67183, 13.69504], [107.66692, 13.69103], [107.66282, 13.68086], [107.66735, 13.68332], [107.66809, 13.68297], [107.66938, 13.68393], [107.66956, 13.68531], [107.67059, 13.68493], [107.67187, 13.68561], [107.67255, 13.68486], [107.67433, 13.68572], [107.67806, 13.68889], [107.67852, 13.69015], [107.67962, 13.69016], [107.68039, 13.69272], [107.68267, 13.6927], [107.68395, 13.69433], [107.68544, 13.69416], [107.68641, 13.69537], [107.68919, 13.69538], [107.69073, 13.69823], [107.69433, 13.7006], [107.69576, 13.70357], [107.70077, 13.70284], [107.70144, 13.70655], [107.70561, 13.70649], [107.7095, 13.70519], [107.71601, 13.70555], [107.72027, 13.70321], [107.72345, 13.70247], [107.72711, 13.69981], [107.72914, 13.70149], [107.73199, 13.69817], [107.73243, 13.69447], [107.73401, 13.69238], [107.73548, 13.69317], [107.73682, 13.69598], [107.73988, 13.69942], [107.74117, 13.69985], [107.74564, 13.69758], [107.7489, 13.69301], [107.75326, 13.69238], [107.75583, 13.69451], [107.75625, 13.6965], [107.75835, 13.6973], [107.76053, 13.70265], [107.76232, 13.70504], [107.76243, 13.70657], [107.76409, 13.70816], [107.76753, 13.70721], [107.76775, 13.70943], [107.76687, 13.71206], [107.76741, 13.71576], [107.767, 13.71816], [107.766, 13.71928], [107.7676, 13.72129], [107.76953, 13.72138], [107.76979, 13.72235], [107.76778, 13.72546], [107.76966, 13.72496], [107.76976, 13.72603], [107.77138, 13.72689], [107.77034, 13.72814], [107.77032, 13.73177], [107.77286, 13.73266], [107.77607, 13.73588], [107.77691, 13.73931], [107.77905, 13.73982], [107.77832, 13.74184], [107.77882, 13.74316], [107.77581, 13.74923], [107.77297, 13.7498], [107.76985, 13.75398], [107.76688, 13.7613], [107.7676, 13.76182], [107.76583, 13.7632], [107.76618, 13.76471], [107.76457, 13.76693], [107.76353, 13.76663], [107.76196, 13.76872], [107.7576, 13.77042], [107.75639, 13.77167], [107.75548, 13.77434], [107.75653, 13.78079], [107.75531, 13.78319], [107.75535, 13.78707], [107.75352, 13.788], [107.75226, 13.79016], [107.74953, 13.79123], [107.7479, 13.79038], [107.7464, 13.79229], [107.74583, 13.79877], [107.744, 13.79665], [107.7413, 13.79723], [107.73936, 13.79514], [107.73781, 13.79535], [107.73747, 13.79368], [107.73576, 13.79301], [107.73671, 13.79412], [107.73624, 13.79491], [107.73701, 13.79659], [107.73624, 13.79734], [107.73755, 13.7984], [107.73687, 13.79903], [107.73739, 13.80008], [107.73677, 13.80153], [107.73967, 13.80619], [107.73896, 13.8079], [107.7406, 13.8112], [107.74097, 13.81402], [107.73833, 13.81732], [107.73226, 13.81668]]]}}, {"type": "Feature", "properties": {"other_info": "<div id=\"ethnicity\"><span class=\"cms\">D\u00e2n t\u1ed9c: </span><p>T\u1ef7 l\u1ec7 \u0111\u1ed3ng b\u00e0o DTTS<br> 64,00%</p></div>", "dan_so": "15957", "lanh_dao": "<p>+&nbsp;Nguy\u1ec5n H\u1eefu Sung<br> B\u00ed th\u01b0 \u0110\u1ea3ng u\u1ef7 Ch\u1ee7 t\u1ecbch H\u0110ND </p><p>0914234457</p><p>+ Nguy\u1ec5n \u0110\u0103ng Quang<br> Ch\u1ee7 t\u1ecbch UBND </p><p>0905725277</p>", "sap_nhap": "Ia K\u00eanh, Ia P\u1ebfch, G\u00e0o", "dtich_km2": "182.47", "ma_xa": 65, "tru_so": "<p>+&nbsp;\u0110\u1ea3ng \u1ee7y-H\u0110ND-MTTQ</p><p>L\u00e0ng M\u01a1 N\u00fa, x\u00e3 G\u00e0o, t\u1ec9nh Gia Lai</p><p>+ UBND-Trung t\u00e2m Ph\u1ee5c v\u1ee5 h\u00e0nh ch\u00ednh c\u00f4ng</p><p>L\u00e0ng C, x\u00e3 G\u00e0o</p>", "url": "https://baogialai.com.vn/dia-phuong/xa-gao/65.html", "ten_xa": "X\u00e3 G\u00e0o", "order": 100}, "geometry": {"type": "Polygon", "coordinates": [[[107.89916, 13.96783], [107.89627, 13.97281], [107.89198, 13.97007], [107.88938, 13.96699], [107.88527, 13.96584], [107.88438, 13.96638], [107.87701, 13.96161], [107.87255, 13.96069], [107.86899, 13.9578], [107.8667, 13.95385], [107.86279, 13.95345], [107.86143, 13.95452], [107.85754, 13.95136], [107.85524, 13.95098], [107.85643, 13.94975], [107.85524, 13.9478], [107.85601, 13.94142], [107.85378, 13.94056], [107.85306, 13.94113], [107.85211, 13.94003], [107.84966, 13.94259], [107.84914, 13.94103], [107.84986, 13.93969], [107.848, 13.93946], [107.84836, 13.93779], [107.8463, 13.9372], [107.84605, 13.93811], [107.84413, 13.93781], [107.84008, 13.93558], [107.83893, 13.93605], [107.83546, 13.93452], [107.8363, 13.93577], [107.83505, 13.93725], [107.83584, 13.93869], [107.83274, 13.93979], [107.83028, 13.9383], [107.83012, 13.93676], [107.8277, 13.9362], [107.82657, 13.9381], [107.82429, 13.93663], [107.82305, 13.93801], [107.81942, 13.93905], [107.81784, 13.93798], [107.81531, 13.94118], [107.81517, 13.94219], [107.8166, 13.94284], [107.81606, 13.94363], [107.81258, 13.9423], [107.80953, 13.94226], [107.81025, 13.94165], [107.80948, 13.94106], [107.81115, 13.93586], [107.80714, 13.93306], [107.80719, 13.93079], [107.80588, 13.93044], [107.80582, 13.929], [107.80766, 13.92813], [107.80742, 13.9274], [107.80467, 13.92593], [107.80323, 13.92302], [107.79759, 13.92218], [107.80404, 13.9143], [107.80245, 13.91415], [107.80237, 13.90996], [107.80055, 13.90815], [107.80005, 13.90852], [107.79929, 13.90536], [107.79612, 13.90494], [107.7968, 13.90276], [107.80046, 13.90186], [107.80223, 13.89909], [107.79898, 13.892], [107.79951, 13.89059], [107.79897, 13.88912], [107.79995, 13.8885], [107.8, 13.88748], [107.79694, 13.88246], [107.79885, 13.88095], [107.79717, 13.87961], [107.79713, 13.87778], [107.80045, 13.87834], [107.80358, 13.87759], [107.80585, 13.87945], [107.80858, 13.8778], [107.81105, 13.87877], [107.81339, 13.87796], [107.81732, 13.87972], [107.82045, 13.87654], [107.819, 13.87469], [107.81843, 13.87235], [107.81937, 13.8686], [107.82438, 13.86344], [107.82382, 13.85493], [107.82442, 13.85227], [107.83283, 13.85388], [107.83285, 13.85577], [107.83406, 13.85696], [107.8364, 13.85622], [107.83968, 13.85844], [107.83897, 13.8627], [107.8373, 13.86436], [107.83796, 13.86747], [107.83906, 13.86893], [107.83888, 13.8717], [107.84014, 13.87525], [107.83964, 13.87893], [107.84048, 13.87822], [107.84928, 13.87788], [107.85806, 13.87871], [107.86036, 13.87786], [107.86094, 13.87663], [107.86138, 13.87747], [107.86225, 13.87726], [107.86212, 13.87816], [107.86307, 13.87855], [107.86326, 13.87794], [107.86548, 13.87954], [107.86674, 13.87782], [107.86894, 13.87846], [107.87021, 13.87641], [107.87226, 13.87579], [107.87179, 13.87484], [107.87256, 13.87511], [107.87219, 13.8745], [107.87361, 13.87409], [107.87334, 13.87301], [107.87506, 13.87385], [107.8761, 13.87269], [107.87643, 13.8744], [107.87752, 13.87261], [107.87987, 13.8735], [107.87938, 13.87249], [107.88187, 13.87165], [107.88278, 13.87353], [107.88388, 13.87269], [107.8851, 13.8734], [107.88591, 13.87221], [107.88784, 13.87247], [107.88855, 13.87499], [107.89022, 13.87546], [107.89139, 13.87464], [107.89269, 13.87623], [107.89381, 13.87578], [107.89461, 13.87727], [107.89618, 13.87565], [107.89598, 13.87345], [107.89504, 13.87255], [107.89614, 13.86916], [107.91467, 13.86818], [107.91542, 13.86485], [107.91754, 13.86164], [107.9231, 13.86358], [107.93071, 13.8638], [107.93129, 13.86473], [107.93253, 13.86452], [107.93263, 13.86632], [107.93803, 13.8675], [107.94196, 13.87047], [107.94284, 13.87016], [107.94414, 13.86671], [107.94792, 13.86347], [107.95079, 13.86538], [107.95401, 13.86598], [107.95863, 13.86263], [107.9631, 13.86526], [107.96594, 13.8653], [107.96868, 13.86658], [107.97036, 13.86266], [107.9717, 13.86322], [107.9743, 13.85884], [107.97016, 13.85679], [107.96909, 13.85289], [107.96372, 13.84535], [107.9663, 13.84268], [107.96411, 13.83923], [107.96281, 13.83408], [107.98438, 13.85169], [107.9863, 13.85628], [107.988, 13.85783], [107.98837, 13.85979], [107.99018, 13.86203], [107.99033, 13.86322], [107.98884, 13.86447], [107.98921, 13.86546], [107.99148, 13.86638], [107.9943, 13.86964], [107.99614, 13.86999], [108.00002, 13.87285], [107.99969, 13.8759], [108.00224, 13.87578], [108.0029, 13.87728], [108.01251, 13.88087], [108.01246, 13.88254], [108.01037, 13.88667], [108.01081, 13.8874], [108.01016, 13.88772], [108.01119, 13.88914], [108.01134, 13.89109], [108.01253, 13.89153], [108.01212, 13.89595], [108.01289, 13.89691], [108.01222, 13.90034], [108.00867, 13.90135], [108.00859, 13.90345], [108.00756, 13.90312], [108.00711, 13.90446], [108.00587, 13.90445], [108.00565, 13.90713], [108.00314, 13.91033], [107.99845, 13.91148], [107.99725, 13.91063], [107.99619, 13.91151], [107.99668, 13.91179], [107.99613, 13.91281], [107.9993, 13.91445], [108.00521, 13.91535], [108.00605, 13.92479], [107.99116, 13.93336], [107.98963, 13.93329], [107.98914, 13.93089], [107.9859, 13.93022], [107.9857, 13.92905], [107.98394, 13.93034], [107.98175, 13.93009], [107.9739, 13.92697], [107.96872, 13.92755], [107.96329, 13.92695], [107.9566, 13.92848], [107.95264, 13.92633], [107.95098, 13.92442], [107.94763, 13.92357], [107.94346, 13.92665], [107.94232, 13.92564], [107.94005, 13.92795], [107.94119, 13.92847], [107.94002, 13.93208], [107.94118, 13.93561], [107.94004, 13.93894], [107.93638, 13.93909], [107.93196, 13.94407], [107.92734, 13.94446], [107.92244, 13.94793], [107.9199, 13.94761], [107.91355, 13.95115], [107.91191, 13.95024], [107.91018, 13.95139], [107.90701, 13.9512], [107.9047, 13.94994], [107.90419, 13.95149], [107.90315, 13.95137], [107.90192, 13.953], [107.89827, 13.95437], [107.89713, 13.95825], [107.89801, 13.95905], [107.89803, 13.96144], [107.90027, 13.96512], [107.8984, 13.96709], [107.89916, 13.96783]]]}}, {"type": "Feature", "properties": {"other_info": "", "dan_so": "26133", "lanh_dao": "<p>+&nbsp;T\u00f4 Hi\u1ebfu Trung<br> B\u00ed th\u01b0 \u0110\u1ea3ng u\u1ef7 Ch\u1ee7 t\u1ecbch H\u0110ND </p><p>0905035599</p><p>+ \u0110inh Th\u00e0nh Ti\u1ebfn<br> Ch\u1ee7 t\u1ecbch UBND </p><p>0988808777</p>", "sap_nhap": "C\u00e1t Hanh, C\u00e1t Hi\u1ec7p", "dtich_km2": "87.06", "ma_xa": 66, "tru_so": "<p>+&nbsp;\u0110\u1ea3ng \u1ee7y-MTTQ<br> Th\u00f4n H\u00f2a \u0110\u1ea1i, x\u00e3 H\u00f2a H\u1ed9i (Tr\u1ee5 s\u1edf x\u00e3 C\u00e1t Hi\u1ec7p tr\u01b0\u1edbc \u0111\u00e2y)</p><p>+ H\u0110ND-UBND-Trung t\u00e2m Ph\u1ee5c v\u1ee5 h\u00e0nh ch\u00ednh c\u00f4ng<br> Th\u00f4n V\u0129nh Tr\u01b0\u1eddng, x\u00e3 H\u00f2a H\u1ed9i (Tr\u1ee5 s\u1edf x\u00e3 C\u00e1t Hanh tr\u01b0\u1edbc \u0111\u00e2y)</p>", "url": "https://baogialai.com.vn/dia-phuong/xa-hoa-hoi/66.html", "ten_xa": "X\u00e3 H\u00f2a H\u1ed9i", "order": 100}, "geometry": {"type": "Polygon", "coordinates": [[[109.01, 14.09572], [109.00134, 14.09851], [109.00079, 14.09665], [109.00175, 14.09359], [109.00082, 14.09121], [109.00298, 14.08972], [109.00468, 14.08537], [109.0084, 14.08358], [109.00771, 14.0833], [109.00869, 14.08055], [109.01059, 14.07965], [109.01241, 14.08015], [109.01263, 14.07921], [109.011, 14.0786], [109.01243, 14.07593], [109.00989, 14.07442], [109.00823, 14.07015], [109.00523, 14.06984], [108.99192, 14.05696], [108.9869, 14.05607], [108.98664, 14.04776], [108.97125, 14.04783], [108.96822, 14.0471], [108.96784, 14.0435], [108.96841, 14.04214], [108.96276, 14.04404], [108.96147, 14.04524], [108.96137, 14.04644], [108.95695, 14.04666], [108.95437, 14.04091], [108.95098, 14.04741], [108.94815, 14.04711], [108.94672, 14.04589], [108.94148, 14.0467], [108.93308, 14.04485], [108.92772, 14.04058], [108.92891, 14.03691], [108.92823, 14.03639], [108.92827, 14.03384], [108.93467, 14.03698], [108.93744, 14.03495], [108.93937, 14.03527], [108.94271, 14.03424], [108.94748, 14.02834], [108.9492, 14.02879], [108.94959, 14.02778], [108.9517, 14.02727], [108.95418, 14.02804], [108.95504, 14.02713], [108.95732, 14.02197], [108.95737, 14.01912], [108.95871, 14.01696], [108.96157, 14.01686], [108.96426, 14.01475], [108.98085, 14.01406], [108.98059, 14.01335], [108.99024, 14.0097], [108.98989, 14.00897], [108.99193, 14.00863], [108.9923, 14.00678], [108.99354, 14.00629], [108.99913, 14.00891], [109.00138, 14.01299], [109.00828, 14.01058], [109.01143, 14.01078], [109.01881, 14.00686], [109.02085, 14.00346], [109.02154, 14.00378], [109.02131, 14.00115], [109.02214, 13.99935], [109.02542, 13.99858], [109.02671, 14.00355], [109.02792, 14.0029], [109.02986, 14.00356], [109.03089, 14.00569], [109.034, 14.00555], [109.03814, 14.00342], [109.03978, 14.00755], [109.03651, 14.00914], [109.03473, 14.0122], [109.03511, 14.01371], [109.03589, 14.01344], [109.03753, 14.01596], [109.03955, 14.02012], [109.03877, 14.021], [109.04176, 14.02605], [109.04367, 14.0254], [109.04367, 14.02632], [109.04684, 14.02622], [109.05279, 14.02792], [109.05661, 14.02804], [109.05632, 14.02986], [109.06196, 14.02986], [109.06337, 14.03256], [109.0663, 14.03346], [109.06713, 14.03596], [109.07221, 14.03747], [109.07483, 14.04054], [109.07852, 14.04256], [109.08209, 14.04207], [109.08658, 14.04274], [109.08877, 14.04513], [109.08862, 14.04697], [109.09066, 14.05033], [109.08937, 14.05183], [109.0893, 14.05704], [109.08795, 14.05741], [109.08299, 14.06169], [109.07549, 14.06282], [109.07351, 14.06427], [109.07121, 14.06346], [109.06829, 14.06475], [109.06008, 14.07062], [109.06065, 14.07253], [109.05969, 14.07561], [109.06126, 14.07662], [109.06135, 14.07933], [109.06036, 14.08076], [109.06123, 14.08332], [109.06257, 14.08358], [109.06189, 14.08485], [109.06253, 14.08553], [109.06131, 14.08589], [109.06292, 14.08795], [109.05879, 14.09178], [109.05537, 14.09287], [109.05233, 14.09564], [109.05027, 14.09607], [109.04819, 14.09396], [109.04796, 14.09088], [109.0467, 14.09059], [109.04577, 14.09208], [109.04605, 14.0955], [109.04447, 14.09616], [109.04156, 14.09188], [109.03582, 14.09268], [109.03056, 14.08909], [109.0265, 14.08819], [109.02591, 14.08668], [109.0282, 14.08397], [109.02714, 14.08183], [109.02572, 14.08168], [109.02071, 14.08547], [109.01513, 14.08663], [109.01387, 14.08555], [109.01203, 14.08574], [109.01138, 14.08859], [109.01593, 14.08955], [109.01505, 14.09247], [109.01, 14.09572]]]}}, {"type": "Feature", "properties": {"other_info": "", "dan_so": "35037", "lanh_dao": "<p>+&nbsp;Nguy\u1ec5n V\u0103n Ho\u00e0<br> B\u00ed th\u01b0 \u0110\u1ea3ng \u1ee7y Ch\u1ee7 t\u1ecbch H\u0110ND </p><p>0918642524</p><p>+ Ho\u00e0ng Anh Ng\u1ecdc<br> Ch\u1ee7 t\u1ecbch UBND </p><p>0985227758</p>", "sap_nhap": "T\u0103ng B\u1ea1t H\u1ed5 (th\u1ecb tr\u1ea5n), \u00c2n Phong, \u00c2n \u0110\u1ee9c, \u00c2n T\u01b0\u1eddng \u0110\u00f4ng", "dtich_km2": "115.72", "ma_xa": 67, "tru_so": "<p>+&nbsp;\u0110\u1ea3ng \u1ee7y<br> S\u1ed1 10 L\u00ea Du\u1ea9n, x\u00e3 Ho\u00e0i \u00c2n (Tr\u1ee5 s\u1edf Huy\u1ec7n \u1ee7y Ho\u00e0i \u00c2n tr\u01b0\u1edbc \u0111\u00e2y)</p><p>+ H\u0110ND-UBND<br> S\u1ed1 04 L\u00ea Du\u1ea9n, x\u00e3 Ho\u00e0i \u00c2n (Tr\u1ee5 s\u1edf UBND huy\u1ec7n Ho\u00e0i \u00c2n tr\u01b0\u1edbc \u0111\u00e2y)</p><p>+ MTTQ</p><p>S\u1ed1 02 L\u00ea Du\u1ea9n, x\u00e3 Ho\u00e0i \u00c2n (Tr\u1ee5 s\u1edf UBMTTQVN huy\u1ec7n Ho\u00e0i \u00c2n tr\u01b0\u1edbc \u0111\u00e2y)</p><p>+ Trung t\u00e2m Ph\u1ee5c v\u1ee5 h\u00e0nh ch\u00ednh c\u00f4ng<br> 109 Quang Trung, x\u00e3 Ho\u00e0i \u00c2n, t\u1ec9nh Gia Lai (B\u1ed9 ph\u1eadn ti\u1ebfp nh\u1eadn v\u00e0 tr\u1ea3 k\u1ebft qu\u1ea3 gi\u1ea3i quy\u1ebft TTHC huy\u1ec7n Ho\u00e0i \u00c2n c\u0169)</p>", "url": "https://baogialai.com.vn/dia-phuong/xa-hoai-an/67.html", "ten_xa": "X\u00e3 Ho\u00e0i \u00c2n", "order": 100}, "geometry": {"type": "Polygon", "coordinates": [[[108.98264, 14.38784], [108.97838, 14.39063], [108.97934, 14.38804], [108.97886, 14.38621], [108.97707, 14.38509], [108.9741, 14.38494], [108.97257, 14.38354], [108.97136, 14.37511], [108.96944, 14.37414], [108.96631, 14.37612], [108.96174, 14.38097], [108.9601, 14.38438], [108.95883, 14.38512], [108.95469, 14.38532], [108.95088, 14.38376], [108.94853, 14.38152], [108.94777, 14.37897], [108.94596, 14.3783], [108.94134, 14.37949], [108.94133, 14.38106], [108.93969, 14.3823], [108.93798, 14.38143], [108.92899, 14.38121], [108.92717, 14.37747], [108.92454, 14.37748], [108.92251, 14.37561], [108.92199, 14.37168], [108.91959, 14.3683], [108.91908, 14.36526], [108.91403, 14.36401], [108.91235, 14.36167], [108.91855, 14.35616], [108.92009, 14.35561], [108.9218, 14.35195], [108.91631, 14.34695], [108.91387, 14.34581], [108.91314, 14.34369], [108.90749, 14.34195], [108.90825, 14.33988], [108.91101, 14.33825], [108.9109, 14.33628], [108.91215, 14.33541], [108.91352, 14.33647], [108.91469, 14.3363], [108.91632, 14.33403], [108.92095, 14.33435], [108.92301, 14.336], [108.92557, 14.33441], [108.93054, 14.33333], [108.93536, 14.33237], [108.93803, 14.33276], [108.94142, 14.32957], [108.94183, 14.32756], [108.94427, 14.32538], [108.94481, 14.32349], [108.94608, 14.32472], [108.94613, 14.32357], [108.94688, 14.32443], [108.94775, 14.32382], [108.94994, 14.32731], [108.95564, 14.32683], [108.95732, 14.32757], [108.95793, 14.32866], [108.95666, 14.3323], [108.96034, 14.33248], [108.96238, 14.32916], [108.96626, 14.33116], [108.96855, 14.33016], [108.97099, 14.33083], [108.97034, 14.32607], [108.97106, 14.32482], [108.97011, 14.32284], [108.97163, 14.32033], [108.97081, 14.31723], [108.96959, 14.31563], [108.96782, 14.31629], [108.96751, 14.31759], [108.96488, 14.31674], [108.96447, 14.31534], [108.96517, 14.3143], [108.96313, 14.31159], [108.9636, 14.31075], [108.96124, 14.3089], [108.96136, 14.30762], [108.96067, 14.3073], [108.96421, 14.30513], [108.96649, 14.30542], [108.96709, 14.30216], [108.96855, 14.30026], [108.9722, 14.29902], [108.97279, 14.29511], [108.96998, 14.29046], [108.96803, 14.28924], [108.9691, 14.28459], [108.96929, 14.27797], [108.96641, 14.27414], [108.96685, 14.26719], [108.96336, 14.26036], [108.96524, 14.25782], [108.96943, 14.25451], [108.97625, 14.25309], [108.97601, 14.24897], [108.97794, 14.24421], [108.98022, 14.24147], [108.9815, 14.23793], [108.98295, 14.23757], [108.99192, 14.23857], [108.99635, 14.23821], [109.00131, 14.24091], [109.00325, 14.24323], [109.00884, 14.24343], [109.0133, 14.25059], [109.01325, 14.25233], [109.01516, 14.25619], [109.01417, 14.25856], [109.01639, 14.26024], [109.02082, 14.25965], [109.02349, 14.26292], [109.0238, 14.26658], [109.02479, 14.26877], [109.02628, 14.26915], [109.0264, 14.27052], [109.0221, 14.27618], [109.02155, 14.27919], [109.01867, 14.28205], [109.01568, 14.28297], [109.01613, 14.2873], [109.01523, 14.2911], [109.01848, 14.29614], [109.01826, 14.29987], [109.0191, 14.30175], [109.01724, 14.3038], [109.01799, 14.31155], [109.01694, 14.31281], [109.01428, 14.32095], [109.01651, 14.32263], [109.02075, 14.3284], [109.03121, 14.33282], [109.02941, 14.33703], [109.03227, 14.34255], [109.02903, 14.34521], [109.02704, 14.34957], [109.0276, 14.35478], [109.02577, 14.35694], [109.02372, 14.36272], [109.02119, 14.36536], [109.01583, 14.36893], [109.01351, 14.36907], [109.01183, 14.3707], [109.0088, 14.37198], [109.008, 14.37457], [109.00647, 14.37509], [109.00582, 14.37661], [109.00003, 14.37664], [108.99928, 14.37531], [108.99784, 14.37502], [108.99598, 14.3769], [108.99501, 14.37968], [108.99007, 14.38521], [108.9899, 14.38738], [108.9846, 14.38841], [108.98264, 14.38784]]]}}, {"type": "Feature", "properties": {"other_info": "<div id=\"economy\"><span class=\"cms\">Kinh t\u1ebf: </span><p>T\u00e0i nguy\u00ean Kinh t\u1ebf bi\u1ec3n v\u00e0 n\u00f4ng nghi\u1ec7p: Kinh t\u1ebf bi\u1ec3n l\u00e0 m\u1ed9t th\u1ebf m\u1ea1nh quan tr\u1ecdng, g\u1eafn li\u1ec1n v\u1edbi vi\u1ec7c khai th\u00e1c hi\u1ec7u qu\u1ea3 v\u00e0 ch\u1ed1ng khai th\u00e1c h\u1ea3i s\u1ea3n b\u1ea5t h\u1ee3p ph\u00e1p (IUU). Trong n\u00f4ng nghi\u1ec7p, ph\u01b0\u1eddng \u0111\u1ea9y m\u1ea1nh chuy\u1ec3n \u0111\u1ed5i c\u01a1 c\u1ea5u c\u00e2y tr\u1ed3ng, v\u1eadt nu\u00f4i , \u1ee9ng d\u1ee5ng c\u00f4ng ngh\u1ec7 cao v\u00e0 ph\u00e1t tri\u1ec3n c\u00e1c s\u1ea3n ph\u1ea9m \u0111\u1eb7c tr\u01b0ng nh\u01b0 d\u1eeba v\u00e0 rau m\u00e1.</p><p>T\u00e0i nguy\u00ean c\u00f4ng nghi\u1ec7p v\u00e0 l\u00e0ng ngh\u1ec1: Ho\u00e0i Nh\u01a1n t\u1eadp trung ph\u00e1t tri\u1ec3n c\u00f4ng nghi\u1ec7p t\u1ea1i c\u00e1c C\u1ee5m c\u00f4ng nghi\u1ec7p Ng\u1ecdc S\u01a1n v\u00e0 M\u1ef9 An. B\u00ean c\u1ea1nh \u0111\u00f3, ph\u01b0\u1eddng c\u00f3 c\u00e1c l\u00e0ng ngh\u1ec1 truy\u1ec1n th\u1ed1ng s\u1ea3n xu\u1ea5t b\u00e1nh tr\u00e1ng, b\u00fan s\u1ed1 8 v\u00e0 c\u00e1c s\u1ea3n ph\u1ea9m t\u1eeb d\u1eeba, t\u1ea1o ra c\u00e1c s\u1ea3n ph\u1ea9m OCOP \u0111a d\u1ea1ng (t\u1ed5ng c\u1ed9ng 14 s\u1ea3n ph\u1ea9m OCOP).</p></div><div id=\"tourism\"><span class=\"cms\">Du l\u1ecbch: </span><p>T\u00e0i nguy\u00ean Du l\u1ecbch: C\u00f3 ti\u1ec1m n\u0103ng ph\u00e1t tri\u1ec3n m\u1ea1nh m\u1ebd du l\u1ecbch t\u00e2m linh v\u00e0 sinh th\u00e1i nh\u1edd s\u1edf h\u1eefu b\u00e3i bi\u1ec3n, r\u1eebng d\u01b0\u01a1ng c\u00f9ng c\u00e1c di t\u00edch l\u1ecbch s\u1eed - v\u0103n h\u00f3a. C\u00e1c \u0111i\u1ec3m nh\u1ea5n bao g\u1ed3m Di t\u00edch \u0110\u1ec1n th\u1edd Danh nh\u00e2n V\u0103n h\u00f3a \u0110\u00e0o Duy T\u1eeb v\u00e0 Di t\u00edch l\u1ecbch s\u1eed Nh\u00e0 L\u01b0u ni\u1ec7m Chi b\u1ed9 C\u1eedu L\u1ee3i, \u0111\u1ecbnh h\u01b0\u1edbng ph\u00e1t tri\u1ec3n g\u1eafn v\u1edbi du l\u1ecbch sinh th\u00e1i r\u1eebng d\u1eeba v\u00e0 ru\u1ed9ng rau m\u00e1.</p></div><div id=\"other-info-content\"><span class=\"cms\">Th\u00f4ng tin kh\u00e1c: </span><p>Ti\u1ec1m n\u0103ng, th\u1ebf m\u1ea1nh:<br> Ph\u01b0\u1eddng Ho\u00e0i Nh\u01a1n s\u1edf h\u1eefu nhi\u1ec1u l\u1ee3i th\u1ebf v\u01b0\u1ee3t tr\u1ed9i:</p><p> * V\u1ecb tr\u00ed \u0110\u1ecba l\u00fd Chi\u1ebfn l\u01b0\u1ee3c v\u00e0 T\u00e0i nguy\u00ean: Ph\u01b0\u1eddng Ho\u00e0i Nh\u01a1n \u0111\u01b0\u1ee3c th\u00e0nh l\u1eadp tr\u00ean c\u01a1 s\u1edf s\u00e1p nh\u1eadp nguy\u00ean tr\u1ea1ng 03 ph\u01b0\u1eddng Ho\u00e0i Thanh T\u00e2y, Ho\u00e0i Thanh v\u00e0 Tam Quan Nam, c\u00f3 quy m\u00f4 l\u1edbn v\u1edbi di\u1ec7n t\u00edch t\u1ef1 nhi\u00ean 40,32 km\u00b2 v\u00e0 d\u00e2n s\u1ed1 h\u01a1n 43.167 ng\u01b0\u1eddi. </p><p>V\u1ecb tr\u00ed n\u00e0y mang l\u1ea1i l\u1ee3i th\u1ebf k\u1ebft n\u1ed1i v\u00f9ng th\u00f4ng qua vi\u1ec7c \u0111\u1ea7u t\u01b0 c\u00e1c tuy\u1ebfn \u0111\u01b0\u1eddng \u0111\u1ed1i ngo\u1ea1i v\u1edbi c\u00e1c ph\u01b0\u1eddng gi\u00e1p ranh. \u0110\u1eb7c bi\u1ec7t, ph\u01b0\u1eddng s\u1edf h\u1eefu ti\u1ec1m n\u0103ng l\u1edbn t\u1eeb c\u00e1c khu v\u1ef1c ven bi\u1ec3n, ven c\u00e1c con s\u00f4ng (nh\u01b0 s\u00f4ng C\u1ea1n, s\u00f4ng X\u01b0\u1edfng, s\u00f4ng D\u1eeba....) v\u00e0 c\u00e1c \u0111\u1ea7m, b\u00e0u, t\u1ea1o kh\u00f4ng gian thu\u1eadn l\u1ee3i \u0111\u1ec3 ph\u00e1t tri\u1ec3n \u0111\u00f4 th\u1ecb v\u00e0 d\u1ecbch v\u1ee5. </p><p>Ph\u01b0\u1eddng \u0111\u01b0\u1ee3c thi\u00ean nhi\u00ean \u01b0u \u0111\u00e3i v\u1edbi ngu\u1ed3n t\u00e0i nguy\u00ean \u0111a d\u1ea1ng, l\u00e0 n\u1ec1n t\u1ea3ng cho s\u1ef1 ph\u00e1t tri\u1ec3n kinh t\u1ebf - x\u00e3 h\u1ed9i: </p><p> - Ngu\u1ed3n nh\u00e2n l\u1ef1c: V\u1edbi d\u00e2n s\u1ed1 \u0111\u00f4ng, ph\u01b0\u1eddng c\u00f3 ngu\u1ed3n lao \u0111\u1ed9ng d\u1ed3i d\u00e0o, v\u00e0 \u0111\u1ecba ph\u01b0\u01a1ng ch\u00fa tr\u1ecdng c\u00f4ng t\u00e1c \u0111\u00e0o t\u1ea1o ngh\u1ec1 \u0111\u1ec3 \u0111\u00e1p \u1ee9ng y\u00eau c\u1ea7u chuy\u1ec3n d\u1ecbch c\u01a1 c\u1ea5u kinh t\u1ebf. </p><p>* T\u1ed5 ch\u1ee9c B\u1ed9 m\u00e1y v\u00e0 V\u1eadn h\u00e0nh H\u00e0nh ch\u00ednh Hi\u1ec7u qu\u1ea3: </p><p>- S\u1ef1 \u0111\u1ed3ng thu\u1eadn cao t\u1eeb c\u00e1n b\u1ed9 v\u00e0 nh\u00e2n d\u00e2n \u0111\u1ed1i v\u1edbi ch\u1ee7 tr\u01b0\u01a1ng s\u00e1p nh\u1eadp, tinh g\u1ecdn b\u1ed9 m\u00e1y. - B\u1ed9 m\u00e1y ch\u00ednh quy\u1ec1n ho\u1ea1t \u0111\u1ed9ng th\u00f4ng su\u1ed1t, \u1ed5n \u0111\u1ecbnh sau s\u00e1p nh\u1eadp, kh\u00f4ng gi\u00e1n \u0111o\u1ea1n hay khi\u1ebfu n\u1ea1i li\u00ean quan \u0111\u1ebfn b\u00e0n giao, t\u1ed5 ch\u1ee9c c\u00e1n b\u1ed9.</p><p> - Trung t\u00e2m Ph\u1ee5c v\u1ee5 H\u00e0nh ch\u00ednh c\u00f4ng ho\u1ea1t \u0111\u1ed9ng hi\u1ec7u qu\u1ea3, cam k\u1ebft c\u1ea3i c\u00e1ch th\u1ee7 t\u1ee5c h\u00e0nh ch\u00ednh v\u00e0 s\u1ed1 h\u00f3a d\u1ecbch v\u1ee5 c\u00f4ng. </p><p>* \u0110\u1ecbnh h\u01b0\u1edbng Ph\u00e1t tri\u1ec3n Kinh t\u1ebf - X\u00e3 h\u1ed9i: Ph\u01b0\u1eddng Ho\u00e0i Nh\u01a1n \u0111\u1eb7t m\u1ee5c ti\u00eau ph\u00e1t tri\u1ec3n kinh t\u1ebf nhanh v\u00e0 b\u1ec1n v\u1eefng, g\u1eafn li\u1ec1n v\u1edbi vi\u1ec7c n\u00e2ng cao to\u00e0n di\u1ec7n \u0111\u1eddi s\u1ed1ng v\u1eadt ch\u1ea5t v\u00e0 tinh th\u1ea7n c\u1ee7a ng\u01b0\u1eddi d\u00e2n. </p><p>C\u00e1c \u0111\u1ecbnh h\u01b0\u1edbng tr\u1ecdng t\u00e2m bao g\u1ed3m:</p><p> - T\u1ea1o \u0111\u1ed9t ph\u00e1 t\u1eeb kinh t\u1ebf d\u1ecbch v\u1ee5 - du l\u1ecbch: Ch\u00fa tr\u1ecdng ph\u00e1t tri\u1ec3n c\u00e1c ng\u00e0nh d\u1ecbch v\u1ee5, \u0111\u1eb7c bi\u1ec7t l\u00e0 du l\u1ecbch t\u00e2m linh v\u00e0 du l\u1ecbch sinh th\u00e1i, khai th\u00e1c c\u00e1c ti\u1ec1m n\u0103ng \u0111\u1eb7c th\u00f9 c\u1ee7a \u0111\u1ecba ph\u01b0\u01a1ng nh\u01b0 b\u00e3i bi\u1ec3n, r\u1eebng d\u01b0\u01a1ng, v\u00f9ng d\u1eeba, rau m\u00e1 v\u00e0 c\u00e1c di t\u00edch l\u1ecbch s\u1eed - v\u0103n h\u00f3a \u0111\u1ec3 t\u1ea1o \u0111\u1ed9ng l\u1ef1c t\u0103ng tr\u01b0\u1edfng m\u1edbi.</p><p> - Ph\u00e1t tri\u1ec3n c\u00f4ng nghi\u1ec7p v\u00e0 kinh t\u1ebf: \u01afu ti\u00ean ph\u00e1t tri\u1ec3n c\u00f4ng nghi\u1ec7p, thu h\u00fat \u0111\u1ea7u t\u01b0 \u0111\u1ec3 l\u1ea5p \u0111\u1ea7y C\u1ee5m c\u00f4ng nghi\u1ec7p Ng\u1ecdc S\u01a1n v\u00e0 th\u00e0nh l\u1eadp C\u1ee5m c\u00f4ng nghi\u1ec7p M\u1ef9 An. H\u1ed7 tr\u1ee3 c\u00e1c doanh nghi\u1ec7p, c\u01a1 s\u1edf s\u1ea3n xu\u1ea5t trong c\u00e1c l\u0129nh v\u1ef1c nh\u01b0 ch\u1ebf bi\u1ebfn g\u1ed7, may m\u1eb7c, ch\u1ebf bi\u1ebfn th\u1ee7y s\u1ea3n v\u00e0 s\u1ea3n xu\u1ea5t v\u1eadt li\u1ec7u x\u00e2y d\u1ef1ng. T\u1ea1o \u0111i\u1ec1u ki\u1ec7n thu\u1eadn l\u1ee3i cho doanh nghi\u1ec7p kh\u1edfi nghi\u1ec7p, \u0111\u1ed5i m\u1edbi s\u00e1ng t\u1ea1o v\u00e0 n\u00e2ng cao n\u0103ng l\u1ef1c c\u1ea1nh tranh. </p><p>- \u0110\u1ea9y m\u1ea1nh c\u00e1c d\u1ef1 \u00e1n \u0111\u00f4 th\u1ecb v\u00e0 h\u1ea1 t\u1ea7ng l\u1edbn: T\u1eadp trung huy \u0111\u1ed9ng ngu\u1ed3n l\u1ef1c \u0111\u1ea7u t\u01b0 x\u00e2y d\u1ef1ng k\u1ebft c\u1ea5u h\u1ea1 t\u1ea7ng \u0111\u1ed3ng b\u1ed9, \u0111\u1eb7c bi\u1ec7t l\u00e0 ph\u00e1t tri\u1ec3n h\u1ea1 t\u1ea7ng giao th\u00f4ng nh\u01b0 Cao t\u1ed1c B\u1eafc - Nam v\u00e0 n\u0103ng l\u01b0\u1ee3ng b\u1ec1n v\u1eefng nh\u01b0 d\u1ef1 \u00e1n \u0110i\u1ec7n m\u1eb7t tr\u1eddi. \u0110\u1ea9y m\u1ea1nh c\u00e1c d\u1ef1 \u00e1n \u0111\u00f4 th\u1ecb l\u1edbn nh\u01b0 Khu \u0111\u00f4 th\u1ecb B\u00ecnh Ph\u00fa (73,9ha) v\u00e0 Khu \u0111\u00f4 th\u1ecb Tr\u01b0\u1eddng An (23,74ha) \u0111\u1ec3 m\u1edf r\u1ed9ng kh\u00f4ng gian, ph\u00e1t tri\u1ec3n \u0111\u00f4 th\u1ecb v\u0103n minh, hi\u1ec7n \u0111\u1ea1i. </p><p>- Ph\u00e1t tri\u1ec3n ngu\u1ed3n nh\u00e2n l\u1ef1c v\u00e0 n\u00e2ng cao ch\u1ea5t l\u01b0\u1ee3ng s\u1ed1ng: Ch\u00fa tr\u1ecdng c\u00f4ng t\u00e1c \u0111\u00e0o t\u1ea1o ngh\u1ec1 v\u00e0 gi\u1ea3i quy\u1ebft vi\u1ec7c l\u00e0m cho ng\u01b0\u1eddi lao \u0111\u1ed9ng. G\u1eafn ph\u00e1t tri\u1ec3n kinh t\u1ebf v\u1edbi b\u1ea3o v\u1ec7 m\u00f4i tr\u01b0\u1eddng, b\u1ea3o \u0111\u1ea3m an sinh x\u00e3 h\u1ed9i , ph\u1ea5n \u0111\u1ea5u n\u00e2ng cao t\u1ef7 l\u1ec7 h\u1ed9 d\u00e2n s\u1eed d\u1ee5ng n\u01b0\u1edbc s\u1ea1ch t\u1eadp trung v\u00e0 c\u1ea3i thi\u1ec7n to\u00e0n di\u1ec7n \u0111\u1eddi s\u1ed1ng cho Nh\u00e2n d\u00e2n. </p><p>- \u0110\u1ea9y m\u1ea1nh chuy\u1ec3n \u0111\u1ed5i s\u1ed1 v\u00e0 c\u1ea3i c\u00e1ch h\u00e0nh ch\u00ednh: Coi vi\u1ec7c \u1ee9ng d\u1ee5ng khoa h\u1ecdc c\u00f4ng ngh\u1ec7, \u0111\u1ed5i m\u1edbi s\u00e1ng t\u1ea1o v\u00e0 chuy\u1ec3n \u0111\u1ed5i s\u1ed1 l\u00e0 \u0111\u1ed9ng l\u1ef1c then ch\u1ed1t cho t\u0103ng tr\u01b0\u1edfng. X\u00e2y d\u1ef1ng ch\u00ednh quy\u1ec1n \u0111\u00f4 th\u1ecb hi\u1ec7n \u0111\u1ea1i, ph\u1ee5c v\u1ee5 hi\u1ec7u qu\u1ea3 ng\u01b0\u1eddi d\u00e2n v\u00e0 doanh nghi\u1ec7p.</p></div>", "dan_so": "43167", "lanh_dao": "<p>+ Ph\u1ea1m Ti\u1ebfn D\u0169ng<br> B\u00ed th\u01b0 \u0110\u1ea3ng u\u1ef7 Ch\u1ee7 t\u1ecbch H\u0110ND </p><p>0977110119</p><p>+ \u0110\u1eb7ng \u0110\u1ee9c To\u00e0n<br> Ch\u1ee7 t\u1ecbch UBND </p><p>0932433145</p>", "sap_nhap": "Ho\u00e0i Thanh, Tam Quan Nam, Ho\u00e0i Thanh T\u00e2y", "dtich_km2": "40.32", "ma_xa": 68, "tru_so": "<p>+ \u0110\u1ea3ng \u1ee7y-UBND-Trung t\u00e2m Ph\u1ee5c v\u1ee5 h\u00e0nh ch\u00ednh c\u00f4ng</p><p>Khu ph\u1ed1 T\u00e0i L\u01b0\u01a1ng 1, ph\u01b0\u1eddng Ho\u00e0i Nh\u01a1n (Tr\u1ee5 s\u1edf ph\u01b0\u1eddng Ho\u00e0i Thanh T\u00e2y tr\u01b0\u1edbc \u0111\u00e2y)</p><p>+ H\u0110ND-MTTQ</p><p>S\u1ed1 798 B\u00e0 Tri\u1ec7u, khu ph\u1ed1 M\u1ef9 An 2, ph\u01b0\u1eddng Ho\u00e0i Nh\u01a1n (Tr\u1ee5 s\u1edf ph\u01b0\u1eddng Ho\u00e0i Thanh tr\u01b0\u1edbc \u0111\u00e2y)</p>", "url": "https://baogialai.com.vn/dia-phuong/phuong-hoai-nhon/68.html", "ten_xa": "Ph\u01b0\u1eddng Ho\u00e0i Nh\u01a1n", "order": 100}, "geometry": {"type": "Polygon", "coordinates": [[[109.07094, 14.55057], [109.06809, 14.56016], [109.06209, 14.55662], [109.05918, 14.55061], [109.05826, 14.55117], [109.05749, 14.54872], [109.05564, 14.54905], [109.05527, 14.54799], [109.05723, 14.5438], [109.05828, 14.54276], [109.05924, 14.54301], [109.06122, 14.53901], [109.06099, 14.53398], [109.05889, 14.53419], [109.05702, 14.53303], [109.05557, 14.53768], [109.05244, 14.53939], [109.05096, 14.54148], [109.04937, 14.54111], [109.04995, 14.53948], [109.05101, 14.53972], [109.05086, 14.53854], [109.04964, 14.53816], [109.04946, 14.53914], [109.04866, 14.53877], [109.0481, 14.5396], [109.04651, 14.53853], [109.04695, 14.53702], [109.04278, 14.53604], [109.04052, 14.53373], [109.04106, 14.53243], [109.04244, 14.53362], [109.04485, 14.53232], [109.04416, 14.53134], [109.04747, 14.52835], [109.04292, 14.52224], [109.04072, 14.52187], [109.04019, 14.52061], [109.03451, 14.51998], [109.03392, 14.5188], [109.03287, 14.51917], [109.03237, 14.51692], [109.0329, 14.51472], [109.02982, 14.51609], [109.0293, 14.51569], [109.02704, 14.51873], [109.02457, 14.51945], [109.02433, 14.51855], [109.02138, 14.51706], [109.02082, 14.51493], [109.01957, 14.51387], [109.01882, 14.51428], [109.0185, 14.51648], [109.01625, 14.5177], [109.0145, 14.51459], [109.0113, 14.51514], [109.01034, 14.51458], [109.0089, 14.51166], [109.00928, 14.50863], [109.00769, 14.5061], [109.00773, 14.50291], [109.00358, 14.49926], [109.00559, 14.49852], [109.00836, 14.4989], [109.00933, 14.49789], [109.01097, 14.49804], [109.01234, 14.49719], [109.01158, 14.49535], [109.01236, 14.49345], [109.01221, 14.4841], [109.01735, 14.48498], [109.02405, 14.48326], [109.03006, 14.4838], [109.03084, 14.48448], [109.0333, 14.48231], [109.03413, 14.4824], [109.03432, 14.48467], [109.03647, 14.48473], [109.03632, 14.48568], [109.03708, 14.48595], [109.03844, 14.48424], [109.03702, 14.4821], [109.03789, 14.48062], [109.03776, 14.47617], [109.03903, 14.46985], [109.04475, 14.46931], [109.04547, 14.47093], [109.04754, 14.47], [109.05319, 14.47314], [109.055, 14.47764], [109.05813, 14.48108], [109.06607, 14.48455], [109.06458, 14.49036], [109.06565, 14.4909], [109.06634, 14.49544], [109.0683, 14.49806], [109.06837, 14.50002], [109.06948, 14.50142], [109.07035, 14.50128], [109.07186, 14.50306], [109.07355, 14.50106], [109.07644, 14.5066], [109.07793, 14.50705], [109.08181, 14.50639], [109.08162, 14.50783], [109.08891, 14.50935], [109.0855, 14.51478], [109.07919, 14.52889], [109.07094, 14.55057]]]}}, {"type": "Feature", "properties": {"other_info": "", "dan_so": "44581", "lanh_dao": "<p>+&nbsp;Tr\u1ea7n H\u1eefu Th\u1ea3o<br> B\u00ed th\u01b0 \u0110\u1ea3ng \u1ee7y Ch\u1ee7 t\u1ecbch H\u0110ND </p><p>0988801444</p><p>+ Nguy\u1ec5n V\u0103n H\u00f3a<br> Ch\u1ee7 t\u1ecbch UBND </p><p>0972171125</p>", "sap_nhap": "Tam Quan B\u1eafc, Ho\u00e0i S\u01a1n, Ho\u00e0i Ch\u00e2u B\u1eafc", "dtich_km2": "89.45", "ma_xa": 69, "tru_so": "<p>+ \u0110\u1ea3ng \u1ee7y-UBND-Trung t\u00e2m Ph\u1ee5c v\u1ee5 h\u00e0nh ch\u00ednh c\u00f4ng</p><p>S\u1ed1 282 Nguy\u1ec5n Ch\u00ed Thanh, khu ph\u1ed1 T\u00e2n Th\u00e0nh 1, ph\u01b0\u1eddng Ho\u00e0i Nh\u01a1n B\u1eafc (Tr\u1ee5 s\u1edf ph\u01b0\u1eddng Tam Quan B\u1eafc tr\u01b0\u1edbc \u0111\u00e2y)</p><p>+ H\u0110ND-MTTQ</p><p>Khu ph\u1ed1 Quy Thu\u1eadn, ph\u01b0\u1eddng Ho\u00e0i Nh\u01a1n B\u1eafc (Tr\u1ee5 s\u1edf x\u00e3 Ho\u00e0i Ch\u00e2u B\u1eafc tr\u01b0\u1edbc \u0111\u00e2y)</p>", "url": "https://baogialai.com.vn/dia-phuong/phuong-hoai-nhon-bac/69.html", "ten_xa": "Ph\u01b0\u1eddng Ho\u00e0i Nh\u01a1n B\u1eafc", "order": 100}, "geometry": {"type": "Polygon", "coordinates": [[[109.01712, 14.66644], [109.01411, 14.66662], [109.00837, 14.67042], [109.00435, 14.66832], [109.00129, 14.66846], [108.99638, 14.67081], [108.99409, 14.67426], [108.9882, 14.67195], [108.98286, 14.6715], [108.98109, 14.67217], [108.97976, 14.67077], [108.97801, 14.67062], [108.97601, 14.67261], [108.97319, 14.67289], [108.97293, 14.67123], [108.97174, 14.67], [108.96819, 14.66882], [108.96735, 14.66546], [108.96589, 14.66307], [108.96306, 14.66068], [108.96286, 14.65815], [108.96158, 14.65633], [108.95492, 14.65388], [108.95427, 14.65303], [108.95709, 14.64942], [108.9574, 14.64746], [108.95607, 14.64381], [108.95302, 14.64322], [108.95044, 14.63968], [108.95365, 14.63277], [108.9517, 14.62484], [108.95295, 14.61908], [108.95652, 14.61486], [108.95782, 14.6143], [108.95999, 14.60895], [108.9624, 14.60783], [108.9638, 14.60588], [108.96692, 14.6057], [108.9686, 14.60349], [108.97099, 14.60263], [108.97339, 14.60274], [108.98242, 14.59393], [108.98651, 14.59329], [108.99188, 14.58812], [108.99443, 14.58901], [108.99719, 14.58879], [109.00318, 14.58704], [109.00537, 14.58547], [109.00601, 14.58626], [109.0077, 14.58598], [109.00849, 14.58452], [109.00989, 14.58453], [109.00909, 14.58369], [109.01169, 14.58351], [109.01382, 14.58198], [109.01365, 14.58088], [109.01702, 14.58173], [109.01691, 14.57999], [109.02217, 14.57765], [109.02865, 14.57821], [109.02868, 14.57745], [109.03207, 14.57722], [109.03301, 14.57756], [109.03294, 14.57865], [109.03563, 14.57864], [109.04148, 14.58113], [109.04026, 14.57872], [109.0447, 14.57719], [109.0448, 14.57318], [109.04589, 14.57206], [109.04836, 14.57155], [109.048, 14.5696], [109.04945, 14.56885], [109.04861, 14.55672], [109.04759, 14.5552], [109.05004, 14.55423], [109.05143, 14.55533], [109.05318, 14.55512], [109.05793, 14.5582], [109.06168, 14.5567], [109.06302, 14.55688], [109.06809, 14.56016], [109.06701, 14.56883], [109.06953, 14.5752], [109.07108, 14.57657], [109.0773, 14.57469], [109.07012, 14.57708], [109.07069, 14.57831], [109.07584, 14.57699], [109.07894, 14.57889], [109.08245, 14.57776], [109.07935, 14.58103], [109.07401, 14.58219], [109.07296, 14.58357], [109.07173, 14.58369], [109.06668, 14.59048], [109.06212, 14.59197], [109.05979, 14.59106], [109.05551, 14.59833], [109.05416, 14.60286], [109.04819, 14.60386], [109.04847, 14.60832], [109.04506, 14.6092], [109.04411, 14.61134], [109.04633, 14.61518], [109.04662, 14.61765], [109.04572, 14.6198], [109.04238, 14.62303], [109.04252, 14.62484], [109.04525, 14.62555], [109.04592, 14.62731], [109.04576, 14.63021], [109.04301, 14.63599], [109.04012, 14.63821], [109.03951, 14.63992], [109.0358, 14.6414], [109.03895, 14.64125], [109.03704, 14.64502], [109.03562, 14.64531], [109.03469, 14.64814], [109.03168, 14.64883], [109.03081, 14.64644], [109.02699, 14.64744], [109.02759, 14.65085], [109.02447, 14.65244], [109.0231, 14.65714], [109.02029, 14.65742], [109.01765, 14.6603], [109.01658, 14.66443], [109.01712, 14.66644]]]}}, {"type": "Feature", "properties": {"other_info": "", "dan_so": "44634", "lanh_dao": "<p>+&nbsp;Ph\u1ea1m V\u0103n Chung<br> B\u00ed th\u01b0 \u0110\u1ea3ng \u1ee7y Ch\u1ee7 t\u1ecbch H\u0110ND </p><p>0905632379</p><p>+ Nguy\u1ec5n V\u0103n Hi\u1ec7p<br> Ch\u1ee7 t\u1ecbch UBND </p><p>0973121315</p>", "sap_nhap": "Ho\u00e0i H\u01b0\u01a1ng, Ho\u00e0i H\u1ea3i, Ho\u00e0i M\u1ef9", "dtich_km2": "64.36", "ma_xa": 70, "tru_so": "<p>+ \u0110\u1ea3ng \u1ee7y-UBND</p><p>S\u1ed1 50 V\u0103n Ti\u1ebfn D\u0169ng, khu ph\u1ed1 Nhu\u1eadn An \u0110\u00f4ng, ph\u01b0\u1eddng Ho\u00e0i Nh\u01a1n \u0110\u00f4ng (Tr\u1ee5 s\u1edf ph\u01b0\u1eddng Ho\u00e0i H\u01b0\u01a1ng tr\u01b0\u1edbc \u0111\u00e2y)</p><p>+ H\u0110ND-MTTQ</p><p>Khu ph\u1ed1 Kim Giao Nam, P. Ho\u00e0i Nh\u01a1n \u0110\u00f4ng (Tr\u1ee5 s\u1edf x\u00e3 Ho\u00e0i H\u1ea3i tr\u01b0\u1edbc \u0111\u00e2y)</p><p>+ Trung t\u00e2m Ph\u1ee5c v\u1ee5 h\u00e0nh ch\u00ednh c\u00f4ng</p><p>S\u1ed1 1763 V\u00f5 Nguy\u00ean Giap, khu ph\u1ed1 Nhu\u1eadn An \u0110\u00f4ng, ph\u01b0\u1eddng Ho\u00e0i Nh\u01a1n \u0110\u00f4ng (Tr\u1ee5 s\u1edf ph\u01b0\u1eddng Ho\u00e0i H\u01b0\u01a1ng tr\u01b0\u1edbc \u0111\u00e2y)</p>", "url": "https://baogialai.com.vn/dia-phuong/phuong-hoai-nhon-dong/70.html", "ten_xa": "Ph\u01b0\u1eddng Ho\u00e0i Nh\u01a1n \u0110\u00f4ng", "order": 100}, "geometry": {"type": "Polygon", "coordinates": [[[109.08983, 14.50781], [109.08891, 14.50935], [109.08162, 14.50783], [109.08181, 14.50639], [109.07793, 14.50705], [109.07644, 14.5066], [109.07355, 14.50106], [109.07186, 14.50306], [109.0684, 14.50008], [109.0683, 14.49806], [109.06691, 14.49672], [109.06584, 14.49386], [109.06565, 14.4909], [109.06458, 14.49036], [109.06478, 14.48811], [109.06634, 14.4851], [109.06307, 14.48364], [109.06246, 14.48226], [109.0623, 14.47997], [109.06324, 14.47887], [109.06244, 14.47624], [109.06419, 14.47373], [109.05856, 14.47102], [109.05467, 14.46673], [109.05357, 14.45927], [109.04968, 14.45121], [109.04794, 14.44264], [109.04803, 14.43884], [109.04094, 14.43052], [109.04341, 14.42824], [109.04505, 14.42798], [109.04654, 14.42455], [109.04843, 14.42266], [109.05163, 14.42239], [109.05313, 14.42134], [109.0573, 14.42115], [109.0602, 14.41925], [109.06209, 14.41938], [109.06327, 14.42086], [109.06955, 14.42087], [109.07042, 14.4231], [109.07244, 14.42415], [109.07385, 14.42258], [109.07879, 14.42052], [109.08601, 14.41875], [109.08762, 14.4119], [109.09258, 14.40707], [109.09392, 14.40333], [109.09523, 14.40196], [109.09601, 14.39847], [109.09767, 14.398], [109.09903, 14.39856], [109.10335, 14.39686], [109.10375, 14.39539], [109.10873, 14.39114], [109.10936, 14.38931], [109.11802, 14.38952], [109.12015, 14.39158], [109.12706, 14.39457], [109.12119, 14.40647], [109.11539, 14.42318], [109.11643, 14.42805], [109.11936, 14.42969], [109.11842, 14.43213], [109.11884, 14.43668], [109.11956, 14.43743], [109.12227, 14.4375], [109.12298, 14.43899], [109.12208, 14.43968], [109.12473, 14.44449], [109.12409, 14.44561], [109.12231, 14.44587], [109.12064, 14.4495], [109.12077, 14.45146], [109.11913, 14.45246], [109.1009, 14.48423], [109.09116, 14.50313], [109.0894, 14.5051], [109.08885, 14.50697], [109.08983, 14.50781]]]}}, {"type": "Feature", "properties": {"other_info": "", "dan_so": "32707", "lanh_dao": "<p>+&nbsp;Nguy\u1ec5n Xu\u00e2n T\u00fa<br> B\u00ed th\u01b0 \u0110\u1ea3ng u\u1ef7 Ch\u1ee7 t\u1ecbch H\u0110ND </p><p>0914568981</p><p>+ Tr\u1ea7n V\u0103n Th\u01b0<br> Ch\u1ee7 t\u1ecbch UBND </p><p>0965213668</p>", "sap_nhap": "Ho\u00e0i T\u00e2n, Ho\u00e0i Xu\u00e2n", "dtich_km2": "37.67", "ma_xa": 71, "tru_so": "<p>+ \u0110\u1ea3ng \u1ee7y-H\u0110ND-UBND-Trung t\u00e2m Ph\u1ee5c v\u1ee5 h\u00e0nh ch\u00ednh c\u00f4ng</p><p>S\u1ed1 2376 Quang Trung, khu ph\u1ed1 \u0110\u1ec7 \u0110\u1ee9c 3, ph\u01b0\u1eddng Ho\u00e0i Nh\u01a1n Nam (Tr\u1ee5 s\u1edf ph\u01b0\u1eddng Ho\u00e0i T\u00e2n tr\u01b0\u1edbc \u0111\u00e2y)</p><p>+ MTTQ</p><p>S\u1ed1 550 Tr\u01b0\u1eddng Chinh, khu ph\u1ed1 H\u00f2a Trung 2, ph\u01b0\u1eddng Ho\u00e0i Nh\u01a1n Nam (Tr\u1ee5 s\u1edf ph\u01b0\u1eddng Ho\u00e0i Xu\u00e2n tr\u01b0\u1edbc \u0111\u00e2y)</p>", "url": "https://baogialai.com.vn/dia-phuong/phuong-hoai-nhon-nam/71.html", "ten_xa": "Ph\u01b0\u1eddng Ho\u00e0i Nh\u01a1n Nam", "order": 100}, "geometry": {"type": "Polygon", "coordinates": [[[109.00358, 14.49926], [109.0004, 14.49857], [108.99837, 14.49492], [108.99663, 14.49456], [108.99467, 14.49272], [108.99216, 14.4922], [108.98995, 14.48854], [108.98728, 14.48742], [108.98527, 14.48472], [108.98147, 14.48404], [108.97983, 14.48252], [108.98057, 14.47641], [108.97931, 14.47297], [108.98177, 14.47129], [108.98316, 14.46676], [108.98281, 14.46407], [108.98171, 14.46328], [108.98155, 14.46012], [108.98339, 14.4563], [108.98463, 14.45548], [108.98604, 14.45163], [108.98872, 14.45036], [108.98861, 14.44944], [108.99092, 14.44856], [108.99339, 14.44869], [108.99653, 14.44679], [108.9998, 14.4492], [109.00061, 14.44789], [109.00399, 14.44741], [109.01085, 14.4433], [109.01318, 14.44006], [109.01686, 14.43989], [109.01794, 14.44086], [109.02211, 14.44126], [109.02609, 14.4378], [109.03023, 14.4366], [109.03111, 14.43378], [109.03846, 14.42991], [109.04025, 14.42995], [109.04345, 14.43282], [109.04803, 14.43884], [109.04794, 14.44264], [109.04968, 14.45121], [109.05357, 14.45927], [109.05467, 14.46673], [109.05856, 14.47102], [109.06419, 14.47373], [109.06244, 14.47624], [109.06324, 14.47887], [109.0623, 14.47997], [109.06271, 14.48296], [109.05813, 14.48108], [109.055, 14.47764], [109.05319, 14.47314], [109.05009, 14.47195], [109.0491, 14.47066], [109.0469, 14.47004], [109.04547, 14.47093], [109.04475, 14.46931], [109.03903, 14.46985], [109.03776, 14.47617], [109.03789, 14.48062], [109.03702, 14.4821], [109.03844, 14.48424], [109.03708, 14.48595], [109.03632, 14.48568], [109.03647, 14.48473], [109.03432, 14.48467], [109.03413, 14.4824], [109.0333, 14.48231], [109.03084, 14.48448], [109.03006, 14.4838], [109.02405, 14.48326], [109.01735, 14.48498], [109.01221, 14.4841], [109.01236, 14.49345], [109.01158, 14.49535], [109.01234, 14.49719], [109.01097, 14.49804], [109.00933, 14.49789], [109.00836, 14.4989], [109.00559, 14.49852], [109.00358, 14.49926]]]}}, {"type": "Feature", "properties": {"other_info": "", "dan_so": "25572", "lanh_dao": "<p>+&nbsp;Nguy\u1ec5n V\u0103n Ph\u01b0\u1ee3ng<br> B\u00ed th\u01b0 \u0110\u1ea3ng u\u1ef7 Ch\u1ee7 t\u1ecbch H\u0110ND </p><p>0914470303</p><p>+ Nguy\u1ec5n L\u00ea Anh Tu\u1ea5n<br> Ch\u1ee7 t\u1ecbch UBND </p><p>0917470199</p>", "sap_nhap": "Ho\u00e0i H\u1ea3o, Ho\u00e0i Ph\u00fa", "dtich_km2": "78.15", "ma_xa": 72, "tru_so": "<p>+ H\u0110ND-UBND-Trung t\u00e2m Ph\u1ee5c v\u1ee5 h\u00e0nh ch\u00ednh c\u00f4ng</p><p>S\u1ed1 214 \u0111\u01b0\u1eddng B\u00f9i \u0110\u1ee9c S\u01a1n, khu ph\u1ed1 T\u1ea5n Th\u1ea1nh 1, ph\u01b0\u1eddng Ho\u00e0i Nh\u01a1n T\u00e2y (Tr\u1ee5 s\u1edf ph\u01b0\u1eddng Ho\u00e0i H\u1ea3o tr\u01b0\u1edbc \u0111\u00e2y)</p><p>+\u0110\u1ea3ng \u1ee7y-Trung t\u00e2m Ph\u1ee5c v\u1ee5 h\u00e0nh ch\u00ednh c\u00f4ng</p><p>Khu ph\u1ed1 L\u01b0\u01a1ng Th\u1ecd 2, ph\u01b0\u1eddng Ho\u00e0i Nh\u01a1n T\u00e2y (Tr\u1ee5 s\u1edf x\u00e3 Ho\u00e0i Ph\u00fa tr\u01b0\u1edbc \u0111\u00e2y)</p>", "url": "https://baogialai.com.vn/dia-phuong/phuong-hoai-nhon-tay/72.html", "ten_xa": "Ph\u01b0\u1eddng Ho\u00e0i Nh\u01a1n T\u00e2y", "order": 100}, "geometry": {"type": "Polygon", "coordinates": [[[108.95183, 14.60118], [108.94939, 14.60286], [108.94998, 14.59735], [108.94861, 14.59489], [108.94648, 14.59325], [108.94573, 14.58881], [108.94476, 14.58774], [108.94485, 14.5855], [108.94284, 14.58335], [108.94367, 14.58181], [108.94244, 14.57965], [108.94446, 14.57785], [108.9436, 14.57478], [108.94413, 14.57355], [108.94141, 14.57036], [108.93916, 14.56965], [108.93885, 14.56854], [108.94068, 14.56496], [108.93987, 14.55946], [108.94082, 14.55434], [108.94018, 14.54953], [108.94216, 14.54872], [108.945, 14.54911], [108.94628, 14.55093], [108.94811, 14.55064], [108.94921, 14.54931], [108.94931, 14.54849], [108.94853, 14.54816], [108.95055, 14.542], [108.95172, 14.54061], [108.95334, 14.54018], [108.95348, 14.53868], [108.95656, 14.53921], [108.95915, 14.54136], [108.95766, 14.53793], [108.95811, 14.53403], [108.95911, 14.53214], [108.95738, 14.52937], [108.95813, 14.52715], [108.95641, 14.52459], [108.95715, 14.52149], [108.95508, 14.5167], [108.95537, 14.51523], [108.95414, 14.51147], [108.95484, 14.50914], [108.95153, 14.5063], [108.94972, 14.50357], [108.94817, 14.50303], [108.94643, 14.50022], [108.94859, 14.49703], [108.95096, 14.48965], [108.95262, 14.48882], [108.95398, 14.48979], [108.95805, 14.48958], [108.96119, 14.49356], [108.96379, 14.49197], [108.9657, 14.48926], [108.96593, 14.4872], [108.96727, 14.48599], [108.96966, 14.48568], [108.97138, 14.48292], [108.97396, 14.48167], [108.97568, 14.48242], [108.97765, 14.48125], [108.97963, 14.48162], [108.98145, 14.48403], [108.98516, 14.48466], [108.98728, 14.48742], [108.98988, 14.48848], [108.99232, 14.49232], [108.99467, 14.49272], [108.99663, 14.49456], [108.99837, 14.49492], [109.00037, 14.49855], [109.00358, 14.49926], [109.00747, 14.50249], [109.00769, 14.5061], [109.00928, 14.50863], [109.0089, 14.51166], [109.01041, 14.51464], [109.0113, 14.51514], [109.0145, 14.51459], [109.01625, 14.5177], [109.0185, 14.51648], [109.01882, 14.51428], [109.01957, 14.51387], [109.02082, 14.51493], [109.02138, 14.51706], [109.02433, 14.51855], [109.02457, 14.51945], [109.02704, 14.51873], [109.0293, 14.51569], [109.02982, 14.51609], [109.0329, 14.51472], [109.03237, 14.51692], [109.03287, 14.51917], [109.03392, 14.5188], [109.03451, 14.51998], [109.04019, 14.52061], [109.04072, 14.52187], [109.04292, 14.52224], [109.04747, 14.52835], [109.04416, 14.53134], [109.04485, 14.53232], [109.04254, 14.53361], [109.04124, 14.53244], [109.04071, 14.53293], [109.04052, 14.53373], [109.04278, 14.53604], [109.0416, 14.53706], [109.03899, 14.53676], [109.03999, 14.54232], [109.03555, 14.54326], [109.03226, 14.54497], [109.0332, 14.54753], [109.03062, 14.54822], [109.03112, 14.54965], [109.03201, 14.54937], [109.03337, 14.55094], [109.03452, 14.55425], [109.02941, 14.55495], [109.02958, 14.55565], [109.02885, 14.55579], [109.02518, 14.55258], [109.02459, 14.55281], [109.02494, 14.55347], [109.02382, 14.55356], [109.02392, 14.5544], [109.02222, 14.55507], [109.02093, 14.55522], [109.02064, 14.55414], [109.01754, 14.55525], [109.01742, 14.55425], [109.01641, 14.55414], [109.01706, 14.55664], [109.01356, 14.55766], [109.01314, 14.5596], [109.00646, 14.56109], [109.00646, 14.562], [109.00389, 14.56218], [109.00109, 14.56377], [108.99666, 14.56442], [108.99731, 14.56711], [108.99292, 14.56925], [108.99059, 14.57269], [108.98947, 14.57302], [108.98619, 14.57679], [108.98286, 14.57611], [108.98166, 14.57693], [108.97999, 14.57538], [108.97821, 14.57665], [108.97669, 14.57957], [108.97445, 14.57977], [108.9715, 14.583], [108.96875, 14.58401], [108.96731, 14.58357], [108.96668, 14.58585], [108.96398, 14.58909], [108.96169, 14.59029], [108.9604, 14.59566], [108.9563, 14.59791], [108.95431, 14.60235], [108.95317, 14.60258], [108.95183, 14.60118]]]}}, {"type": "Feature", "properties": {"other_info": "<div id=\"ethnicity\"><span class=\"cms\">D\u00e2n t\u1ed9c: </span><p>T\u1ef7 l\u1ec7 \u0111\u1ed3ng b\u00e0o DTTS<br> 13,00%</p></div>", "dan_so": "46358", "lanh_dao": "<p>+&nbsp;V\u00f5 Ph\u00fac \u00c1nh<br> B\u00ed th\u01b0 \u0110\u1ea3ng u\u1ef7 Ch\u1ee7 t\u1ecbch H\u0110ND </p><p>0905103285</p><p>+ V\u0169 M\u1ea1nh \u0110\u1ecbnh<br> Ch\u1ee7 t\u1ecbch UBND </p><p>0989695689</p>", "sap_nhap": "Tr\u00e0 B\u00e1, Chi L\u0103ng, H\u1ed9i Ph\u00fa", "dtich_km2": "34.86", "ma_xa": 73, "tru_so": "<p>+ \u0110\u1ea3ng \u1ee7y, MTTQ</p><p>S\u1ed1 389 \u0111\u01b0\u1eddng Nguy\u1ec5n Vi\u1ebft Xu\u00e2n, ph\u01b0\u1eddng H\u1ed9i Ph\u00fa, t\u1ec9nh Gia Lai</p><p>+ H\u0110ND-UBND-Trung t\u00e2m Ph\u1ee5c v\u1ee5 h\u00e0nh ch\u00ednh c\u00f4ng</p><p>S\u1ed1 188 \u0111\u01b0\u1eddng Tr\u01b0\u1eddng Chinh, ph\u01b0\u1eddng H\u1ed9i Ph\u00fa</p>", "url": "https://baogialai.com.vn/dia-phuong/phuong-hoi-phu/73.html", "ten_xa": "Ph\u01b0\u1eddng H\u1ed9i Ph\u00fa", "order": 100}, "geometry": {"type": "Polygon", "coordinates": [[[108.00952, 13.97392], [108.0069, 13.97376], [108.0054, 13.96771], [108.00304, 13.96567], [108.0035, 13.96532], [108.00196, 13.96268], [107.99829, 13.96321], [107.99151, 13.96173], [107.9965, 13.95297], [108.00179, 13.94955], [108.00034, 13.94786], [108.00177, 13.94445], [108.00121, 13.94236], [107.99445, 13.93942], [107.99512, 13.93651], [107.99423, 13.93536], [107.99467, 13.9348], [107.99205, 13.93293], [108.00605, 13.92479], [108.00521, 13.91535], [107.9993, 13.91445], [107.99613, 13.91281], [107.99668, 13.91179], [107.99619, 13.91151], [107.99725, 13.91063], [107.99845, 13.91148], [108.00314, 13.91033], [108.00565, 13.90713], [108.00587, 13.90445], [108.00711, 13.90446], [108.00756, 13.90312], [108.00859, 13.90345], [108.00867, 13.90135], [108.01222, 13.90034], [108.01289, 13.89691], [108.01212, 13.89595], [108.01253, 13.89153], [108.01134, 13.89109], [108.01119, 13.88914], [108.01016, 13.88772], [108.01246, 13.88254], [108.01238, 13.88066], [108.01331, 13.88039], [108.01497, 13.8816], [108.01812, 13.88214], [108.01915, 13.88372], [108.0195, 13.8872], [108.01844, 13.88937], [108.01745, 13.88976], [108.02084, 13.89478], [108.02289, 13.89616], [108.0293, 13.89766], [108.02867, 13.90208], [108.03024, 13.90386], [108.02861, 13.90842], [108.02912, 13.91011], [108.03101, 13.91158], [108.03717, 13.91235], [108.04119, 13.91642], [108.04537, 13.91873], [108.04814, 13.922], [108.04837, 13.92349], [108.04726, 13.92863], [108.04501, 13.93181], [108.04666, 13.93576], [108.04634, 13.93763], [108.04527, 13.93671], [108.04538, 13.93583], [108.04401, 13.93621], [108.043, 13.93433], [108.04109, 13.93564], [108.04212, 13.93743], [108.03998, 13.93928], [108.03992, 13.94144], [108.04254, 13.947], [108.04172, 13.94996], [108.04293, 13.95126], [108.04186, 13.95232], [108.04161, 13.95578], [108.0408, 13.95607], [108.04207, 13.95741], [108.0421, 13.95886], [108.0411, 13.95945], [108.0414, 13.96076], [108.03999, 13.96226], [108.03895, 13.96219], [108.03731, 13.96537], [108.03399, 13.96683], [108.03207, 13.96669], [108.03248, 13.97141], [108.03154, 13.97159], [108.02928, 13.97188], [108.02114, 13.97026], [108.02089, 13.96561], [108.01176, 13.9663], [108.01091, 13.96767], [108.00966, 13.96679], [108.00843, 13.96922], [108.01063, 13.97155], [108.00952, 13.97392]]]}}, {"type": "Feature", "properties": {"other_info": "", "dan_so": "14314", "lanh_dao": "<p>+&nbsp;V\u00f5 Tr\u1ecdng Nh\u00e2n<br> B\u00ed th\u01b0 \u0110\u1ea3ng u\u1ef7 Ch\u1ee7 t\u1ecbch H\u0110ND </p><p>0914481686</p><p>+ H\u00e0 Tr\u1ecdng D\u01b0\u1ee1ng<br> Ch\u1ee7 t\u1ecbch UBND </p><p>0919161664</p>", "sap_nhap": "C\u00e1t L\u00e2m, C\u00e1t S\u01a1n", "dtich_km2": "182.34", "ma_xa": 74, "tru_so": "<p>+ \u0110\u1ea3ng \u1ee7y - MTTQ&nbsp;</p><p>Th\u00f4n Th\u1ea1ch B\u00e0n T\u00e2y, x\u00e3 H\u1ed9i S\u01a1n (Tr\u1ee5 s\u1edf x\u00e3 C\u00e1t S\u01a1n tr\u01b0\u1edbc \u0111\u00e2y)</p><p>+ H\u0110ND-UBND-Trung t\u00e2m Ph\u1ee5c v\u1ee5 h\u00e0nh ch\u00ednh c\u00f4ng</p><p>Th\u00f4n An \u0110i\u1ec1m, x\u00e3 H\u1ed9i S\u01a1n (Tr\u1ee5 s\u1edf x\u00e3 C\u00e1t L\u00e2m tr\u01b0\u1edbc \u0111\u00e2y)</p>", "url": "https://baogialai.com.vn/dia-phuong/xa-hoi-son/74.html", "ten_xa": "X\u00e3 H\u1ed9i S\u01a1n", "order": 100}, "geometry": {"type": "Polygon", "coordinates": [[[108.95229, 14.22223], [108.94996, 14.22207], [108.94833, 14.22036], [108.94605, 14.21942], [108.94239, 14.21166], [108.93868, 14.21009], [108.939, 14.20616], [108.93593, 14.20457], [108.9356, 14.2029], [108.93422, 14.2018], [108.93169, 14.19683], [108.9281, 14.19545], [108.92745, 14.19407], [108.92261, 14.1959], [108.92049, 14.19546], [108.91883, 14.194], [108.90958, 14.19407], [108.90815, 14.1935], [108.90593, 14.19402], [108.90008, 14.19167], [108.89902, 14.18184], [108.89446, 14.17974], [108.89396, 14.17706], [108.89207, 14.17541], [108.89158, 14.1698], [108.88872, 14.16687], [108.88824, 14.16225], [108.88454, 14.1591], [108.88453, 14.15564], [108.88108, 14.15825], [108.88068, 14.16047], [108.87794, 14.16157], [108.87431, 14.16699], [108.87257, 14.16341], [108.86819, 14.15959], [108.87027, 14.1598], [108.87025, 14.15907], [108.8725, 14.15772], [108.87111, 14.15412], [108.87319, 14.15301], [108.87238, 14.14955], [108.873, 14.14728], [108.86886, 14.14287], [108.86923, 14.14174], [108.86843, 14.14032], [108.86986, 14.1366], [108.87356, 14.13679], [108.87505, 14.13535], [108.87533, 14.13024], [108.87786, 14.13228], [108.88118, 14.13319], [108.88244, 14.13475], [108.88642, 14.13398], [108.88749, 14.13212], [108.88916, 14.13329], [108.89133, 14.13194], [108.89357, 14.13164], [108.89515, 14.13243], [108.89614, 14.1341], [108.89883, 14.13265], [108.89823, 14.12636], [108.90097, 14.11912], [108.90013, 14.11827], [108.89583, 14.11789], [108.89519, 14.11536], [108.89153, 14.11127], [108.89704, 14.09715], [108.89569, 14.0945], [108.8977, 14.09196], [108.89537, 14.08548], [108.89687, 14.08366], [108.90218, 14.08043], [108.90528, 14.0732], [108.90743, 14.06301], [108.90944, 14.06003], [108.9111, 14.05942], [108.91483, 14.05336], [108.91871, 14.03794], [108.92132, 14.03332], [108.92389, 14.03301], [108.9249, 14.02931], [108.92855, 14.03468], [108.92823, 14.03639], [108.92891, 14.03691], [108.92772, 14.04058], [108.93308, 14.04485], [108.94148, 14.0467], [108.94672, 14.04589], [108.94815, 14.04711], [108.95098, 14.04741], [108.95437, 14.04091], [108.95695, 14.04666], [108.96137, 14.04644], [108.96147, 14.04524], [108.96276, 14.04404], [108.96841, 14.04214], [108.96784, 14.0435], [108.96822, 14.0471], [108.97125, 14.04783], [108.98664, 14.04776], [108.9869, 14.05607], [108.99192, 14.05696], [109.00523, 14.06984], [109.00823, 14.07015], [109.00989, 14.07442], [109.01243, 14.07593], [109.011, 14.0786], [109.01263, 14.07921], [109.01241, 14.08015], [109.01059, 14.07965], [109.00869, 14.08055], [109.00771, 14.0833], [109.0084, 14.08358], [109.00468, 14.08537], [109.00298, 14.08972], [109.00082, 14.09121], [109.00176, 14.09387], [109.00088, 14.09769], [109.00194, 14.10107], [109.00369, 14.10259], [109.00354, 14.10441], [109.00118, 14.10363], [109.00025, 14.11079], [108.99766, 14.11483], [108.99641, 14.11919], [108.99772, 14.12409], [108.99463, 14.12833], [108.9938, 14.13116], [108.99001, 14.13549], [108.99083, 14.14183], [108.98825, 14.14498], [108.98789, 14.14877], [108.98563, 14.1514], [108.99047, 14.15672], [108.98986, 14.16066], [108.98563, 14.16893], [108.9823, 14.17247], [108.981, 14.17552], [108.97772, 14.17583], [108.97053, 14.17981], [108.96539, 14.18611], [108.96443, 14.19135], [108.96613, 14.19538], [108.96442, 14.19786], [108.96722, 14.20062], [108.97052, 14.20902], [108.97173, 14.2147], [108.97003, 14.21671], [108.96482, 14.21602], [108.96037, 14.21718], [108.95577, 14.21648], [108.95229, 14.22223]]]}}, {"type": "Feature", "properties": {"other_info": "<div id=\"ethnicity\"><span class=\"cms\">D\u00e2n t\u1ed9c: </span><p>T\u1ef7 l\u1ec7 \u0111\u1ed3ng b\u00e0o DTTS<br> 57,00%</p></div><div id=\"other-info-content\"><span class=\"cms\">Th\u00f4ng tin kh\u00e1c: </span><p>Ti\u1ec1m n\u0103ng, th\u1ebf m\u1ea1nh:<br> V\u1ec1 ng\u00e0nh n\u00f4ng - l\u00e2m nghi\u1ec7p: - X\u00e3 c\u00f3 \u0111i\u1ec1u ki\u1ec7n thu\u1eadn l\u1ee3i nh\u01b0 di\u1ec7n t\u00edch \u0111\u1ea5t n\u00f4ng nghi\u1ec7p, l\u00e2m nghi\u1ec7p r\u1ed9ng l\u1edbn, ngu\u1ed3n n\u01b0\u1edbc d\u1ed3i d\u00e0o, kh\u00ed h\u1eadu t\u01b0\u01a1ng \u0111\u1ed1i thu\u1eadn l\u1ee3i v\u00e0 v\u1ecb tr\u00ed \u0111\u1ecba l\u00fd chi\u1ebfn l\u01b0\u1ee3c. </p><p>- Di\u1ec7n t\u00edch \u0111\u1ea5t n\u00f4ng nghi\u1ec7p \u0111\u01b0\u1ee3c khai th\u00e1c hi\u1ec7u qu\u1ea3, \u1ed5n \u0111\u1ecbnh, c\u00f3 th\u1ec3 ph\u00e1t tri\u1ec3n nhi\u1ec1u lo\u1ea1i c\u00e2y tr\u1ed3ng v\u00e0 v\u1eadt nu\u00f4i ph\u00f9 h\u1ee3p v\u1edbi \u0111i\u1ec1u ki\u1ec7n \u0111\u1ecba ph\u01b0\u01a1ng nh\u01b0: L\u00faa, ng\u00f4, c\u00e0 ph\u00ea, ti\u00eau, cao su, c\u00e2y \u0103n qu\u1ea3..., \u0111\u1ed3ng th\u1eddi ph\u00e1t tri\u1ec3n c\u1ea3 v\u1ec1 s\u1ed1 l\u01b0\u1ee3ng v\u00e0 ch\u1ea5t l\u01b0\u1ee3ng \u0111\u00e0n gia s\u00fac (b\u00f2, b\u00f2 lai, l\u1ee3n), gia c\u1ea7m.</p><p> - X\u00e3 c\u00f3 di\u1ec7n t\u00edch r\u1eebng v\u00e0 \u0111\u1ea5t l\u00e2m nghi\u1ec7p l\u1edbn, c\u00f3 th\u1ec3 ph\u00e1t tri\u1ec3n l\u00e2m nghi\u1ec7p theo h\u01b0\u1edbng b\u1ec1n v\u1eefng, k\u1ebft h\u1ee3p v\u1edbi b\u1ea3o v\u1ec7 m\u00f4i tr\u01b0\u1eddng v\u00e0 ph\u00e1t tri\u1ec3n du l\u1ecbch sinh th\u00e1i. </p><p>S\u1ea3n xu\u1ea5t c\u00f4ng nghi\u1ec7p - x\u00e2y d\u1ef1ng: Tr\u00ean \u0111\u1ecba b\u00e0n x\u00e3 c\u00f3 01 Nh\u00e0 m\u00e1y s\u1ea3n xu\u1ea5t ch\u1ebf bi\u1ebfn tinh b\u1ed9t s\u1eafn; 04 c\u00f4ng ty tr\u00e1ch nhi\u1ec7m h\u1eefu h\u1ea1n m\u1ed9t th\u00e0nh vi\u00ean, c\u00e1c doanh nghi\u1ec7p thu mua v\u00e0 s\u01a1 ch\u1ebf n\u00f4ng s\u1ea3n, 02 m\u1ecf kho\u00e1ng s\u1ea3n ... \u0111\u00e3 t\u1ea1o c\u00f4ng \u0103n vi\u1ec7c l\u00e0m cho ng\u01b0\u1eddi lao \u0111\u1ed9ng; ngo\u00e0i ra c\u00f2n c\u00f3 c\u00e1c \u0111i\u1ec3m s\u1ea3n xu\u1ea5t mang t\u00ednh ch\u1ea5t c\u00e1 th\u1ec3 h\u1ed9 gia \u0111\u00ecnh, s\u1ea3n ph\u1ea9m ch\u1ee7 y\u1ebfu ph\u1ee5c v\u1ee5 nhu c\u1ea7u \u1edf \u0111\u1ecba ph\u01b0\u01a1ng nh\u01b0 s\u1eeda ch\u1eefa c\u01a1 kh\u00ed, may m\u1eb7c. </p><p>C\u00f3 8 s\u1ea3n ph\u1ea9m Ocop theo \u0111\u00fang chu\u1ea9n quy tr\u00ecnh (4 s\u1ea3n ph\u1ea9m \u0111\u1ea1t ti\u00eau chu\u1ea9n 4 sao, 4 s\u1ea3n ph\u1ea9m \u0111\u1ea1t ti\u00eau chu\u1ea9n 3 sao). </p><p>Th\u01b0\u01a1ng mai, d\u1ecbch v\u1ee5: - X\u00e3 c\u00f3 v\u1ecb tr\u00ed giao th\u00f4ng r\u1ea5t thu\u1eadn l\u1ee3i n\u1eb1m tr\u00ean tr\u1ee5c QL19, cao t\u1ed1c Quy Nh\u01a1n-Pleiku... c\u00f3 \u0111i\u1ec1u ki\u1ec7n thu\u1eadn l\u1ee3i ph\u00e1t tri\u1ec3n kinh t\u1ebf - x\u00e3 h\u1ed9i, th\u01b0\u01a1ng m\u1ea1i- d\u1ecbch v\u1ee5, k\u1ebft n\u1ed1i v\u00f9ng v\u00e0 nhi\u1ec1u l\u1ee3i th\u1ebf, ti\u1ec1m n\u0103ng ph\u00e1t tri\u1ec3n. </p><p>- Th\u1ecb tr\u01b0\u1eddng h\u00e0ng h\u00f3a phong ph\u00fa, \u0111\u00e1p \u1ee9ng nhu c\u1ea7u s\u1ea3n xu\u1ea5t v\u00e0 ti\u00eau d\u00f9ng c\u1ee7a Nh\u00e2n d\u00e2n. M\u1ea1ng l\u01b0\u1edbi cung c\u1ea5p, b\u00e1n l\u1ebb h\u00e0ng h\u00f3a, d\u1ecbch v\u1ee5 \u0111\u01b0\u1ee3c ph\u00e2n b\u1ed1 r\u1ed9ng kh\u1eafp, \u0111\u1ea3m b\u1ea3o cung c\u1ea7u. </p></div>", "dan_so": "14355", "lanh_dao": "<p>+&nbsp;\u0110inh Th\u1ecb Minh H\u00e0<br> B\u00ed th\u01b0 \u0110\u1ea3ng \u1ee7y-Ch\u1ee7 t\u1ecbch H\u0110ND </p><p>0935202289</p><p>+ V\u00f5 Minh Quang<br> Ch\u1ee7 t\u1ecbch UBND </p><p>0968990479</p>", "sap_nhap": "\u0110ak Ta Ley, Hra", "dtich_km2": "230.89", "ma_xa": 75, "tru_so": "<p>+ \u0110\u1ea3ng \u1ee7y-H\u0110ND-UBND-Trung t\u00e2m Ph\u1ee5c v\u1ee5 h\u00e0nh ch\u00ednh c\u00f4ng</p><p>Th\u00f4n Nh\u01a1n T\u00e2n, x\u00e3 Hra, t\u1ec9nh Gia Lai</p><p>+ MTTQ<br> Nh\u00e0 v\u0103n h\u00f3a x\u00e3 \u0110\u0103k Ta Ley, th\u00f4n Nh\u01a1n T\u00e2n, x\u00e3 Hra</p>", "url": "https://baogialai.com.vn/dia-phuong/xa-hra/75.html", "ten_xa": "X\u00e3 Hra", "order": 100}, "geometry": {"type": "Polygon", "coordinates": [[[108.37908, 14.1713], [108.37736, 14.17237], [108.37551, 14.17118], [108.37367, 14.17167], [108.36883, 14.16808], [108.36952, 14.16663], [108.36904, 14.16541], [108.36547, 14.16403], [108.35916, 14.16373], [108.35816, 14.16065], [108.36208, 14.15625], [108.36022, 14.15452], [108.35861, 14.15485], [108.35715, 14.15311], [108.35794, 14.14921], [108.3565, 14.14175], [108.35788, 14.13758], [108.3564, 14.13563], [108.35693, 14.13068], [108.3595, 14.12421], [108.36027, 14.11575], [108.36377, 14.11468], [108.36624, 14.11292], [108.37113, 14.10451], [108.37009, 14.10081], [108.36867, 14.10029], [108.36799, 14.09658], [108.36618, 14.094], [108.36682, 14.08919], [108.36602, 14.08716], [108.36564, 14.07962], [108.36732, 14.0766], [108.36714, 14.07511], [108.36807, 14.075], [108.36771, 14.07331], [108.36868, 14.07091], [108.36827, 14.06692], [108.37054, 14.06653], [108.36981, 14.06404], [108.37006, 14.05942], [108.37175, 14.05902], [108.37207, 14.05682], [108.37032, 14.05603], [108.3664, 14.05655], [108.36567, 14.05572], [108.36686, 14.05538], [108.36647, 14.05445], [108.36736, 14.05167], [108.3662, 14.05238], [108.36135, 14.05171], [108.36042, 14.05012], [108.35871, 14.05008], [108.35799, 14.0471], [108.35617, 14.04677], [108.35531, 14.04516], [108.35384, 14.04792], [108.35308, 14.04782], [108.35401, 14.04696], [108.35371, 14.0464], [108.3496, 14.04777], [108.3483, 14.05383], [108.34926, 14.05685], [108.34438, 14.0543], [108.34233, 14.05764], [108.34226, 14.05949], [108.33948, 14.06206], [108.33926, 14.06671], [108.34048, 14.07082], [108.3363, 14.07091], [108.33481, 14.06999], [108.33461, 14.06838], [108.33244, 14.06755], [108.32952, 14.07101], [108.32962, 14.07209], [108.32634, 14.07368], [108.32457, 14.07359], [108.32251, 14.07213], [108.3186, 14.07372], [108.31759, 14.07272], [108.31978, 14.07223], [108.32042, 14.06799], [108.31545, 14.06719], [108.31638, 14.06519], [108.31611, 14.06253], [108.31245, 14.06229], [108.30858, 14.05887], [108.30621, 14.05879], [108.30605, 14.05816], [108.30706, 14.05387], [108.3107, 14.05105], [108.31245, 14.04705], [108.3155, 14.0447], [108.32032, 14.03502], [108.31979, 14.03032], [108.31869, 14.02825], [108.31687, 14.02696], [108.31542, 14.02074], [108.31561, 14.00949], [108.31389, 14.00772], [108.31216, 14.0037], [108.3148, 13.99965], [108.31626, 13.99875], [108.31673, 13.99781], [108.31619, 13.99734], [108.32188, 13.99195], [108.32524, 13.98248], [108.32814, 13.98081], [108.32855, 13.97882], [108.33124, 13.97564], [108.33531, 13.97696], [108.33627, 13.97859], [108.3373, 13.97884], [108.33877, 13.97667], [108.34115, 13.97635], [108.34155, 13.97546], [108.34422, 13.97459], [108.34543, 13.97596], [108.35293, 13.9776], [108.35444, 13.98099], [108.35748, 13.98405], [108.36184, 13.98498], [108.36411, 13.98769], [108.36825, 13.99069], [108.37011, 13.99034], [108.371, 13.98835], [108.37006, 13.9875], [108.36902, 13.98237], [108.36777, 13.98223], [108.36692, 13.98049], [108.36658, 13.97815], [108.36897, 13.97397], [108.36819, 13.97272], [108.37203, 13.97084], [108.37266, 13.96857], [108.37141, 13.96625], [108.37111, 13.9631], [108.3719, 13.96154], [108.37378, 13.96056], [108.37487, 13.95607], [108.3796, 13.94736], [108.38361, 13.93311], [108.38895, 13.93713], [108.39016, 13.9423], [108.39157, 13.94423], [108.39147, 13.94567], [108.39322, 13.94736], [108.39443, 13.95018], [108.39536, 13.95071], [108.39737, 13.94969], [108.40236, 13.95072], [108.40397, 13.95028], [108.40622, 13.95646], [108.41088, 13.95846], [108.41431, 13.96583], [108.41652, 13.96851], [108.41459, 13.98228], [108.41554, 13.98553], [108.41601, 13.99644], [108.4177, 14.00153], [108.42007, 14.00427], [108.42246, 14.00473], [108.42297, 14.00728], [108.4201, 14.01265], [108.42139, 14.01532], [108.41995, 14.02243], [108.42063, 14.02444], [108.42331, 14.02856], [108.43392, 14.02839], [108.43049, 14.0383], [108.43523, 14.05877], [108.43876, 14.06235], [108.43927, 14.06401], [108.44551, 14.06854], [108.44517, 14.07096], [108.44604, 14.07286], [108.45208, 14.07816], [108.45589, 14.07948], [108.45762, 14.08413], [108.46116, 14.08735], [108.46373, 14.09191], [108.46104, 14.10077], [108.46112, 14.10532], [108.46019, 14.10904], [108.46149, 14.11215], [108.46141, 14.11655], [108.46042, 14.11897], [108.45759, 14.12015], [108.45458, 14.12536], [108.45474, 14.1269], [108.45319, 14.12777], [108.4531, 14.13024], [108.45186, 14.1312], [108.45023, 14.13502], [108.44609, 14.13649], [108.44412, 14.14324], [108.44276, 14.14527], [108.44408, 14.14769], [108.44338, 14.14849], [108.44278, 14.15402], [108.4401, 14.15659], [108.44058, 14.15845], [108.43874, 14.16453], [108.43483, 14.16668], [108.43549, 14.16883], [108.43148, 14.16876], [108.43056, 14.16786], [108.42754, 14.16969], [108.42264, 14.16813], [108.42116, 14.16921], [108.41917, 14.16914], [108.41717, 14.16785], [108.41491, 14.16452], [108.41263, 14.16367], [108.40867, 14.16442], [108.4068, 14.16747], [108.40494, 14.16843], [108.40243, 14.16684], [108.40132, 14.16239], [108.39993, 14.16114], [108.39623, 14.16044], [108.39329, 14.15888], [108.3935, 14.1552], [108.39122, 14.15502], [108.39037, 14.15578], [108.38722, 14.15537], [108.38609, 14.15667], [108.3861, 14.15917], [108.38418, 14.16023], [108.38383, 14.16352], [108.37892, 14.16516], [108.38222, 14.1675], [108.38128, 14.16946], [108.37925, 14.16958], [108.37908, 14.1713]]]}}, {"type": "Feature", "properties": {"other_info": "<div id=\"economy\"><span class=\"cms\">Kinh t\u1ebf: </span><p>\u0110\u1ecbnh h\u01b0\u1edbng ph\u00e1t tri\u1ec3n KTXH:&nbsp;Ph\u00e1t tri\u1ec3n kinh t\u1ebf n\u00f4ng th\u00f4n</p></div><div id=\"ethnicity\"><span class=\"cms\">D\u00e2n t\u1ed9c: </span><p>T\u1ef7 l\u1ec7 \u0111\u1ed3ng b\u00e0o DTTS:&nbsp;75,00%</p></div>", "dan_so": "31.035", "lanh_dao": "<p>+ Y \u0110\u1ee9c Th\u00e0nh,&nbsp;B\u00ed th\u01b0 \u0110\u1ea3ng u\u1ef7 - Ch\u1ee7 t\u1ecbch H\u0110ND (\u0110t: 0905146848)</p><p>+ Nguy\u1ec5n Tr\u01b0\u1eddng Sinh,&nbsp;Ch\u1ee7 t\u1ecbch UBND (\u0110t: 0965221166)</p>", "sap_nhap": "Ia B\u0103ng (huy\u1ec7n \u0110ak \u0110oa), Ad\u01a1k, Ia P\u1ebft", "dtich_km2": "116,24", "ma_xa": 76, "tru_so": "<p>+ \u0110\u1ea3ng \u1ee7y-H\u0110ND-UBND-Trung t\u00e2m PVHCC: Th\u00f4n Broch, x\u00e3 Ia B\u0103ng</p><p>+ MTTQ: Th\u00f4n Ad\u01a1k K\u00f4ng, x\u00e3 Ia B\u0103ng</p>", "url": "https://baogialai.com.vn/dia-phuong/xa-ia-bang/76.html", "ten_xa": "X\u00e3 Ia B\u0103ng", "order": 100}, "geometry": {"type": "Polygon", "coordinates": [[[108.10046, 13.9764], [108.09893, 13.98109], [108.09793, 13.97946], [108.09473, 13.97888], [108.09447, 13.978], [108.09056, 13.97683], [108.08953, 13.97558], [108.09095, 13.97555], [108.0893, 13.97491], [108.08929, 13.97359], [108.09366, 13.96845], [108.09256, 13.96711], [108.09173, 13.96721], [108.09207, 13.96662], [108.09006, 13.96453], [108.09013, 13.96336], [108.08946, 13.96368], [108.08642, 13.9614], [108.08277, 13.96085], [108.08224, 13.96221], [108.07887, 13.96351], [108.07848, 13.96502], [108.07741, 13.96451], [108.07762, 13.96315], [108.07941, 13.96132], [108.08014, 13.95562], [108.07919, 13.95533], [108.07837, 13.95628], [108.07813, 13.95355], [108.07288, 13.94936], [108.06676, 13.94811], [108.06453, 13.94925], [108.06243, 13.94847], [108.06267, 13.94701], [108.06103, 13.9462], [108.06073, 13.94713], [108.05996, 13.94711], [108.05241, 13.9452], [108.05087, 13.94333], [108.05052, 13.94387], [108.04765, 13.94285], [108.0463, 13.93929], [108.04707, 13.93705], [108.045, 13.93188], [108.04726, 13.92863], [108.04814, 13.922], [108.04463, 13.91806], [108.04119, 13.91642], [108.03662, 13.912], [108.03101, 13.91158], [108.02912, 13.91011], [108.02861, 13.90842], [108.03024, 13.90386], [108.02867, 13.90208], [108.0293, 13.89766], [108.02289, 13.89616], [108.02084, 13.89478], [108.01745, 13.88976], [108.01844, 13.88937], [108.01959, 13.88686], [108.0182, 13.88223], [108.01497, 13.8816], [108.01345, 13.8804], [108.01238, 13.88066], [108.00682, 13.87271], [107.99892, 13.86637], [107.99892, 13.85591], [108.00139, 13.85442], [108.00314, 13.85452], [108.00539, 13.85174], [108.0071, 13.85137], [108.00814, 13.84928], [108.01017, 13.85384], [108.01295, 13.85564], [108.01339, 13.85807], [108.02035, 13.85659], [108.02933, 13.85255], [108.03026, 13.85353], [108.03019, 13.85483], [108.03315, 13.85448], [108.03998, 13.85708], [108.04032, 13.85491], [108.04344, 13.85472], [108.04432, 13.8533], [108.0455, 13.85367], [108.04717, 13.85256], [108.04833, 13.85304], [108.04931, 13.8521], [108.05022, 13.85253], [108.04932, 13.85359], [108.05227, 13.85491], [108.05464, 13.85398], [108.05533, 13.85221], [108.05651, 13.85159], [108.059, 13.85443], [108.06999, 13.85687], [108.07714, 13.86125], [108.08118, 13.86064], [108.08405, 13.86172], [108.08435, 13.86104], [108.08683, 13.86115], [108.08809, 13.85977], [108.09266, 13.85925], [108.09696, 13.86072], [108.09849, 13.86032], [108.09897, 13.85857], [108.10012, 13.8596], [108.10308, 13.85991], [108.10426, 13.86209], [108.10631, 13.86274], [108.11054, 13.86115], [108.11362, 13.86231], [108.12208, 13.86124], [108.12385, 13.86235], [108.12484, 13.86459], [108.12681, 13.8664], [108.13215, 13.86753], [108.13403, 13.86721], [108.13408, 13.86899], [108.13499, 13.86872], [108.13707, 13.87416], [108.15222, 13.89936], [108.15259, 13.90257], [108.14756, 13.90326], [108.13002, 13.91314], [108.12597, 13.90483], [108.1206, 13.90767], [108.12063, 13.90856], [108.11535, 13.90918], [108.12466, 13.91643], [108.12386, 13.91863], [108.12424, 13.92151], [108.12131, 13.92403], [108.12034, 13.92718], [108.11667, 13.9304], [108.11443, 13.93084], [108.11094, 13.93002], [108.11134, 13.93357], [108.1102, 13.9383], [108.10672, 13.93895], [108.10637, 13.94137], [108.10438, 13.94181], [108.10413, 13.9432], [108.10269, 13.94241], [108.10196, 13.94374], [108.10164, 13.94589], [108.10395, 13.9541], [108.10171, 13.95824], [108.10149, 13.96253], [108.09964, 13.96524], [108.10081, 13.96988], [108.10011, 13.97111], [108.10046, 13.9764]]]}}, {"type": "Feature", "properties": {"other_info": "<div id=\"economy\"><span class=\"cms\">Kinh t\u1ebf: </span><p>\u0110\u1ecbnh h\u01b0\u1edbng ph\u00e1t tri\u1ec3n KTXH:&nbsp;Ph\u00e1t tri\u1ec3n kinh t\u1ebf n\u00f4ng th\u00f4n</p></div><div id=\"ethnicity\"><span class=\"cms\">D\u00e2n t\u1ed9c: </span><p>T\u1ef7 l\u1ec7 \u0111\u1ed3ng b\u00e0o DTTS:&nbsp;62,00%</p></div>", "dan_so": "18.840", "lanh_dao": "<p>+ V\u0169 \u0110\u00ecnh H\u1ea1nh,&nbsp;B\u00ed th\u01b0 \u0110\u1ea3ng u\u1ef7 - Ch\u1ee7 t\u1ecbch H\u0110ND (\u0110t: 0914409583)&nbsp;</p><p>+ Nguy\u1ec5n V\u0103n \u00c2n,&nbsp;Ch\u1ee7 t\u1ecbch UBND (\u0110t: 0913458108)</p>", "sap_nhap": "Ia O (huy\u1ec7n Ch\u01b0 Pr\u00f4ng), Ia Me, Ia Bo\u00f2ng", "dtich_km2": "196,07", "ma_xa": 77, "tru_so": "<p>L\u00e0ng S\u01a1r, x\u00e3 Ia Bo\u00f2ng</p>", "url": "https://baogialai.com.vn/dia-phuong/xa-ia-boong/77.html", "ten_xa": "X\u00e3 Ia Bo\u00f2ng", "order": 100}, "geometry": {"type": "Polygon", "coordinates": [[[107.8713, 13.74375], [107.87171, 13.74805], [107.86761, 13.7474], [107.86819, 13.74487], [107.86229, 13.74176], [107.85913, 13.73841], [107.858, 13.73831], [107.85595, 13.73995], [107.85233, 13.73751], [107.8487, 13.7383], [107.84849, 13.73613], [107.84578, 13.73389], [107.84275, 13.735], [107.84105, 13.73417], [107.83813, 13.73605], [107.83686, 13.73523], [107.83837, 13.73016], [107.83767, 13.72804], [107.8372, 13.72886], [107.83668, 13.72827], [107.837, 13.7263], [107.83553, 13.72696], [107.83492, 13.72859], [107.82865, 13.73155], [107.83033, 13.73434], [107.82717, 13.73874], [107.824, 13.7408], [107.82126, 13.74664], [107.81634, 13.74424], [107.8149, 13.74753], [107.80927, 13.74859], [107.80898, 13.74764], [107.80661, 13.7468], [107.80601, 13.74374], [107.80722, 13.74272], [107.80624, 13.74152], [107.8053, 13.74252], [107.80266, 13.74203], [107.79445, 13.73405], [107.7854, 13.7319], [107.78023, 13.72752], [107.7798, 13.72495], [107.77832, 13.72338], [107.77299, 13.72192], [107.77034, 13.72009], [107.76961, 13.71834], [107.76617, 13.71909], [107.76741, 13.71576], [107.76687, 13.71206], [107.76775, 13.70943], [107.76753, 13.70721], [107.76409, 13.70816], [107.76243, 13.70657], [107.76232, 13.70504], [107.76053, 13.70265], [107.75835, 13.6973], [107.75625, 13.6965], [107.75605, 13.69483], [107.75322, 13.69234], [107.75176, 13.68929], [107.75247, 13.68981], [107.75292, 13.68876], [107.75448, 13.69001], [107.75948, 13.68704], [107.76435, 13.6876], [107.76768, 13.68052], [107.77259, 13.67765], [107.77619, 13.67722], [107.77978, 13.67512], [107.77469, 13.67367], [107.77407, 13.67052], [107.77218, 13.66952], [107.77203, 13.66503], [107.76737, 13.66139], [107.76927, 13.65902], [107.76829, 13.65836], [107.76611, 13.65315], [107.77358, 13.64393], [107.78117, 13.63745], [107.78053, 13.63644], [107.78477, 13.63425], [107.7873, 13.63513], [107.79091, 13.63396], [107.79302, 13.63515], [107.79427, 13.63436], [107.79274, 13.63022], [107.7938, 13.62924], [107.79388, 13.62705], [107.79496, 13.62665], [107.7951, 13.62538], [107.79635, 13.62423], [107.7965, 13.62168], [107.79445, 13.62115], [107.79347, 13.61919], [107.79463, 13.61638], [107.79792, 13.61561], [107.79815, 13.61457], [107.79778, 13.61421], [107.79707, 13.61532], [107.79555, 13.61382], [107.79513, 13.61294], [107.79614, 13.61262], [107.79593, 13.61174], [107.7937, 13.61097], [107.79401, 13.60993], [107.79319, 13.60947], [107.79505, 13.60874], [107.79669, 13.60513], [107.79566, 13.6029], [107.79591, 13.59903], [107.79463, 13.5972], [107.79608, 13.59425], [107.79383, 13.59395], [107.79921, 13.5934], [107.80734, 13.59697], [107.81036, 13.60177], [107.81292, 13.60171], [107.81304, 13.6041], [107.81494, 13.60702], [107.81756, 13.60709], [107.81946, 13.61054], [107.81958, 13.61246], [107.82204, 13.61279], [107.82406, 13.61488], [107.82673, 13.61536], [107.8289, 13.61411], [107.83162, 13.61512], [107.83365, 13.61286], [107.83972, 13.61195], [107.84232, 13.60949], [107.85206, 13.61734], [107.85335, 13.62135], [107.85622, 13.62514], [107.86059, 13.62619], [107.86361, 13.62429], [107.86633, 13.62579], [107.86994, 13.62181], [107.87148, 13.62119], [107.8731, 13.6234], [107.87249, 13.62537], [107.87381, 13.62747], [107.87376, 13.62929], [107.87602, 13.6302], [107.87701, 13.63422], [107.87906, 13.63627], [107.88101, 13.63691], [107.88189, 13.64037], [107.88317, 13.63934], [107.88903, 13.63956], [107.89008, 13.64506], [107.89159, 13.64487], [107.89225, 13.6459], [107.89414, 13.64597], [107.8957, 13.64774], [107.89727, 13.64602], [107.89936, 13.64709], [107.9017, 13.64639], [107.90345, 13.6502], [107.90492, 13.64978], [107.90563, 13.65482], [107.90939, 13.6579], [107.90937, 13.65956], [107.91038, 13.65908], [107.91061, 13.66088], [107.90974, 13.66135], [107.9105, 13.664], [107.90965, 13.66625], [107.91043, 13.66798], [107.91193, 13.6688], [107.91102, 13.67027], [107.91155, 13.67254], [107.91749, 13.67988], [107.91977, 13.67987], [107.92492, 13.68335], [107.93494, 13.68132], [107.9388, 13.6778], [107.93943, 13.68003], [107.94014, 13.67939], [107.94202, 13.68022], [107.94123, 13.68074], [107.94187, 13.68188], [107.94092, 13.68239], [107.94174, 13.68613], [107.94102, 13.68709], [107.94173, 13.68739], [107.94143, 13.68866], [107.94236, 13.68823], [107.9429, 13.68951], [107.94167, 13.69084], [107.94195, 13.69297], [107.93979, 13.69391], [107.93726, 13.69827], [107.93727, 13.70395], [107.93892, 13.70943], [107.9385, 13.71039], [107.93949, 13.7105], [107.93828, 13.71227], [107.93424, 13.71489], [107.93518, 13.71586], [107.92986, 13.7192], [107.92783, 13.71956], [107.92724, 13.72114], [107.92614, 13.72073], [107.92575, 13.72195], [107.92375, 13.72259], [107.91718, 13.7191], [107.91252, 13.71769], [107.91129, 13.71604], [107.90915, 13.71774], [107.90351, 13.71703], [107.90189, 13.71765], [107.89998, 13.71694], [107.8962, 13.71809], [107.89548, 13.71743], [107.89591, 13.71705], [107.89426, 13.71633], [107.89369, 13.71716], [107.89304, 13.71617], [107.8905, 13.71589], [107.89056, 13.71717], [107.88956, 13.71649], [107.88889, 13.71762], [107.88511, 13.71811], [107.88431, 13.71676], [107.88461, 13.71539], [107.88329, 13.714], [107.88424, 13.71249], [107.88306, 13.71174], [107.88308, 13.71028], [107.88134, 13.70971], [107.8797, 13.71192], [107.87539, 13.71369], [107.87653, 13.72741], [107.87344, 13.73276], [107.8763, 13.73422], [107.8713, 13.74375]]]}}, {"type": "Feature", "properties": {"other_info": "<div id=\"economy\"><span class=\"cms\">Kinh t\u1ebf: </span><p>Qu\u1ef9 \u0111\u1ea5t n\u00f4ng nghi\u1ec7p l\u1edbn tr\u00ean 14.000 ha, ch\u1ee7 y\u1ebfu l\u00e0 \u0111\u1ea5t \u0111\u1ecf bazan m\u00e0u m\u1ee1, ph\u00f9 h\u1ee3p v\u1edbi nhi\u1ec1u lo\u1ea1i c\u00e2y tr\u1ed3ng, \u0111\u1eb7c bi\u1ec7t l\u00e0 c\u00e1c lo\u1ea1i c\u00e2y c\u00f4ng nghi\u1ec7p d\u00e0i ng\u00e0y (c\u00e0 ph\u00ea, cao su, h\u1ed3 ti\u00eau) v\u00e0 c\u00e1c lo\u1ea1i c\u00e2y \u0103n qu\u1ea3 c\u00f3 gi\u00e1 tr\u1ecb kinh t\u1ebf cao.</p></div><div id=\"ethnicity\"><span class=\"cms\">D\u00e2n t\u1ed9c: </span><p>T\u1ef7 l\u1ec7 \u0111\u1ed3ng b\u00e0o DTTS:&nbsp;72,00%</p></div>", "dan_so": "9065", "lanh_dao": "<p>+ Ksor Khi\u1ebfu,&nbsp;B\u00ed th\u01b0 \u0110\u1ea3ng u\u1ef7 - Ch\u1ee7 t\u1ecbch H\u0110ND (\u0110t: 0974674015)</p><p>+ Nguy\u1ec5n C\u00f4ng Ho\u00e0,&nbsp;Ch\u1ee7 t\u1ecbch UBND (\u0110t: 0987754866)</p>", "sap_nhap": "Ia Chia", "dtich_km2": "172,86", "ma_xa": 78, "tru_so": "<p>L\u00e0ng Lang, x\u00e3 Ia Chia</p>", "url": "https://baogialai.com.vn/dia-phuong/xa-ia-chia/78.html", "ten_xa": "X\u00e3 Ia Chia", "order": 100}, "geometry": {"type": "Polygon", "coordinates": [[[107.69741, 13.91142], [107.69647, 13.91147], [107.69586, 13.91284], [107.6938, 13.91256], [107.69316, 13.91475], [107.6906, 13.91715], [107.69039, 13.91883], [107.68759, 13.92103], [107.68472, 13.92884], [107.6846, 13.9332], [107.67972, 13.93232], [107.67454, 13.93349], [107.67177, 13.93171], [107.66879, 13.93442], [107.66336, 13.93334], [107.65876, 13.93441], [107.65873, 13.93331], [107.65564, 13.93418], [107.65577, 13.93329], [107.65432, 13.93311], [107.65364, 13.93191], [107.64225, 13.93091], [107.64214, 13.93264], [107.63972, 13.93391], [107.63666, 13.93754], [107.63103, 13.93929], [107.62772, 13.93756], [107.62131, 13.93116], [107.61877, 13.92645], [107.61537, 13.92693], [107.61369, 13.9256], [107.61411, 13.92461], [107.61318, 13.92251], [107.60587, 13.92794], [107.60428, 13.92699], [107.6028, 13.92717], [107.60089, 13.92549], [107.59892, 13.92221], [107.59997, 13.92078], [107.59885, 13.92016], [107.59698, 13.91513], [107.59567, 13.9153], [107.59543, 13.91633], [107.58948, 13.91587], [107.58872, 13.91693], [107.58734, 13.91563], [107.58513, 13.91604], [107.58381, 13.91545], [107.5827, 13.91654], [107.58138, 13.91621], [107.58125, 13.91398], [107.57209, 13.90953], [107.57038, 13.90661], [107.56479, 13.9014], [107.5626, 13.89654], [107.55546, 13.89542], [107.55516, 13.89302], [107.55361, 13.89246], [107.55361, 13.89392], [107.55186, 13.89384], [107.55173, 13.89531], [107.55025, 13.89517], [107.54907, 13.89928], [107.54651, 13.90001], [107.54678, 13.90181], [107.54377, 13.90197], [107.5435, 13.903], [107.54211, 13.90217], [107.54045, 13.90265], [107.54082, 13.90354], [107.53876, 13.90572], [107.53872, 13.90965], [107.53761, 13.91156], [107.53584, 13.91127], [107.53367, 13.91266], [107.53198, 13.91626], [107.53289, 13.9169], [107.53243, 13.91891], [107.53118, 13.92052], [107.5302, 13.92101], [107.5294, 13.91968], [107.52798, 13.92011], [107.52792, 13.92295], [107.52702, 13.92457], [107.52376, 13.92409], [107.52129, 13.92547], [107.52053, 13.9245], [107.51436, 13.92217], [107.51236, 13.91832], [107.51088, 13.91904], [107.51015, 13.91784], [107.50919, 13.91814], [107.50768, 13.91649], [107.50626, 13.91612], [107.50576, 13.91188], [107.50329, 13.90993], [107.50238, 13.91041], [107.50098, 13.9096], [107.5006, 13.91054], [107.49804, 13.91078], [107.4955, 13.91], [107.49427, 13.9082], [107.49591, 13.90579], [107.49435, 13.90344], [107.49437, 13.89925], [107.49247, 13.89747], [107.49014, 13.89682], [107.48928, 13.89504], [107.48777, 13.89442], [107.48481, 13.89563], [107.48413, 13.89367], [107.48193, 13.89155], [107.48065, 13.89199], [107.48157, 13.89023], [107.48071, 13.88902], [107.4789, 13.88963], [107.47525, 13.8892], [107.47201, 13.88767], [107.46927, 13.8891], [107.46595, 13.88638], [107.45738, 13.87884], [107.45493, 13.87398], [107.45438, 13.87052], [107.45657, 13.86679], [107.45944, 13.86576], [107.46735, 13.85896], [107.46927, 13.85924], [107.47202, 13.85724], [107.47513, 13.85815], [107.47556, 13.85887], [107.47396, 13.861], [107.47527, 13.86273], [107.48089, 13.86139], [107.48419, 13.86152], [107.48802, 13.85973], [107.48925, 13.86063], [107.492, 13.85547], [107.49297, 13.85588], [107.49384, 13.85477], [107.49727, 13.85625], [107.49854, 13.85422], [107.50108, 13.8533], [107.50213, 13.85202], [107.50313, 13.85235], [107.50338, 13.85102], [107.50468, 13.85015], [107.50726, 13.85192], [107.50794, 13.85349], [107.50832, 13.85143], [107.5075, 13.85006], [107.52204, 13.84454], [107.52538, 13.84135], [107.53112, 13.84217], [107.53224, 13.84585], [107.5344, 13.84657], [107.53718, 13.8489], [107.54259, 13.85034], [107.54533, 13.84972], [107.55393, 13.85352], [107.55786, 13.85215], [107.56067, 13.8522], [107.56178, 13.85051], [107.56919, 13.84879], [107.57099, 13.84734], [107.57046, 13.84548], [107.57781, 13.84181], [107.5785, 13.8408], [107.57977, 13.84083], [107.58285, 13.84354], [107.58462, 13.84375], [107.58703, 13.84301], [107.59052, 13.84421], [107.59386, 13.844], [107.5969, 13.84311], [107.59874, 13.84151], [107.60017, 13.84348], [107.602, 13.8434], [107.6074, 13.84523], [107.62773, 13.84703], [107.63308, 13.84634], [107.63407, 13.84742], [107.63423, 13.84984], [107.63662, 13.8507], [107.64754, 13.85308], [107.65221, 13.8507], [107.65657, 13.85201], [107.65701, 13.85332], [107.66086, 13.85455], [107.66276, 13.85668], [107.66278, 13.85821], [107.66407, 13.85914], [107.6647, 13.86107], [107.66855, 13.86286], [107.66719, 13.86708], [107.66475, 13.86939], [107.67188, 13.8749], [107.67487, 13.87486], [107.67615, 13.87926], [107.68173, 13.88769], [107.68243, 13.89529], [107.68533, 13.89617], [107.68769, 13.89853], [107.69149, 13.90454], [107.69449, 13.90717], [107.69413, 13.90832], [107.69718, 13.90898], [107.69741, 13.91142]]]}}, {"type": "Feature", "properties": {"other_info": "<div id=\"economy\"><span class=\"cms\">Kinh t\u1ebf: </span><p>\u0110\u1ecbnh h\u01b0\u1edbng ph\u00e1t tri\u1ec3n KTXH:&nbsp;Ph\u00e1t tri\u1ec3n kinh t\u1ebf n\u00f4ng th\u00f4n</p></div><div id=\"ethnicity\"><span class=\"cms\">D\u00e2n t\u1ed9c: </span><p>T\u1ef7 l\u1ec7 \u0111\u1ed3ng b\u00e0o DTTS:&nbsp;58,00%</p></div>", "dan_so": "17.829 ", "lanh_dao": "<p>+ Siu Luynh,&nbsp;B\u00ed th\u01b0 \u0110\u1ea3ng u\u1ef7 - Ch\u1ee7 t\u1ecbch H\u0110ND (\u0110t: 0963846499)</p><p>+ Nguy\u1ec5n Ng\u1ecdc Nam,&nbsp;Ch\u1ee7 t\u1ecbch UBND (\u0110t: 0968100679)</p>", "sap_nhap": "Ia Kla, Ia D\u01a1k", "dtich_km2": "100,53 ", "ma_xa": 79, "tru_so": "<p>L\u00e0ng Sung Le K\u1eaft, x\u00e3 Ia D\u01a1k</p>", "url": "https://baogialai.com.vn/dia-phuong/xa-ia-dok/79.html", "ten_xa": "X\u00e3 Ia D\u01a1k", "order": 100}, "geometry": {"type": "Polygon", "coordinates": [[[107.71588, 13.92164], [107.71009, 13.92233], [107.70985, 13.92157], [107.70739, 13.92167], [107.70656, 13.92125], [107.70728, 13.91903], [107.70662, 13.9187], [107.70554, 13.91956], [107.70357, 13.91787], [107.69967, 13.91671], [107.69861, 13.9139], [107.69763, 13.91342], [107.69812, 13.9127], [107.69718, 13.90898], [107.69413, 13.90832], [107.69449, 13.90717], [107.69149, 13.90454], [107.68769, 13.89853], [107.68533, 13.89617], [107.68243, 13.89529], [107.68173, 13.88769], [107.67615, 13.87926], [107.67487, 13.87486], [107.67188, 13.8749], [107.66475, 13.86939], [107.66719, 13.86708], [107.66855, 13.86286], [107.6647, 13.86107], [107.66407, 13.85914], [107.66278, 13.85821], [107.66276, 13.85668], [107.66086, 13.85455], [107.65701, 13.85332], [107.65657, 13.85201], [107.65221, 13.8507], [107.64754, 13.85308], [107.63662, 13.8507], [107.63423, 13.84984], [107.63407, 13.84742], [107.63308, 13.84634], [107.62773, 13.84703], [107.6074, 13.84523], [107.602, 13.8434], [107.60017, 13.84348], [107.59874, 13.84151], [107.60078, 13.83913], [107.59964, 13.83559], [107.60025, 13.82925], [107.60595, 13.82352], [107.60554, 13.82152], [107.60617, 13.81937], [107.6107, 13.81578], [107.61031, 13.81263], [107.60884, 13.80944], [107.61266, 13.80596], [107.61318, 13.80408], [107.61579, 13.80291], [107.61599, 13.80159], [107.61751, 13.80005], [107.61733, 13.79731], [107.62331, 13.79328], [107.62606, 13.78998], [107.62534, 13.78868], [107.62696, 13.78754], [107.64617, 13.7996], [107.64844, 13.7995], [107.65896, 13.79585], [107.65978, 13.79806], [107.6528, 13.80954], [107.6586, 13.81113], [107.66787, 13.80787], [107.67723, 13.80797], [107.67803, 13.80833], [107.67647, 13.81301], [107.68005, 13.81347], [107.68076, 13.81481], [107.68942, 13.81436], [107.68956, 13.81535], [107.69125, 13.81509], [107.69294, 13.81669], [107.6944, 13.81498], [107.70293, 13.81876], [107.70504, 13.82072], [107.70386, 13.82386], [107.69903, 13.82771], [107.69631, 13.83183], [107.69703, 13.83302], [107.70201, 13.8352], [107.70518, 13.83813], [107.70837, 13.83964], [107.71424, 13.83956], [107.71803, 13.84097], [107.71949, 13.84232], [107.72524, 13.84276], [107.72855, 13.84406], [107.72974, 13.84308], [107.73273, 13.84556], [107.73462, 13.84552], [107.73549, 13.84672], [107.73856, 13.8474], [107.73818, 13.84886], [107.73677, 13.84812], [107.73494, 13.85304], [107.73351, 13.85416], [107.73426, 13.86039], [107.73099, 13.86374], [107.72812, 13.8683], [107.72369, 13.87187], [107.72673, 13.87551], [107.72748, 13.87552], [107.72707, 13.87651], [107.72864, 13.87755], [107.72823, 13.87959], [107.72949, 13.8798], [107.73032, 13.88223], [107.73101, 13.88197], [107.73183, 13.88336], [107.73138, 13.8837], [107.73371, 13.88592], [107.73647, 13.88714], [107.73557, 13.88796], [107.73548, 13.89091], [107.73733, 13.89186], [107.73725, 13.89288], [107.73813, 13.89336], [107.73896, 13.89855], [107.73797, 13.89851], [107.73819, 13.89941], [107.73678, 13.89867], [107.73602, 13.90005], [107.73533, 13.89943], [107.73533, 13.90179], [107.73372, 13.90239], [107.73365, 13.90374], [107.73484, 13.90402], [107.73522, 13.9084], [107.73618, 13.90817], [107.73573, 13.90897], [107.73659, 13.90906], [107.73581, 13.91022], [107.73695, 13.91021], [107.73639, 13.91094], [107.73732, 13.91138], [107.73569, 13.91207], [107.73626, 13.91473], [107.72132, 13.92059], [107.72008, 13.92169], [107.71872, 13.92007], [107.71614, 13.92062], [107.71588, 13.92164]]]}}, {"type": "Feature", "properties": {"other_info": "<div id=\"economy\"><span class=\"cms\">Kinh t\u1ebf: </span><p>\u0110\u1ecbnh h\u01b0\u1edbng ph\u00e1t tri\u1ec3n KTXH:&nbsp;Ph\u00e1t tri\u1ec3n kinh t\u1ebf \u0111\u00f4 th\u1ecb - n\u00f4ng th\u00f4nD\u1ef1 \u00e1n ph\u00e1t tri\u1ec3n KTXH:&nbsp;Trung t\u00e2m khu KT c\u1ee7a kh\u1ea9u L\u1ec7 Thanh, khu CN 100 ha</p></div><div id=\"ethnicity\"><span class=\"cms\">D\u00e2n t\u1ed9c: </span><p>T\u1ef7 l\u1ec7 \u0111\u1ed3ng b\u00e0o DTTS:&nbsp;35,00%</p></div>", "dan_so": "9.157", "lanh_dao": "<p>+ Tr\u1ea7n Ng\u1ecdc Ph\u1eadn,&nbsp;B\u00ed th\u01b0 \u0110\u1ea3ng u\u1ef7 - Ch\u1ee7 t\u1ecbch H\u0110ND (\u0110t: 0888277779)</p><p>+ L\u00ea Tr\u1ecdng Ph\u00fac,&nbsp;Ch\u1ee7 t\u1ecbch UBND (\u0110t: 0949145779)</p>", "sap_nhap": "Ia Dom", "dtich_km2": "145,43", "ma_xa": 80, "tru_so": "<p>Th\u00f4n Mook \u0110en 1, x\u00e3 Ia Dom</p>", "url": "https://baogialai.com.vn/dia-phuong/xa-ia-dom/80.html", "ten_xa": "X\u00e3 Ia Dom", "order": 100}, "geometry": {"type": "Polygon", "coordinates": [[[107.60078, 13.83913], [107.5969, 13.84311], [107.59097, 13.84423], [107.58703, 13.84301], [107.58285, 13.84354], [107.57977, 13.84083], [107.5785, 13.8408], [107.57781, 13.84181], [107.57046, 13.84548], [107.57099, 13.84734], [107.56919, 13.84879], [107.56178, 13.85051], [107.56067, 13.8522], [107.55786, 13.85215], [107.55393, 13.85352], [107.54533, 13.84972], [107.54259, 13.85034], [107.53718, 13.8489], [107.5344, 13.84657], [107.53224, 13.84585], [107.53112, 13.84217], [107.52538, 13.84135], [107.52204, 13.84454], [107.5075, 13.85006], [107.50832, 13.85143], [107.50794, 13.85349], [107.50726, 13.85192], [107.50456, 13.85017], [107.50325, 13.85121], [107.50313, 13.85235], [107.50213, 13.85202], [107.50108, 13.8533], [107.49854, 13.85422], [107.49727, 13.85625], [107.49384, 13.85477], [107.49297, 13.85588], [107.492, 13.85547], [107.48925, 13.86063], [107.48802, 13.85973], [107.48419, 13.86152], [107.48089, 13.86139], [107.47512, 13.8627], [107.47396, 13.861], [107.47558, 13.8586], [107.47202, 13.85724], [107.4732, 13.85497], [107.47181, 13.84899], [107.46943, 13.84482], [107.46647, 13.8418], [107.46623, 13.83877], [107.458, 13.83256], [107.45511, 13.82714], [107.45541, 13.82362], [107.46027, 13.81849], [107.46144, 13.81619], [107.45922, 13.80717], [107.45522, 13.80286], [107.45136, 13.79533], [107.4559, 13.7904], [107.45987, 13.7882], [107.47346, 13.77789], [107.48574, 13.77644], [107.49803, 13.76785], [107.49992, 13.76907], [107.50538, 13.76626], [107.51143, 13.76725], [107.51519, 13.76702], [107.51927, 13.76828], [107.52247, 13.76699], [107.5242, 13.76385], [107.52545, 13.7631], [107.52944, 13.76424], [107.53348, 13.76306], [107.53706, 13.76383], [107.54093, 13.76281], [107.54382, 13.76043], [107.54845, 13.76026], [107.55119, 13.75725], [107.55401, 13.75614], [107.57116, 13.76098], [107.57416, 13.76258], [107.58217, 13.77127], [107.58434, 13.77256], [107.59396, 13.77569], [107.60559, 13.77477], [107.60797, 13.77527], [107.62138, 13.78299], [107.62696, 13.78754], [107.62534, 13.78868], [107.62606, 13.78998], [107.62331, 13.79328], [107.61733, 13.79731], [107.61751, 13.80005], [107.61599, 13.80159], [107.61579, 13.80291], [107.61318, 13.80408], [107.61266, 13.80596], [107.60884, 13.80944], [107.61031, 13.81263], [107.6107, 13.81578], [107.60617, 13.81937], [107.60554, 13.82152], [107.60595, 13.82352], [107.60025, 13.82925], [107.59964, 13.83559], [107.60078, 13.83913]]]}}, {"type": "Feature", "properties": {"other_info": "<div id=\"economy\"><span class=\"cms\">Kinh t\u1ebf: </span><p>+ \u0110\u1ecbnh h\u01b0\u1edbng ph\u00e1t tri\u1ec3n KTXH:&nbsp;Ph\u00e1t tri\u1ec3n kinh t\u1ebf \u0111\u00f4 th\u1ecb - n\u00f4ng th\u00f4n+ D\u1ef1 \u00e1n ph\u00e1t tri\u1ec3n KTXH:&nbsp;D\u1ef1 \u00e1n khu d\u00e2n c\u01b0 15 ha</p></div><div id=\"ethnicity\"><span class=\"cms\">D\u00e2n t\u1ed9c: </span><p>T\u1ef7 l\u1ec7 \u0111\u1ed3ng b\u00e0o DTTS:&nbsp;97,28%</p></div>", "dan_so": "16.643 ", "lanh_dao": "<p>+ Ksor Tin,&nbsp;B\u00ed th\u01b0 \u0110\u1ea3ng u\u1ef7 - Ch\u1ee7 t\u1ecbch H\u0110ND (\u0110t: 0917788239)</p><p>+ V\u00f5 Th\u00fay V\u00e2n,&nbsp;Ch\u1ee7 t\u1ecbch UBND (\u0110t: 0984909155)</p>", "sap_nhap": "Ia Rmok, Kr\u00f4ng N\u0103ng, Ia Dreh", "dtich_km2": "379,69 ", "ma_xa": 81, "tru_so": "<p>+ \u0110\u1ea3ng \u1ee7y-MTTQ:&nbsp;Bu\u00f4n Gum G\u1ed1p, x\u00e3 Ia Dreh</p><p>+ H\u0110ND-UBND-Trung t\u00e2m PVHCC:&nbsp;Bu\u00f4n Hdreh, x\u00e3 Ia Dreh</p>", "url": "https://baogialai.com.vn/dia-phuong/xa-ia-dreh/81.html", "ten_xa": "X\u00e3 Ia Dreh", "order": 100}, "geometry": {"type": "Polygon", "coordinates": [[[108.76009, 13.11532], [108.76036, 13.12056], [108.75876, 13.12397], [108.75499, 13.12754], [108.75179, 13.12909], [108.74963, 13.12904], [108.74052, 13.12397], [108.73239, 13.12131], [108.72587, 13.12225], [108.72362, 13.12453], [108.72397, 13.12834], [108.72868, 13.13399], [108.73579, 13.139], [108.74325, 13.14201], [108.74592, 13.14403], [108.74733, 13.1465], [108.74648, 13.14875], [108.74008, 13.15036], [108.73068, 13.14706], [108.72155, 13.14496], [108.71713, 13.14474], [108.71162, 13.14603], [108.7101, 13.14839], [108.70796, 13.15816], [108.70523, 13.16274], [108.70101, 13.1638], [108.69489, 13.16281], [108.6877, 13.16342], [108.67932, 13.16756], [108.66867, 13.17638], [108.6613, 13.18001], [108.65968, 13.17962], [108.65673, 13.17593], [108.65565, 13.17581], [108.65485, 13.17307], [108.65241, 13.17262], [108.65161, 13.17133], [108.64822, 13.17285], [108.64492, 13.17252], [108.63924, 13.17866], [108.63826, 13.17615], [108.63732, 13.17603], [108.63747, 13.17427], [108.63574, 13.17343], [108.63176, 13.16927], [108.62214, 13.164], [108.60584, 13.15303], [108.59448, 13.13544], [108.58139, 13.13453], [108.58105, 13.13339], [108.57509, 13.1295], [108.56964, 13.13026], [108.55142, 13.12827], [108.53285, 13.11883], [108.52922, 13.12082], [108.52843, 13.12233], [108.52944, 13.12404], [108.52771, 13.12521], [108.526, 13.12383], [108.52546, 13.1221], [108.52319, 13.12372], [108.51852, 13.12361], [108.51707, 13.12482], [108.51123, 13.12176], [108.51305, 13.11728], [108.51079, 13.11111], [108.5079, 13.1121], [108.50204, 13.11217], [108.49972, 13.11339], [108.49202, 13.11085], [108.49051, 13.10867], [108.49309, 13.10618], [108.49268, 13.10312], [108.48987, 13.10108], [108.48843, 13.09884], [108.4958, 13.09531], [108.49941, 13.08965], [108.50223, 13.08856], [108.49946, 13.08733], [108.50052, 13.08433], [108.50389, 13.08355], [108.50552, 13.08169], [108.5093, 13.08009], [108.51301, 13.07577], [108.51491, 13.07163], [108.51603, 13.07299], [108.51774, 13.07345], [108.51924, 13.07184], [108.5173, 13.06799], [108.5212, 13.0632], [108.51898, 13.06124], [108.51669, 13.06074], [108.51664, 13.05811], [108.51117, 13.046], [108.51339, 13.04262], [108.5137, 13.04021], [108.51082, 13.03749], [108.51506, 13.03255], [108.51809, 13.03394], [108.52355, 13.03229], [108.52452, 13.03343], [108.53116, 13.03438], [108.53318, 13.03288], [108.53605, 13.03259], [108.54322, 13.02979], [108.54366, 13.02857], [108.54575, 13.02925], [108.54651, 13.02829], [108.55934, 13.02325], [108.5603, 13.02226], [108.56142, 13.02247], [108.56854, 13.01958], [108.57231, 13.02339], [108.57405, 13.02379], [108.5758, 13.0268], [108.57785, 13.02833], [108.58504, 13.02913], [108.58735, 13.02865], [108.59168, 13.02973], [108.59375, 13.02654], [108.59888, 13.02232], [108.60007, 13.01808], [108.60205, 13.01779], [108.60411, 13.0197], [108.60598, 13.01937], [108.60949, 13.01385], [108.61227, 13.01202], [108.61446, 13.00754], [108.6181, 13.01021], [108.627, 13.00754], [108.62772, 13.00904], [108.62961, 13.01001], [108.63823, 13.01051], [108.63924, 13.01123], [108.64251, 13.01012], [108.64492, 13.011], [108.64574, 13.00778], [108.65021, 13.00289], [108.65303, 13.00101], [108.65749, 12.9992], [108.6633, 13.00325], [108.66757, 13.00129], [108.67028, 13.00194], [108.67383, 12.99905], [108.67438, 12.9968], [108.67536, 12.99602], [108.68137, 12.99827], [108.682, 12.99912], [108.68173, 13.0012], [108.68598, 13.004], [108.68937, 13.009], [108.69291, 13.01674], [108.71382, 13.01758], [108.73132, 13.02323], [108.7565, 13.03273], [108.75067, 13.09181], [108.7563, 13.10159], [108.757, 13.1074], [108.76009, 13.11532]]]}}, {"type": "Feature", "properties": {"other_info": "<div id=\"economy\"><span class=\"cms\">Kinh t\u1ebf: </span><p>+ \u0110\u1ecbnh h\u01b0\u1edbng ph\u00e1t tri\u1ec3n KTXH:&nbsp;Ph\u00e1t tri\u1ec3n kinh t\u1ebf \u0111\u00f4 th\u1ecb - n\u00f4ng th\u00f4n+ D\u1ef1 \u00e1n ph\u00e1t tri\u1ec3n KTXH:&nbsp;D\u1ef1 \u00e1n khu d\u00e2n c\u01b0 15 ha</p></div><div id=\"ethnicity\"><span class=\"cms\">D\u00e2n t\u1ed9c: </span><p>T\u1ef7 l\u1ec7 \u0111\u1ed3ng b\u00e0o DTTS:&nbsp;27,00%</p></div><div id=\"other-info-content\"><span class=\"cms\">Th\u00f4ng tin kh\u00e1c: </span><p>1. V\u1ecb tr\u00ed v\u00e0 quy m\u00f4: - X\u00e3 Ia Grai \u0111\u01b0\u1ee3c th\u00e0nh l\u1eadp tr\u00ean c\u01a1 s\u1edf s\u00e1p nh\u1eadp 3 \u0111\u01a1n v\u1ecb h\u00e0nh ch\u00ednh (th\u1ecb tr\u1ea5n Ia Kha, x\u00e3 Ia Gr\u0103ng, x\u00e3 Ia B\u0103). </p><p>- C\u00f3 di\u1ec7n t\u00edch t\u1ef1 nhi\u00ean 239,84 km\u00b2, g\u1ea5p g\u1ea7n 5 l\u1ea7n so v\u1edbi ti\u00eau chu\u1ea9n, d\u00e2n s\u1ed1 24.625 ng\u01b0\u1eddi, trong \u0111\u00f3 \u0111\u1ed3ng b\u00e0o d\u00e2n t\u1ed9c thi\u1ec3u s\u1ed1 chi\u1ebfm h\u01a1n 27%. </p><p>- Quy m\u00f4 di\u1ec7n t\u00edch v\u00e0 d\u00e2n s\u1ed1 l\u1edbn t\u1ea1o \u0111i\u1ec1u ki\u1ec7n thu\u1eadn l\u1ee3i \u0111\u1ec3 h\u00ecnh th\u00e0nh c\u00e1c v\u00f9ng s\u1ea3n xu\u1ea5t t\u1eadp trung, chu\u1ed7i li\u00ean k\u1ebft n\u00f4ng s\u1ea3n </p><p>2. C\u00e2y tr\u1ed3ng ch\u1ee7 l\u1ef1c: - C\u00e0 ph\u00ea, \u0111i\u1ec1u, cao su, c\u00e2y \u0103n qu\u1ea3 l\u00e0 nh\u1eefng c\u00e2y tr\u1ed3ng ch\u1ee7 l\u1ef1c v\u1edbi di\u1ec7n t\u00edch canh t\u00e1c l\u1edbn. </p><p>- \u0110\u00e2y l\u00e0 nh\u00f3m c\u00e2y c\u00f3 gi\u00e1 tr\u1ecb kinh t\u1ebf cao, ph\u00f9 h\u1ee3p v\u1edbi \u0111i\u1ec1u ki\u1ec7n kh\u00ed h\u1eadu \u2013 th\u1ed5 nh\u01b0\u1ee1ng c\u1ee7a \u0111\u1ecba ph\u01b0\u01a1ng v\u00e0 c\u00f3 ti\u1ec1m n\u0103ng m\u1edf r\u1ed9ng s\u1ea3n xu\u1ea5t g\u1eafn v\u1edbi xu\u1ea5t kh\u1ea9u </p><p>3. T\u00e0i nguy\u00ean v\u00e0 h\u1ea1 t\u1ea7ng:&nbsp;- C\u00f3 hai h\u1ed3 ch\u1ee9a n\u01b0\u1edbc ch\u00ednh (H\u1ed3 C5 v\u00e0 H\u1ed3 Ia N\u0103ng) c\u00f9ng nhi\u1ec1u ao h\u1ed3, s\u00f4ng su\u1ed1i nh\u1ecf ph\u1ee5c v\u1ee5 s\u1ea3n xu\u1ea5t n\u00f4ng nghi\u1ec7p. </p><p>- Ngu\u1ed3n t\u00e0i nguy\u00ean \u0111\u1ea5t \u0111ai, r\u1eebng v\u00e0 kho\u00e1ng s\u1ea3n kh\u00e1 phong ph\u00fa, n\u1ebfu \u0111\u01b0\u1ee3c qu\u1ea3n l\u00fd, khai th\u00e1c h\u1ee3p l\u00fd s\u1ebd g\u00f3p ph\u1ea7n ph\u00e1t tri\u1ec3n b\u1ec1n v\u1eefng </p><p>4. Ti\u1ec1m n\u0103ng ph\u00e1t tri\u1ec3n b\u1ec1n v\u1eefng:&nbsp; </p><p>- \u0110\u1ecbnh h\u01b0\u1edbng ph\u00e1t tri\u1ec3n n\u00f4ng nghi\u1ec7p hi\u1ec7n \u0111\u1ea1i, b\u1ec1n v\u1eefng, th\u00edch \u1ee9ng bi\u1ebfn \u0111\u1ed5i kh\u00ed h\u1eadu, \u1ee9ng d\u1ee5ng c\u00f4ng ngh\u1ec7 cao v\u00e0 chuy\u1ec3n \u0111\u1ed5i s\u1ed1. </p><p>- \u0110\u00e3 c\u00f3 n\u1ec1n t\u1ea3ng ban \u0111\u1ea7u v\u1ec1 m\u00e3 s\u1ed1 v\u00f9ng tr\u1ed3ng (07 m\u00e3 s\u1ed1) v\u00e0 02 c\u01a1 s\u1edf \u0111\u00f3ng g\u00f3i, thu\u1eadn l\u1ee3i \u0111\u1ec3 m\u1edf r\u1ed9ng truy xu\u1ea5t ngu\u1ed3n g\u1ed1c, n\u00e2ng cao gi\u00e1 tr\u1ecb n\u00f4ng s\u1ea3n </p><p>- C\u00f3 \u0111i\u1ec1u ki\u1ec7n \u0111\u1ec3 h\u00ecnh th\u00e0nh c\u00e1c HTX n\u00f4ng nghi\u1ec7p ho\u1ea1t \u0111\u1ed9ng hi\u1ec7u qu\u1ea3, g\u1eafn v\u1edbi s\u1ed1 h\u00f3a qu\u1ea3n l\u00fd, th\u01b0\u01a1ng m\u1ea1i \u0111i\u1ec7n t\u1eed v\u00e0 k\u1ebft n\u1ed1i ti\u00eau th\u1ee5 qua si\u00eau th\u1ecb, s\u00e0n giao d\u1ecbch. </p><p>- X\u00e3 Ia Grai s\u1edf h\u1eefu nhi\u1ec1u ti\u1ec1m n\u0103ng du l\u1ecbch \u0111\u1ed9c \u0111\u00e1o nh\u01b0ng ch\u01b0a \u0111\u01b0\u1ee3c khai th\u00e1c, \u0111i\u1ec3n h\u00ecnh l\u00e0 c\u00e1c c\u1ea3nh quan thi\u00ean nhi\u00ean hoang s\u01a1 (nh\u01b0 th\u00e1c Th\u00e1c 9 t\u1ea7ng,..) v\u00e0 c\u00e1c gi\u00e1 tr\u1ecb v\u0103n h\u00f3a \u0111\u1eb7c s\u1eafc c\u1ee7a \u0111\u1ed3ng b\u00e0o d\u00e2n t\u1ed9c thi\u1ec3u s\u1ed1. Nh\u1eefng th\u1ebf m\u1ea1nh n\u00e0y hi\u1ec7n v\u1eabn c\u00f2n \u1edf d\u1ea1ng ti\u1ec1m \u1ea9n, ch\u01b0a \u0111\u01b0\u1ee3c \u0111\u1ea7u t\u01b0 ph\u00e1t tri\u1ec3n b\u00e0i b\u1ea3n. </p><p>5. Th\u1ecb tr\u01b0\u1eddng v\u00e0 ch\u00ednh s\u00e1ch:&nbsp;- N\u00f4ng s\u1ea3n ch\u1ee7 l\u1ef1c c\u00f3 l\u1ee3i th\u1ebf xu\u1ea5t kh\u1ea9u khi \u0111\u00e1p \u1ee9ng ti\u00eau chu\u1ea9n truy xu\u1ea5t ngu\u1ed3n g\u1ed1c. </p><p>- X\u00e3 Ia Grai n\u1eb1m trong v\u00f9ng quy ho\u1ea1ch ph\u00e1t tri\u1ec3n n\u00f4ng nghi\u1ec7p c\u00f4ng ngh\u1ec7 cao c\u1ee7a t\u1ec9nh Gia Lai, \u0111\u01b0\u1ee3c h\u01b0\u1edfng l\u1ee3i t\u1eeb ch\u00ednh s\u00e1ch h\u1ed7 tr\u1ee3 c\u1ee7a Trung \u01b0\u01a1ng v\u00e0 t\u1ec9nh.</p></div>", "dan_so": "24.625 ", "lanh_dao": "<p>+ L\u00ea Ng\u1ecdc Qu\u00fd,&nbsp;B\u00ed th\u01b0 \u0110\u1ea3ng u\u1ef7 - Ch\u1ee7 t\u1ecbch H\u0110ND (\u0110t: 0914006375)</p><p>+ \u0110\u1ed7 V\u0103n \u0110\u00f4ng,&nbsp;Ch\u1ee7 t\u1ecbch UBND (\u0110t: 088 8278801)</p>", "sap_nhap": "Ia Kha (th\u1ecb tr\u1ea5n), Ia B\u0103, Ia Gr\u0103ng", "dtich_km2": "239,84 ", "ma_xa": 82, "tru_so": "<p>+&nbsp;\u0110\u1ea3ng \u1ee7y-MTTQ:&nbsp;S\u1ed1 296 \u0111\u01b0\u1eddng H\u00f9ng V\u01b0\u01a1ng, x\u00e3 Ia Grai</p><p>+ H\u0110ND-UBND-Trung t\u00e2m PVHCC:&nbsp;S\u1ed1 298 \u0111\u01b0\u1eddng H\u00f9ng V\u01b0\u01a1ng, x\u00e3 Ia Grai<br></p>", "url": "https://baogialai.com.vn/dia-phuong/xa-ia-grai/82.html", "ten_xa": "X\u00e3 Ia Grai", "order": 100}, "geometry": {"type": "Polygon", "coordinates": [[[107.78019, 14.0803], [107.77713, 14.08223], [107.77492, 14.08439], [107.7729, 14.08164], [107.77118, 14.08167], [107.76974, 14.0827], [107.76824, 14.08206], [107.7665, 14.0832], [107.76167, 14.07857], [107.75664, 14.07643], [107.75175, 14.07691], [107.74716, 14.07477], [107.74543, 14.07487], [107.74175, 14.07207], [107.7356, 14.07168], [107.73402, 14.06852], [107.73449, 14.06738], [107.73265, 14.06642], [107.73151, 14.06293], [107.72767, 14.05673], [107.72909, 14.05438], [107.7273, 14.05283], [107.72613, 14.04924], [107.72353, 14.04952], [107.71894, 14.04768], [107.71413, 14.04743], [107.71235, 14.04603], [107.71134, 14.04276], [107.70614, 14.04299], [107.70685, 14.04084], [107.70533, 14.04005], [107.70393, 14.03684], [107.70447, 14.03373], [107.69863, 14.03292], [107.69892, 14.03028], [107.69628, 14.0276], [107.69878, 14.02474], [107.70021, 14.01866], [107.70017, 14.015], [107.70155, 14.01357], [107.70128, 14.01032], [107.70458, 14.00558], [107.70516, 14.00336], [107.70611, 14.00306], [107.70748, 14.00042], [107.70968, 13.99909], [107.70866, 13.9966], [107.71058, 13.99368], [107.70862, 13.98927], [107.70753, 13.98843], [107.70748, 13.98477], [107.70595, 13.98456], [107.70248, 13.98207], [107.69868, 13.97628], [107.6964, 13.97541], [107.69444, 13.97619], [107.69118, 13.97249], [107.69722, 13.97186], [107.69789, 13.96836], [107.70155, 13.96927], [107.70249, 13.96869], [107.70229, 13.96739], [107.70294, 13.96693], [107.7063, 13.96811], [107.7187, 13.96569], [107.7193, 13.96499], [107.71783, 13.96141], [107.72158, 13.96311], [107.72499, 13.96268], [107.72676, 13.96147], [107.72881, 13.96135], [107.72981, 13.95793], [107.73312, 13.95867], [107.73432, 13.96007], [107.73366, 13.96189], [107.73531, 13.96277], [107.73696, 13.96229], [107.73747, 13.96456], [107.74049, 13.96548], [107.74012, 13.96413], [107.74179, 13.96301], [107.74231, 13.96053], [107.74408, 13.96076], [107.74722, 13.95937], [107.75151, 13.95312], [107.75085, 13.94992], [107.74942, 13.94959], [107.75095, 13.94791], [107.75064, 13.9465], [107.75336, 13.94564], [107.75351, 13.94432], [107.75663, 13.94247], [107.7584, 13.94292], [107.75883, 13.94572], [107.76141, 13.94426], [107.76231, 13.94555], [107.76561, 13.94676], [107.76694, 13.94882], [107.76777, 13.94862], [107.76804, 13.94639], [107.76908, 13.94596], [107.77161, 13.94849], [107.77158, 13.95097], [107.7738, 13.95112], [107.77471, 13.95232], [107.77731, 13.94833], [107.77912, 13.95016], [107.77921, 13.94895], [107.78057, 13.9483], [107.7813, 13.94985], [107.78299, 13.95047], [107.78365, 13.94944], [107.7853, 13.95067], [107.78723, 13.94723], [107.78758, 13.94883], [107.79004, 13.94792], [107.79141, 13.94906], [107.79085, 13.94743], [107.7925, 13.94598], [107.79297, 13.94766], [107.79538, 13.94625], [107.79728, 13.94739], [107.80251, 13.9471], [107.8032, 13.94843], [107.80424, 13.94859], [107.80357, 13.94676], [107.80563, 13.94545], [107.80697, 13.94613], [107.80914, 13.94425], [107.80764, 13.94312], [107.80797, 13.94218], [107.81258, 13.9423], [107.81606, 13.94363], [107.8166, 13.94284], [107.81517, 13.94219], [107.81531, 13.94118], [107.81784, 13.93798], [107.81942, 13.93905], [107.82305, 13.93801], [107.82429, 13.93663], [107.82657, 13.9381], [107.8277, 13.9362], [107.83012, 13.93676], [107.83028, 13.9383], [107.83274, 13.93979], [107.83584, 13.93869], [107.83505, 13.93725], [107.8363, 13.93577], [107.83546, 13.93452], [107.83893, 13.93605], [107.84008, 13.93558], [107.84413, 13.93781], [107.84605, 13.93811], [107.8463, 13.9372], [107.84836, 13.93779], [107.848, 13.93946], [107.84986, 13.93969], [107.84914, 13.94103], [107.84966, 13.94259], [107.85211, 13.94003], [107.85306, 13.94113], [107.85378, 13.94056], [107.85601, 13.94142], [107.85524, 13.9478], [107.85643, 13.94975], [107.85524, 13.95098], [107.85754, 13.95136], [107.86143, 13.95452], [107.86279, 13.95345], [107.86686, 13.95393], [107.86899, 13.9578], [107.87255, 13.96069], [107.87701, 13.96161], [107.88438, 13.96638], [107.88527, 13.96584], [107.88938, 13.96699], [107.89198, 13.97007], [107.89601, 13.97236], [107.89737, 13.97649], [107.89658, 13.97722], [107.89521, 13.98362], [107.89201, 13.98409], [107.8915, 13.9857], [107.88906, 13.98557], [107.88631, 13.98307], [107.87854, 13.98136], [107.87387, 13.98299], [107.8657, 13.98398], [107.86333, 13.98585], [107.861, 13.98426], [107.86078, 13.98274], [107.85311, 13.98619], [107.85395, 13.98707], [107.85248, 13.9885], [107.84849, 13.98815], [107.84862, 13.98764], [107.8447, 13.98796], [107.84524, 13.99389], [107.84909, 14.00177], [107.8562, 14.00783], [107.85416, 14.02415], [107.85468, 14.02576], [107.85624, 14.02553], [107.85678, 14.02618], [107.85645, 14.0276], [107.85727, 14.02792], [107.85751, 14.03055], [107.85856, 14.03207], [107.85813, 14.03489], [107.85971, 14.03869], [107.8595, 14.04005], [107.86018, 14.04024], [107.86122, 14.03903], [107.86377, 14.04047], [107.86405, 14.03835], [107.86584, 14.0397], [107.86937, 14.03688], [107.87087, 14.03713], [107.87138, 14.03602], [107.87306, 14.03623], [107.87219, 14.03294], [107.87302, 14.03195], [107.87904, 14.03771], [107.87832, 14.03849], [107.87919, 14.03987], [107.87892, 14.04294], [107.88039, 14.04388], [107.87828, 14.04527], [107.87902, 14.04773], [107.8753, 14.04895], [107.87365, 14.05355], [107.87222, 14.05366], [107.87068, 14.05652], [107.86733, 14.05749], [107.86748, 14.05971], [107.86679, 14.05882], [107.86481, 14.0589], [107.8665, 14.0622], [107.86943, 14.06372], [107.87038, 14.06524], [107.87003, 14.06773], [107.87115, 14.07203], [107.86469, 14.07614], [107.86404, 14.07891], [107.85141, 14.07803], [107.84913, 14.07713], [107.84829, 14.07541], [107.84102, 14.07616], [107.84037, 14.07836], [107.83825, 14.0773], [107.83492, 14.077], [107.82762, 14.07302], [107.8253, 14.07462], [107.8236, 14.07486], [107.82112, 14.07386], [107.81616, 14.07544], [107.8143, 14.07843], [107.81015, 14.0776], [107.80874, 14.07562], [107.806, 14.07457], [107.80303, 14.07609], [107.80065, 14.076], [107.79979, 14.07805], [107.79727, 14.0746], [107.79385, 14.07475], [107.78342, 14.08221], [107.78191, 14.07998], [107.78019, 14.0803]]]}}, {"type": "Feature", "properties": {"other_info": "<div id=\"economy\"><span class=\"cms\">Kinh t\u1ebf: </span><p>\u0110\u1ecbnh h\u01b0\u1edbng ph\u00e1t tri\u1ec3n KTXH:&nbsp;Ph\u00e1t tri\u1ec3n kinh t\u1ebf n\u00f4ng th\u00f4n</p></div><div id=\"ethnicity\"><span class=\"cms\">D\u00e2n t\u1ed9c: </span><p>T\u1ef7 l\u1ec7 \u0111\u1ed3ng b\u00e0o DTTS:&nbsp;60,00%</p></div>", "dan_so": "21.352 ", "lanh_dao": "<p>+ Ph\u1ea1m V\u0103n Ph\u01b0\u01a1ng,&nbsp;B\u00ed th\u01b0 \u0110\u1ea3ng u\u1ef7 - Ch\u1ee7 t\u1ecbch H\u0110ND (\u0110t:&nbsp;0981000679)</p><p>+ V\u00f5 Ho\u00e0ng Lan,&nbsp;Ch\u1ee7 t\u1ecbch UBND (\u0110t: 0985414155)</p>", "sap_nhap": "Chr\u00f4h P\u01a1nan, Ia Peng, Ia Hiao", "dtich_km2": "108,38 ", "ma_xa": 83, "tru_so": "<p>+ \u0110\u1ea3ng \u1ee7y - H\u0110ND:&nbsp;Th\u00f4n T\u00e2n Ph\u00fa, x\u00e3 Ia Hiao<br>+ UBND - Trung t\u00e2m PVHCC:&nbsp;Th\u00f4n S\u00f4mal\u01a1ng A, x\u00e3 Ia Hiao<br></p><p>+ MTTQ:&nbsp;Th\u00f4n S\u00f4 Ma Hang B, x\u00e3 Ia Hiao</p>", "url": "https://baogialai.com.vn/dia-phuong/xa-ia-hiao/83.html", "ten_xa": "X\u00e3 Ia Hiao", "order": 100}, "geometry": {"type": "Polygon", "coordinates": [[[108.39104, 13.48056], [108.39291, 13.48439], [108.39286, 13.48622], [108.39194, 13.48701], [108.38979, 13.48586], [108.38767, 13.48184], [108.38026, 13.48084], [108.37937, 13.47992], [108.37798, 13.47991], [108.37569, 13.4837], [108.37306, 13.48215], [108.36593, 13.48177], [108.36678, 13.4796], [108.36354, 13.47987], [108.3628, 13.48072], [108.35975, 13.48023], [108.35753, 13.4794], [108.35982, 13.47398], [108.35739, 13.47384], [108.35567, 13.47223], [108.35294, 13.4723], [108.35197, 13.47144], [108.35145, 13.46972], [108.35206, 13.46934], [108.35081, 13.46758], [108.34536, 13.46254], [108.34041, 13.45988], [108.33645, 13.46015], [108.33398, 13.45898], [108.33333, 13.46263], [108.33167, 13.46303], [108.32777, 13.4547], [108.3213, 13.44802], [108.32134, 13.44457], [108.31861, 13.44193], [108.31877, 13.43773], [108.31208, 13.43451], [108.31255, 13.43343], [108.30968, 13.43206], [108.30837, 13.43052], [108.30811, 13.42684], [108.2992, 13.42115], [108.29851, 13.4199], [108.29899, 13.41928], [108.29701, 13.41848], [108.29729, 13.41768], [108.29494, 13.41586], [108.295, 13.41411], [108.29099, 13.41349], [108.28974, 13.41286], [108.28944, 13.41172], [108.28621, 13.4111], [108.28136, 13.40666], [108.27963, 13.40985], [108.27771, 13.40825], [108.27596, 13.40831], [108.27522, 13.40555], [108.27356, 13.40469], [108.27232, 13.40506], [108.27214, 13.40401], [108.26992, 13.4024], [108.26723, 13.40256], [108.26625, 13.40133], [108.2668, 13.39864], [108.26547, 13.39617], [108.26748, 13.39207], [108.26919, 13.39123], [108.26976, 13.3893], [108.27158, 13.388], [108.27172, 13.38654], [108.27008, 13.38522], [108.27135, 13.38143], [108.26952, 13.38121], [108.26742, 13.37646], [108.26528, 13.37497], [108.26533, 13.37411], [108.26429, 13.37376], [108.26355, 13.37222], [108.28023, 13.3618], [108.28697, 13.35482], [108.28813, 13.35061], [108.29192, 13.35201], [108.2946, 13.35175], [108.31262, 13.34265], [108.31062, 13.35021], [108.3115, 13.35372], [108.31619, 13.35489], [108.31622, 13.35645], [108.3176, 13.35839], [108.32027, 13.35818], [108.32215, 13.36023], [108.32286, 13.36351], [108.32034, 13.37164], [108.32177, 13.3743], [108.32153, 13.37893], [108.32483, 13.39017], [108.32478, 13.39384], [108.32597, 13.39519], [108.33007, 13.39564], [108.33125, 13.39743], [108.33312, 13.39842], [108.3359, 13.40786], [108.3379, 13.41176], [108.34169, 13.41249], [108.3424, 13.41382], [108.34745, 13.4154], [108.34953, 13.41301], [108.35211, 13.41244], [108.35576, 13.41337], [108.36234, 13.41312], [108.36538, 13.41429], [108.36637, 13.41304], [108.36544, 13.41129], [108.36613, 13.41035], [108.36934, 13.41134], [108.37239, 13.41086], [108.37405, 13.41152], [108.37343, 13.41598], [108.38229, 13.41826], [108.38405, 13.4165], [108.38324, 13.4145], [108.38464, 13.41377], [108.38552, 13.41212], [108.38681, 13.41529], [108.3897, 13.41485], [108.39234, 13.41559], [108.39145, 13.4178], [108.39243, 13.41897], [108.39341, 13.41886], [108.39329, 13.41707], [108.39468, 13.41754], [108.39579, 13.41641], [108.39747, 13.41667], [108.39797, 13.41738], [108.39678, 13.42111], [108.39729, 13.42166], [108.39976, 13.42165], [108.40115, 13.4196], [108.40242, 13.4219], [108.40345, 13.42209], [108.40677, 13.41849], [108.41156, 13.42049], [108.41384, 13.41958], [108.41538, 13.42009], [108.41661, 13.42238], [108.41602, 13.42292], [108.41646, 13.42496], [108.41992, 13.42699], [108.42059, 13.4295], [108.42323, 13.43135], [108.42287, 13.43215], [108.42504, 13.43993], [108.42646, 13.44073], [108.42702, 13.44015], [108.42629, 13.43976], [108.42718, 13.43893], [108.42815, 13.43954], [108.42902, 13.43896], [108.43012, 13.44067], [108.43128, 13.43943], [108.43294, 13.4411], [108.43311, 13.44288], [108.43568, 13.44211], [108.43689, 13.44266], [108.43684, 13.44627], [108.4345, 13.44762], [108.43138, 13.44777], [108.43059, 13.44702], [108.43003, 13.44275], [108.42691, 13.44347], [108.42709, 13.44785], [108.42481, 13.45203], [108.42481, 13.45702], [108.42396, 13.45822], [108.42056, 13.45779], [108.41755, 13.45473], [108.41624, 13.45568], [108.41514, 13.45941], [108.41361, 13.46034], [108.40839, 13.4607], [108.40621, 13.45801], [108.40399, 13.45776], [108.40342, 13.45928], [108.40515, 13.46259], [108.40147, 13.46583], [108.39887, 13.46498], [108.39944, 13.46178], [108.39825, 13.46063], [108.39705, 13.46075], [108.39582, 13.46301], [108.39477, 13.46925], [108.38903, 13.47145], [108.38564, 13.47601], [108.38544, 13.47798], [108.38639, 13.47941], [108.39104, 13.48056]]]}}, {"type": "Feature", "properties": {"other_info": "<div id=\"economy\"><span class=\"cms\">Kinh t\u1ebf: </span><p>+ \u0110\u1ecbnh h\u01b0\u1edbng ph\u00e1t tri\u1ec3n KTXH:&nbsp;Ph\u00e1t tri\u1ec3n kinh t\u1ebf n\u00f4ng th\u00f4n+&nbsp;Khu, c\u1ee5m CN tr\u00ean \u0111\u1ecba b\u00e0n:&nbsp;CCN Ch\u01b0 P\u01b0h (48,0ha)</p></div><div id=\"ethnicity\"><span class=\"cms\">D\u00e2n t\u1ed9c: </span><p>T\u1ef7 l\u1ec7 \u0111\u1ed3ng b\u00e0o DTTS:&nbsp;64,00%</p></div>", "dan_so": "37.165 ", "lanh_dao": "<p>+ Rah Lan L\u00e2n,&nbsp;B\u00ed th\u01b0 \u0110\u1ea3ng u\u1ef7 - Ch\u1ee7 t\u1ecbch H\u0110ND (\u0110t: 0973033579)</p><p>+&nbsp;Tr\u1ea7n Minh T\u00e2m,&nbsp;Ch\u1ee7 t\u1ecbch UBND (\u0110t:&nbsp;0868439579)</p>", "sap_nhap": "Ia Dreng, Ia Rong, HB\u00f4ng, Ia Hr\u00fa", "dtich_km2": "241,80 ", "ma_xa": 84, "tru_so": "<p>+ \u0110\u1ea3ng \u1ee7y-Trung t\u00e2m PVHCC-H\u0110ND (C\u01a1 s\u1edf 1)-UBND (C\u01a1 s\u1edf 1):&nbsp;Th\u00f4n Tao Chor, x\u00e3 Ia Hr\u00fa<br>+ H\u0110ND (C\u01a1 s\u1edf 2)-UBND (C\u01a1 s\u1edf 2)-MTTQ:&nbsp;Th\u00f4n Tung Blai, x\u00e3 Ia Hr\u00fa<del></del></p>", "url": "https://baogialai.com.vn/dia-phuong/xa-ia-hru/84.html", "ten_xa": "X\u00e3 Ia Hr\u00fa", "order": 100}, "geometry": {"type": "Polygon", "coordinates": [[[108.29429, 13.67853], [108.27568, 13.69716], [108.26352, 13.704], [108.25148, 13.70656], [108.23919, 13.69696], [108.23341, 13.68404], [108.21925, 13.68619], [108.18278, 13.68171], [108.19633, 13.67656], [108.18866, 13.66135], [108.18851, 13.65902], [108.18369, 13.64922], [108.18468, 13.64749], [108.17988, 13.64457], [108.1806, 13.64329], [108.18024, 13.64143], [108.18301, 13.64013], [108.18201, 13.63811], [108.17886, 13.63628], [108.1761, 13.63629], [108.17414, 13.63409], [108.17296, 13.63418], [108.17305, 13.63352], [108.17042, 13.63424], [108.16831, 13.6338], [108.16797, 13.63506], [108.16587, 13.63403], [108.16507, 13.63236], [108.16221, 13.63108], [108.15779, 13.6327], [108.15427, 13.63172], [108.15108, 13.63375], [108.14981, 13.63689], [108.14973, 13.64185], [108.14533, 13.64831], [108.14131, 13.64681], [108.13851, 13.64822], [108.13733, 13.64526], [108.13858, 13.64425], [108.13897, 13.64136], [108.14027, 13.6405], [108.13356, 13.64147], [108.12823, 13.63985], [108.1267, 13.64067], [108.1239, 13.63937], [108.12309, 13.64], [108.12094, 13.6381], [108.11912, 13.63899], [108.11611, 13.63792], [108.11454, 13.63825], [108.11429, 13.63603], [108.11053, 13.63515], [108.10581, 13.64433], [108.10263, 13.64273], [108.10106, 13.63716], [108.10581, 13.63139], [108.10582, 13.62767], [108.10777, 13.6229], [108.10747, 13.6193], [108.10648, 13.61719], [108.10562, 13.61652], [108.10455, 13.61688], [108.10267, 13.61948], [108.09948, 13.61974], [108.09796, 13.62175], [108.0948, 13.62096], [108.0928, 13.62272], [108.09223, 13.62466], [108.08874, 13.62435], [108.07305, 13.62678], [108.0723, 13.62238], [108.07039, 13.62427], [108.06777, 13.62425], [108.06748, 13.62307], [108.06938, 13.61874], [108.06656, 13.6128], [108.0657, 13.60712], [108.06272, 13.60339], [108.06006, 13.60199], [108.0606, 13.60085], [108.06173, 13.60063], [108.06208, 13.59586], [108.05641, 13.59499], [108.05643, 13.59432], [108.05328, 13.59297], [108.05324, 13.59215], [108.05177, 13.59263], [108.04673, 13.58985], [108.04546, 13.5867], [108.04318, 13.58439], [108.04368, 13.58327], [108.04188, 13.58114], [108.04184, 13.57951], [108.04271, 13.57956], [108.0435, 13.57654], [108.04785, 13.5774], [108.05034, 13.5772], [108.0505, 13.57658], [108.05248, 13.5777], [108.05263, 13.57694], [108.05671, 13.57779], [108.05681, 13.57661], [108.05957, 13.57748], [108.06333, 13.5771], [108.06454, 13.5755], [108.06591, 13.57559], [108.06949, 13.57301], [108.0706, 13.56961], [108.07212, 13.56898], [108.07312, 13.56942], [108.07411, 13.57216], [108.07598, 13.5732], [108.07734, 13.57263], [108.0778, 13.57115], [108.0794, 13.57084], [108.08017, 13.5744], [108.0825, 13.57457], [108.08226, 13.57745], [108.08399, 13.57656], [108.08935, 13.57674], [108.08936, 13.57594], [108.09061, 13.5754], [108.09368, 13.57631], [108.09372, 13.57574], [108.09925, 13.57501], [108.10578, 13.5757], [108.10592, 13.57499], [108.10847, 13.57508], [108.11444, 13.57626], [108.11519, 13.57564], [108.11684, 13.57693], [108.12246, 13.57443], [108.12488, 13.57421], [108.12712, 13.57181], [108.12967, 13.57179], [108.13254, 13.56333], [108.13371, 13.56274], [108.13382, 13.55978], [108.13562, 13.55859], [108.13804, 13.55492], [108.13858, 13.55154], [108.14131, 13.54801], [108.14588, 13.54635], [108.14733, 13.54273], [108.15091, 13.54229], [108.15177, 13.54328], [108.15365, 13.54289], [108.15505, 13.5442], [108.15921, 13.54189], [108.16089, 13.54357], [108.16225, 13.54286], [108.163, 13.54426], [108.16496, 13.54331], [108.1644, 13.54675], [108.16872, 13.54746], [108.16801, 13.55136], [108.16936, 13.55382], [108.17201, 13.55344], [108.17246, 13.5553], [108.17438, 13.55558], [108.18354, 13.55402], [108.18433, 13.55549], [108.18553, 13.55553], [108.1869, 13.55479], [108.18708, 13.55201], [108.19299, 13.5435], [108.19697, 13.54352], [108.20046, 13.54453], [108.20087, 13.544], [108.19977, 13.54307], [108.19985, 13.54172], [108.20276, 13.5391], [108.20394, 13.53935], [108.20489, 13.54078], [108.20572, 13.5399], [108.20536, 13.53892], [108.20804, 13.53862], [108.20795, 13.53633], [108.20953, 13.53358], [108.21605, 13.53275], [108.21869, 13.53476], [108.22355, 13.53595], [108.22486, 13.53569], [108.22484, 13.5346], [108.22653, 13.53459], [108.22908, 13.53286], [108.22982, 13.5346], [108.23289, 13.53545], [108.23414, 13.53896], [108.23302, 13.54035], [108.23367, 13.54222], [108.23307, 13.5454], [108.23464, 13.54608], [108.23565, 13.5491], [108.23569, 13.55405], [108.23603, 13.55499], [108.23685, 13.55477], [108.2355, 13.55631], [108.23649, 13.55824], [108.23582, 13.56147], [108.23651, 13.56184], [108.2363, 13.56274], [108.2351, 13.56269], [108.23525, 13.56833], [108.23406, 13.57087], [108.23428, 13.57216], [108.23245, 13.57319], [108.23199, 13.57939], [108.23294, 13.57915], [108.23317, 13.58135], [108.23529, 13.58256], [108.2356, 13.58381], [108.23462, 13.58446], [108.24281, 13.5921], [108.24346, 13.59542], [108.25075, 13.60282], [108.25438, 13.60919], [108.26684, 13.62437], [108.26814, 13.63211], [108.26781, 13.63437], [108.26901, 13.63727], [108.27732, 13.64293], [108.2765, 13.64795], [108.27814, 13.64897], [108.27856, 13.65017], [108.27529, 13.65129], [108.27689, 13.65323], [108.27582, 13.6541], [108.27724, 13.65413], [108.2756, 13.65611], [108.27636, 13.65799], [108.27523, 13.6605], [108.27602, 13.66398], [108.27563, 13.66641], [108.2775, 13.66398], [108.28257, 13.6619], [108.28375, 13.66179], [108.28541, 13.66389], [108.28897, 13.66316], [108.28983, 13.66418], [108.30114, 13.66153], [108.3084, 13.66589], [108.3118, 13.67004], [108.31666, 13.67124], [108.31536, 13.67359], [108.31592, 13.67526], [108.31523, 13.67644], [108.3054, 13.6744], [108.29429, 13.67853]]]}}, {"type": "Feature", "properties": {"other_info": "<div id=\"economy\"><span class=\"cms\">Kinh t\u1ebf: </span><p>+ \u0110\u1ecbnh h\u01b0\u1edbng ph\u00e1t tri\u1ec3n KTXH:&nbsp;Ph\u00e1t tri\u1ec3n kinh t\u1ebf \u0111\u00f4 th\u1ecb - n\u00f4ng th\u00f4n+ Khu, c\u1ee5m CN tr\u00ean \u0111\u1ecba b\u00e0n:&nbsp;CCN Ia Grai (52,7ha)+ D\u1ef1 \u00e1n ph\u00e1t tri\u1ec3n KTXH:&nbsp;Khu DLST \u0111\u1ed3i th\u00f4ng 65ha; C\u1ee5m CN Ia Grai 60 ha</p></div><div id=\"ethnicity\"><span class=\"cms\">D\u00e2n t\u1ed9c: </span><p>T\u1ef7 l\u1ec7 \u0111\u1ed3ng b\u00e0o DTTS:&nbsp;49,00%</p></div>", "dan_so": "37.219 ", "lanh_dao": "<p>+ T\u1ed1ng Th\u1edbi M\u1ed1c,&nbsp;B\u00ed th\u01b0 \u0110\u1ea3ng u\u1ef7 - Ch\u1ee7 t\u1ecbch H\u0110ND (\u0110t: 0906579097)</p><p>+&nbsp;Krung Dam \u0110o\u00e0n,&nbsp;Ch\u1ee7 t\u1ecbch UBND (\u0110t: 0965751122) </p>", "sap_nhap": "Ia Sao (huy\u00ea\u0323n Ia Grai), Ia Yok, Ia D\u00ear, Ia Hrung", "dtich_km2": "169,15 ", "ma_xa": 85, "tru_so": "<p>Th\u00f4n T\u00e2n L\u1eadp, x\u00e3 Ia Hrung</p>", "url": "https://baogialai.com.vn/dia-phuong/xa-ia-hrung/85.html", "ten_xa": "X\u00e3 Ia Hrung", "order": 100}, "geometry": {"type": "Polygon", "coordinates": [[[107.87832, 14.03849], [107.87904, 14.03771], [107.87302, 14.03195], [107.87219, 14.03294], [107.87306, 14.03623], [107.87138, 14.03602], [107.87087, 14.03713], [107.86937, 14.03688], [107.86584, 14.0397], [107.86405, 14.03835], [107.86377, 14.04047], [107.86122, 14.03903], [107.86018, 14.04024], [107.8595, 14.04005], [107.85971, 14.03869], [107.85813, 14.03489], [107.85856, 14.03207], [107.85751, 14.03055], [107.85727, 14.02792], [107.85645, 14.0276], [107.85678, 14.02618], [107.85624, 14.02553], [107.85468, 14.02576], [107.85416, 14.02415], [107.8562, 14.00783], [107.84909, 14.00177], [107.84524, 13.99389], [107.8447, 13.98796], [107.84862, 13.98764], [107.84849, 13.98815], [107.85248, 13.9885], [107.85395, 13.98707], [107.85311, 13.98619], [107.86078, 13.98274], [107.861, 13.98426], [107.86331, 13.98585], [107.8657, 13.98398], [107.87387, 13.98299], [107.87854, 13.98136], [107.88631, 13.98307], [107.8891, 13.98558], [107.8915, 13.9857], [107.89201, 13.98409], [107.89506, 13.98385], [107.89658, 13.97722], [107.89737, 13.97649], [107.89627, 13.97281], [107.89916, 13.96783], [107.8984, 13.96709], [107.90027, 13.96512], [107.89803, 13.96144], [107.89801, 13.95905], [107.89713, 13.95825], [107.89827, 13.95437], [107.90192, 13.953], [107.90315, 13.95137], [107.90419, 13.95149], [107.90456, 13.94998], [107.90701, 13.9512], [107.91018, 13.95139], [107.91191, 13.95024], [107.91355, 13.95115], [107.9199, 13.94761], [107.92337, 13.94758], [107.92734, 13.94446], [107.93081, 13.94463], [107.93297, 13.94337], [107.93468, 13.94043], [107.93733, 13.93874], [107.94004, 13.93894], [107.94028, 13.94055], [107.94228, 13.94165], [107.94619, 13.94708], [107.94864, 13.94802], [107.95297, 13.94736], [107.95485, 13.95005], [107.95729, 13.95171], [107.95724, 13.95352], [107.95622, 13.95505], [107.95206, 13.95793], [107.95334, 13.96125], [107.95699, 13.96311], [107.96251, 13.96273], [107.96559, 13.96512], [107.96825, 13.96431], [107.96991, 13.96573], [107.97405, 13.96621], [107.97596, 13.968], [107.97719, 13.96715], [107.9811, 13.96688], [107.98106, 13.96999], [107.98283, 13.96953], [107.98233, 13.97132], [107.98334, 13.97216], [107.98324, 13.97883], [107.98729, 13.9869], [107.98914, 13.99372], [107.98803, 13.99666], [107.98654, 13.99711], [107.98636, 13.99813], [107.98553, 13.99798], [107.98533, 14.00079], [107.9862, 14.00313], [107.98544, 14.00385], [107.98306, 14.00351], [107.98254, 14.00542], [107.98139, 14.00604], [107.98114, 14.00695], [107.98221, 14.00695], [107.98204, 14.01118], [107.97629, 14.01159], [107.97283, 14.01004], [107.9713, 14.01056], [107.97112, 14.01156], [107.96964, 14.01155], [107.96472, 14.00931], [107.96414, 14.0106], [107.96104, 14.00971], [107.95958, 14.01831], [107.96385, 14.01983], [107.9636, 14.02209], [107.9616, 14.02192], [107.96101, 14.02327], [107.96484, 14.02915], [107.96294, 14.03915], [107.97709, 14.04193], [107.98395, 14.04], [107.98422, 14.04326], [107.9834, 14.04583], [107.98535, 14.0502], [107.98389, 14.05233], [107.97857, 14.05156], [107.97688, 14.053], [107.975, 14.05334], [107.97212, 14.05249], [107.96649, 14.0536], [107.9647, 14.05207], [107.96222, 14.05166], [107.9642, 14.05571], [107.9639, 14.05875], [107.96276, 14.06055], [107.96179, 14.06734], [107.96, 14.06846], [107.9585, 14.07088], [107.95945, 14.07271], [107.95829, 14.073], [107.95829, 14.07515], [107.95695, 14.07442], [107.95618, 14.07504], [107.95498, 14.07344], [107.95074, 14.07498], [107.9517, 14.07749], [107.94889, 14.07748], [107.94654, 14.08011], [107.94581, 14.07927], [107.94396, 14.08074], [107.94381, 14.08202], [107.94166, 14.08273], [107.93944, 14.0852], [107.9377, 14.08446], [107.93821, 14.08382], [107.9373, 14.08033], [107.93351, 14.0834], [107.93081, 14.08387], [107.92698, 14.08714], [107.92812, 14.09088], [107.92136, 14.0943], [107.91853, 14.09331], [107.91654, 14.09463], [107.91266, 14.09511], [107.91204, 14.09651], [107.91066, 14.09619], [107.9096, 14.09848], [107.90614, 14.09898], [107.90528, 14.10156], [107.90378, 14.10014], [107.9028, 14.10077], [107.90027, 14.10033], [107.89983, 14.10195], [107.8988, 14.10225], [107.89742, 14.10004], [107.89545, 14.09885], [107.89391, 14.09916], [107.89311, 14.1002], [107.89077, 14.09983], [107.8893, 14.10079], [107.88845, 14.09996], [107.8889, 14.10187], [107.88717, 14.10299], [107.88803, 14.1038], [107.88774, 14.10545], [107.88527, 14.10531], [107.8802, 14.09663], [107.88085, 14.09533], [107.87905, 14.09226], [107.87801, 14.09116], [107.87655, 14.09146], [107.8746, 14.08729], [107.87539, 14.08679], [107.87601, 14.08279], [107.87054, 14.08169], [107.86403, 14.07891], [107.86469, 14.07614], [107.87115, 14.07203], [107.87003, 14.06773], [107.87038, 14.06524], [107.86943, 14.06372], [107.8665, 14.0622], [107.86481, 14.0589], [107.86679, 14.05882], [107.86748, 14.05971], [107.86733, 14.05749], [107.87068, 14.05652], [107.87205, 14.05499], [107.87214, 14.05374], [107.87365, 14.05355], [107.8753, 14.04895], [107.87902, 14.04773], [107.87828, 14.04527], [107.88039, 14.04388], [107.87892, 14.04294], [107.87919, 14.03987], [107.87832, 14.03849]]]}}, {"type": "Feature", "properties": {"other_info": "<div id=\"economy\"><span class=\"cms\">Kinh t\u1ebf: </span><p>+ \u0110\u1ecbnh h\u01b0\u1edbng ph\u00e1t tri\u1ec3n KTXH:&nbsp;Ph\u00e1t tri\u1ec3n kinh t\u1ebf n\u00f4ng th\u00f4n; Khu, c\u1ee5m CN tr\u00ean \u0111\u1ecba b\u00e0n:&nbsp;CCN - TTCN huy\u1ec7n Ch\u01b0 P\u0103h (53,9ha)</p></div><div id=\"ethnicity\"><span class=\"cms\">D\u00e2n t\u1ed9c: </span><p>T\u1ef7 l\u1ec7 \u0111\u1ed3ng b\u00e0o DTTS:&nbsp;83,00%</p></div>", "dan_so": "17.151 ", "lanh_dao": "<p>+ R\u01a1 Ch\u00e2m H`Phik,&nbsp;B\u00ed th\u01b0 \u0110\u1ea3ng u\u1ef7 - Ch\u1ee7 t\u1ecbch H\u0110ND (\u0110t: 0912171479)</p><p>+ Ph\u1ea1m Minh Ch\u00e2u,&nbsp;Ch\u1ee7 t\u1ecbch UBND (\u0110t: 0982239994)</p>", "sap_nhap": "\u0110\u0103k T\u01a1 Ver, H\u00e0 T\u00e2y, Ia Kh\u01b0\u01a1l", "dtich_km2": "351,97 ", "ma_xa": 86, "tru_so": "<p>Th\u00f4n \u0110\u1ea1i An 2, x\u00e3 Ia Kh\u01b0\u01a1l</p>", "url": "https://baogialai.com.vn/dia-phuong/xa-ia-khuol/86.html", "ten_xa": "X\u00e3 Ia Kh\u01b0\u01a1l", "order": 100}, "geometry": {"type": "Polygon", "coordinates": [[[108.01667, 14.24945], [108.01674, 14.24452], [108.01548, 14.2439], [108.01514, 14.24066], [108.01152, 14.24079], [108.00999, 14.23958], [108.0072, 14.23989], [108.00465, 14.24261], [108.00037, 14.24491], [107.99806, 14.24432], [107.99221, 14.24546], [107.9887, 14.24405], [107.98656, 14.24519], [107.98342, 14.24438], [107.98208, 14.24479], [107.97982, 14.24292], [107.97985, 14.24206], [107.97794, 14.24143], [107.97782, 14.23939], [107.97395, 14.23818], [107.97042, 14.23576], [107.97013, 14.23471], [107.96798, 14.23363], [107.9678, 14.23242], [107.96128, 14.22742], [107.95509, 14.23093], [107.94939, 14.24247], [107.94673, 14.24285], [107.94844, 14.24011], [107.9489, 14.23748], [107.9477, 14.23649], [107.94839, 14.23533], [107.94708, 14.23264], [107.94553, 14.23172], [107.94404, 14.22861], [107.94724, 14.22136], [107.94676, 14.21534], [107.94758, 14.21292], [107.94134, 14.20765], [107.94033, 14.20602], [107.94088, 14.20427], [107.93967, 14.20404], [107.93961, 14.20263], [107.93773, 14.20275], [107.93791, 14.19818], [107.9373, 14.19686], [107.9361, 14.19646], [107.93586, 14.19508], [107.93489, 14.19503], [107.93467, 14.19354], [107.93806, 14.19245], [107.94016, 14.19264], [107.94545, 14.1892], [107.94799, 14.1898], [107.95115, 14.1872], [107.9532, 14.1883], [107.95648, 14.18776], [107.9582, 14.18905], [107.96159, 14.18877], [107.96604, 14.18349], [107.96686, 14.18371], [107.96924, 14.18156], [107.97055, 14.18188], [107.97185, 14.18113], [107.97472, 14.17816], [107.97927, 14.17671], [107.98175, 14.17761], [107.98368, 14.17682], [107.98594, 14.17755], [107.98703, 14.17909], [107.99207, 14.18121], [107.99326, 14.1838], [107.99411, 14.18405], [107.99571, 14.18297], [107.99725, 14.18038], [107.99705, 14.17561], [108.00127, 14.17521], [108.00192, 14.173], [108.00424, 14.17192], [108.00539, 14.1723], [108.00638, 14.16925], [108.00755, 14.1681], [108.00751, 14.16572], [108.00852, 14.16479], [108.01759, 14.16682], [108.02725, 14.16735], [108.03606, 14.16551], [108.04251, 14.17015], [108.04505, 14.16738], [108.04586, 14.16515], [108.04866, 14.16562], [108.05511, 14.17865], [108.05898, 14.17259], [108.0604, 14.17172], [108.06071, 14.16606], [108.06147, 14.16442], [108.06324, 14.16364], [108.0656, 14.16069], [108.06763, 14.15594], [108.07474, 14.15134], [108.07603, 14.14743], [108.07937, 14.14408], [108.08362, 14.1432], [108.08519, 14.14476], [108.09022, 14.14628], [108.09139, 14.14888], [108.08939, 14.15367], [108.08667, 14.15565], [108.08289, 14.15616], [108.08188, 14.15725], [108.07845, 14.17561], [108.08204, 14.17663], [108.08465, 14.17903], [108.08504, 14.18122], [108.08613, 14.18237], [108.0922, 14.18413], [108.09222, 14.18677], [108.09517, 14.19035], [108.09654, 14.19084], [108.09704, 14.19259], [108.09813, 14.19289], [108.09836, 14.19573], [108.10284, 14.19467], [108.1046, 14.19967], [108.10794, 14.20043], [108.10763, 14.20242], [108.10598, 14.20374], [108.10752, 14.20387], [108.10823, 14.20628], [108.10953, 14.20601], [108.10993, 14.20421], [108.11117, 14.20549], [108.11097, 14.20641], [108.10983, 14.20677], [108.11004, 14.21002], [108.11171, 14.21015], [108.11414, 14.21387], [108.11528, 14.21388], [108.11553, 14.21585], [108.11628, 14.21622], [108.11604, 14.21813], [108.11821, 14.21996], [108.11913, 14.21911], [108.12106, 14.22036], [108.12229, 14.22368], [108.12587, 14.22523], [108.12973, 14.22299], [108.13084, 14.22406], [108.13149, 14.22363], [108.1321, 14.22568], [108.13406, 14.22753], [108.13782, 14.22885], [108.13896, 14.22763], [108.14161, 14.22787], [108.14528, 14.23022], [108.14668, 14.22945], [108.14736, 14.22767], [108.14952, 14.22651], [108.15222, 14.22924], [108.15383, 14.22899], [108.15695, 14.23009], [108.16226, 14.23331], [108.16373, 14.23234], [108.16363, 14.23118], [108.1652, 14.22933], [108.16601, 14.22658], [108.16807, 14.22559], [108.17105, 14.22544], [108.17588, 14.22298], [108.17883, 14.21991], [108.17994, 14.21686], [108.18209, 14.21502], [108.18555, 14.21385], [108.18813, 14.2156], [108.19276, 14.21635], [108.19486, 14.21882], [108.1934, 14.21957], [108.19318, 14.22092], [108.19441, 14.22321], [108.1967, 14.23639], [108.19841, 14.23957], [108.20205, 14.24325], [108.2026, 14.24697], [108.20653, 14.25347], [108.20635, 14.25923], [108.21097, 14.26061], [108.21114, 14.26328], [108.21231, 14.26542], [108.21171, 14.26783], [108.21335, 14.26901], [108.21247, 14.27266], [108.2091, 14.27396], [108.202, 14.28175], [108.20189, 14.28327], [108.20253, 14.28507], [108.2055, 14.28642], [108.20526, 14.28793], [108.20646, 14.29138], [108.20631, 14.2971], [108.20767, 14.29912], [108.20629, 14.30237], [108.20617, 14.31377], [108.2116, 14.3218], [108.20494, 14.32665], [108.20389, 14.32403], [108.19968, 14.31966], [108.19672, 14.32128], [108.19494, 14.32288], [108.1951, 14.32453], [108.19372, 14.32564], [108.19536, 14.33174], [108.19439, 14.33483], [108.19539, 14.33796], [108.19837, 14.34185], [108.19958, 14.34501], [108.20092, 14.34675], [108.2028, 14.34649], [108.2051, 14.34916], [108.20653, 14.35312], [108.21295, 14.35288], [108.21408, 14.35456], [108.21626, 14.35543], [108.21671, 14.35707], [108.21571, 14.3596], [108.21674, 14.36141], [108.22034, 14.36225], [108.22185, 14.36368], [108.22382, 14.36379], [108.22387, 14.3653], [108.22555, 14.36803], [108.22765, 14.36868], [108.22839, 14.37179], [108.22619, 14.37345], [108.22603, 14.37554], [108.22806, 14.37753], [108.22856, 14.3816], [108.2298, 14.38234], [108.23249, 14.38982], [108.22948, 14.39236], [108.22511, 14.39108], [108.2215, 14.39163], [108.2137, 14.38719], [108.20958, 14.3874], [108.2062, 14.3818], [108.20437, 14.38046], [108.20498, 14.37787], [108.20283, 14.37672], [108.20352, 14.37473], [108.20075, 14.37533], [108.19842, 14.37685], [108.19901, 14.37303], [108.19521, 14.37273], [108.19265, 14.37382], [108.19195, 14.37151], [108.1895, 14.36858], [108.18838, 14.36934], [108.18794, 14.3681], [108.18575, 14.36881], [108.18377, 14.368], [108.18228, 14.36934], [108.18088, 14.36796], [108.17728, 14.36797], [108.17619, 14.36648], [108.17266, 14.36687], [108.16994, 14.36811], [108.1665, 14.36457], [108.16365, 14.3644], [108.16312, 14.36214], [108.16232, 14.36177], [108.16047, 14.36287], [108.15723, 14.35742], [108.15797, 14.35613], [108.15641, 14.35382], [108.15173, 14.35356], [108.15128, 14.35145], [108.15209, 14.35046], [108.15431, 14.35042], [108.15452, 14.34932], [108.15375, 14.34876], [108.14896, 14.349], [108.14743, 14.34761], [108.14598, 14.34772], [108.14506, 14.35031], [108.14204, 14.35334], [108.14312, 14.35447], [108.14516, 14.35475], [108.14622, 14.35622], [108.14811, 14.35568], [108.14763, 14.35757], [108.14959, 14.35946], [108.14938, 14.36035], [108.14289, 14.35947], [108.13959, 14.36016], [108.1395, 14.35691], [108.13664, 14.35664], [108.13505, 14.3552], [108.1329, 14.35609], [108.12701, 14.35662], [108.1182, 14.36311], [108.11484, 14.36324], [108.11281, 14.36113], [108.11205, 14.35825], [108.10857, 14.35334], [108.11196, 14.34826], [108.11234, 14.34587], [108.11091, 14.34462], [108.10898, 14.34516], [108.10465, 14.34356], [108.10389, 14.34215], [108.10485, 14.33885], [108.10448, 14.33761], [108.10259, 14.33749], [108.10041, 14.33512], [108.08255, 14.33437], [108.08016, 14.33382], [108.07853, 14.33237], [108.07811, 14.32989], [108.07937, 14.32805], [108.08255, 14.32611], [108.08664, 14.32489], [108.08814, 14.32323], [108.08826, 14.3205], [108.08729, 14.3174], [108.08811, 14.31673], [108.0882, 14.31518], [108.08476, 14.31328], [108.08099, 14.31365], [108.08147, 14.31019], [108.07753, 14.30898], [108.07366, 14.30656], [108.07224, 14.30382], [108.07342, 14.30089], [108.07038, 14.29864], [108.07202, 14.2965], [108.07213, 14.29461], [108.07052, 14.29334], [108.06771, 14.28902], [108.06816, 14.28794], [108.06703, 14.28715], [108.06691, 14.28546], [108.06851, 14.28382], [108.06599, 14.28119], [108.06659, 14.27766], [108.06456, 14.27583], [108.06255, 14.27521], [108.06265, 14.27296], [108.0599, 14.27076], [108.05874, 14.26861], [108.06033, 14.26541], [108.05704, 14.26536], [108.05515, 14.26629], [108.0495, 14.2731], [108.04557, 14.27314], [108.04326, 14.27693], [108.04016, 14.27742], [108.03698, 14.27454], [108.03473, 14.27404], [108.03342, 14.26744], [108.03076, 14.26637], [108.03115, 14.26503], [108.02448, 14.25669], [108.02571, 14.25455], [108.02502, 14.25228], [108.02265, 14.25108], [108.02013, 14.24831], [108.01667, 14.24945]]]}}, {"type": "Feature", "properties": {"other_info": "<div id=\"economy\"><span class=\"cms\">Kinh t\u1ebf: </span><p>\u0110\u1ecbnh h\u01b0\u1edbng ph\u00e1t tri\u1ec3n KTXH:&nbsp;Ph\u00e1t tri\u1ec3n kinh t\u1ebf n\u00f4ng th\u00f4n</p></div><div id=\"ethnicity\"><span class=\"cms\">D\u00e2n t\u1ed9c: </span><p>T\u1ef7 l\u1ec7 \u0111\u1ed3ng b\u00e0o DTTS:&nbsp;51,00%</p></div>", "dan_so": "24.935 ", "lanh_dao": "<p>+ D\u01b0\u01a1ng M\u1ea1nh M\u1eabn,&nbsp;B\u00ed th\u01b0 \u0110\u1ea3ng u\u1ef7 - Ch\u1ee7 t\u1ecbch H\u0110ND (\u0110t: 0905885176)</p><p>+ V\u00f5 C\u00f4ng Ho\u00e0,&nbsp;Ch\u1ee7 t\u1ecbch UBND (\u0110t: 0905278779)</p>", "sap_nhap": "Ia Hl\u1ed1p, Ia Hla, Ia Ko", "dtich_km2": "210,72 ", "ma_xa": 87, "tru_so": "<p style=\"text-align: justify;\">+&nbsp;L\u00e0ng O Bung, x\u00e3 Ia Ko, t\u1ec9nh Gia Lai (Tr\u1ee5 s\u1edf x\u00e3 Ia Ko tr\u01b0\u1edbc \u0111\u00e2y)</p>", "url": "https://baogialai.com.vn/dia-phuong/xa-ia-ko/87.html", "ten_xa": "X\u00e3 Ia Ko", "order": 100}, "geometry": {"type": "Polygon", "coordinates": [[[108.09288, 13.6242], [108.09336, 13.62602], [108.09188, 13.6275], [108.09224, 13.62836], [108.09141, 13.6277], [108.09101, 13.62892], [108.08999, 13.62877], [108.09038, 13.63001], [108.08766, 13.63033], [108.08762, 13.63137], [108.08623, 13.63133], [108.08662, 13.6326], [108.08548, 13.63311], [108.07942, 13.63429], [108.07832, 13.63593], [108.07683, 13.6357], [108.07497, 13.63685], [108.07313, 13.63979], [108.07307, 13.64154], [108.07027, 13.64469], [108.07067, 13.64544], [108.06829, 13.64814], [108.06711, 13.65087], [108.06535, 13.65207], [108.06444, 13.65509], [108.06007, 13.65769], [108.06043, 13.65898], [108.05923, 13.65975], [108.05936, 13.66202], [108.05846, 13.6625], [108.05976, 13.66407], [108.05864, 13.66686], [108.06028, 13.67101], [108.0594, 13.67335], [108.05786, 13.67412], [108.0586, 13.67556], [108.05853, 13.67939], [108.06124, 13.68345], [108.06157, 13.68646], [108.0604, 13.68798], [108.06065, 13.69077], [108.0594, 13.69154], [108.0599, 13.69247], [108.05894, 13.69315], [108.05893, 13.69476], [108.05721, 13.69622], [108.05692, 13.69757], [108.0542, 13.69884], [108.05449, 13.69959], [108.05328, 13.70025], [108.05293, 13.7015], [108.05255, 13.70102], [108.05238, 13.7021], [108.05022, 13.70287], [108.04305, 13.69868], [108.03536, 13.70387], [108.03432, 13.70629], [108.03176, 13.70475], [108.0304, 13.70733], [108.02885, 13.70836], [108.02527, 13.706], [108.02256, 13.70846], [108.01976, 13.70637], [108.01725, 13.70611], [108.01677, 13.70666], [108.01551, 13.7056], [108.0141, 13.70628], [108.01251, 13.70559], [108.01221, 13.70658], [108.00886, 13.70675], [108.00916, 13.70805], [108.00724, 13.70796], [108.00663, 13.71038], [108.00365, 13.71026], [108.00382, 13.70837], [108.00645, 13.70339], [108.00826, 13.70234], [108.00819, 13.69862], [108.00928, 13.69445], [108.00825, 13.69173], [108.00909, 13.68754], [108.00842, 13.6867], [108.00887, 13.68388], [108.0075, 13.68211], [108.00846, 13.6819], [108.009, 13.68019], [108.01143, 13.67891], [108.01082, 13.67769], [108.01295, 13.67635], [108.01443, 13.67329], [108.0142, 13.672], [108.01483, 13.67204], [108.01583, 13.67004], [108.01547, 13.66842], [108.01649, 13.66799], [108.01654, 13.66679], [108.01569, 13.66654], [108.01654, 13.66562], [108.01642, 13.6625], [108.01839, 13.66146], [108.01623, 13.65697], [108.01715, 13.6552], [108.01567, 13.65155], [108.01475, 13.6519], [108.01416, 13.64978], [108.0125, 13.64923], [108.01309, 13.64881], [108.01227, 13.64621], [108.01316, 13.64384], [108.01252, 13.64345], [108.01358, 13.63968], [108.01055, 13.63673], [108.00683, 13.63627], [108.00595, 13.63517], [108.00263, 13.63556], [107.99985, 13.63411], [107.99833, 13.63176], [107.99889, 13.63179], [107.9984, 13.6303], [107.99692, 13.62971], [107.99665, 13.62816], [107.99514, 13.6282], [107.99484, 13.62715], [107.99386, 13.62719], [107.99395, 13.62593], [107.99304, 13.62516], [107.99275, 13.62583], [107.99262, 13.62515], [107.9916, 13.62545], [107.99064, 13.62454], [107.98761, 13.62417], [107.98652, 13.62483], [107.98336, 13.62356], [107.98296, 13.62408], [107.982, 13.62261], [107.98123, 13.62326], [107.97965, 13.6228], [107.97938, 13.62384], [107.97823, 13.62434], [107.9768, 13.62231], [107.977, 13.61745], [107.97527, 13.61481], [107.9732, 13.61426], [107.9726, 13.61122], [107.97045, 13.61089], [107.97154, 13.60917], [107.97306, 13.59831], [107.97209, 13.59519], [107.96721, 13.59603], [107.96668, 13.5952], [107.96373, 13.59458], [107.96136, 13.59118], [107.95977, 13.59169], [107.9593, 13.59101], [107.95716, 13.59321], [107.95486, 13.59381], [107.95056, 13.59354], [107.94545, 13.59096], [107.94461, 13.58676], [107.9455, 13.58683], [107.94587, 13.5856], [107.94482, 13.58405], [107.94477, 13.58206], [107.94223, 13.58069], [107.94134, 13.57806], [107.94233, 13.5777], [107.94157, 13.57442], [107.94258, 13.56972], [107.93661, 13.56575], [107.93469, 13.56214], [107.93434, 13.55748], [107.93239, 13.55441], [107.92911, 13.55215], [107.92897, 13.54998], [107.92778, 13.54894], [107.92797, 13.54536], [107.92613, 13.54494], [107.9268, 13.54409], [107.92634, 13.54301], [107.92713, 13.543], [107.92573, 13.54167], [107.9265, 13.54009], [107.92504, 13.53813], [107.92068, 13.53572], [107.92212, 13.53339], [107.92051, 13.53399], [107.91901, 13.53281], [107.91924, 13.52973], [107.92072, 13.53018], [107.92214, 13.52909], [107.92115, 13.5261], [107.9225, 13.52577], [107.92329, 13.52341], [107.92186, 13.52276], [107.92215, 13.52067], [107.9212, 13.51968], [107.92199, 13.5181], [107.92072, 13.51597], [107.91943, 13.51556], [107.91988, 13.51429], [107.91901, 13.51291], [107.92002, 13.51179], [107.91951, 13.5098], [107.92073, 13.51036], [107.92511, 13.50891], [107.93153, 13.50855], [107.93588, 13.5063], [107.9376, 13.50622], [107.93629, 13.505], [107.93729, 13.50424], [107.93708, 13.50301], [107.93531, 13.50114], [107.93593, 13.49956], [107.93475, 13.49868], [107.9349, 13.49754], [107.93321, 13.49537], [107.93511, 13.49416], [107.93443, 13.49309], [107.94329, 13.48472], [107.9451, 13.48107], [107.94747, 13.47999], [107.94848, 13.48056], [107.95004, 13.48454], [107.94997, 13.48777], [107.95248, 13.48997], [107.95379, 13.49545], [107.95454, 13.49592], [107.96373, 13.49408], [107.96689, 13.49725], [107.97074, 13.49653], [107.97819, 13.49918], [107.98103, 13.50243], [107.98756, 13.50388], [107.99349, 13.50049], [107.99982, 13.50378], [108.0018, 13.50393], [108.00334, 13.50597], [108.00446, 13.50469], [108.0151, 13.50256], [108.01561, 13.50339], [108.01841, 13.50226], [108.01947, 13.50224], [108.02072, 13.50451], [108.02109, 13.5036], [108.02311, 13.50417], [108.02406, 13.50325], [108.02495, 13.50356], [108.02467, 13.50499], [108.0258, 13.50439], [108.02668, 13.50521], [108.02662, 13.50406], [108.02779, 13.50443], [108.02687, 13.50786], [108.02781, 13.50908], [108.02606, 13.50916], [108.02703, 13.51001], [108.02689, 13.51146], [108.02863, 13.5125], [108.02781, 13.51375], [108.02815, 13.51481], [108.02721, 13.51539], [108.03419, 13.51765], [108.03408, 13.51892], [108.03629, 13.51863], [108.03684, 13.51985], [108.03598, 13.5229], [108.0374, 13.52319], [108.03767, 13.52411], [108.03671, 13.52422], [108.03532, 13.52719], [108.0363, 13.52859], [108.03793, 13.52882], [108.03724, 13.52969], [108.03744, 13.53166], [108.03652, 13.53229], [108.03658, 13.53486], [108.03847, 13.5346], [108.03611, 13.53678], [108.0381, 13.53897], [108.03955, 13.53751], [108.04074, 13.538], [108.04208, 13.53651], [108.04326, 13.53866], [108.04301, 13.54069], [108.04398, 13.5431], [108.04527, 13.5452], [108.04741, 13.54657], [108.0482, 13.54915], [108.04668, 13.55265], [108.04726, 13.55468], [108.04614, 13.5589], [108.04434, 13.55981], [108.0449, 13.56144], [108.04715, 13.56322], [108.04685, 13.56443], [108.04813, 13.56579], [108.04865, 13.56819], [108.04749, 13.56836], [108.04796, 13.56926], [108.04696, 13.57059], [108.04752, 13.57196], [108.04529, 13.5751], [108.04369, 13.57602], [108.04266, 13.57963], [108.04176, 13.5797], [108.04191, 13.5812], [108.04368, 13.58327], [108.04318, 13.58439], [108.04546, 13.5867], [108.04684, 13.58993], [108.05177, 13.59263], [108.05324, 13.59215], [108.05328, 13.59297], [108.05643, 13.59432], [108.05641, 13.59499], [108.06208, 13.59586], [108.06173, 13.60063], [108.0606, 13.60085], [108.06006, 13.60199], [108.06272, 13.60339], [108.0657, 13.60712], [108.06656, 13.6128], [108.06938, 13.61874], [108.06748, 13.62307], [108.06777, 13.62425], [108.07039, 13.62427], [108.0723, 13.62238], [108.07307, 13.62678], [108.09288, 13.6242]]]}}, {"type": "Feature", "properties": {"other_info": "<div id=\"economy\"><span class=\"cms\">Kinh t\u1ebf: </span><p>1. Kinh t\u1ebf x\u00e3 Ia Kr\u00e1i ph\u1ee5 thu\u1ed9c ch\u1ee7 y\u1ebfu v\u00e0o n\u00f4ng nghi\u1ec7p. Di\u1ec7n t\u00edch \u0111\u1ea5t s\u1ea3n xu\u1ea5t r\u1ed9ng, m\u00e0u m\u1ee1 th\u00edch h\u1ee3p tr\u1ed3ng c\u00e1c lo\u1ea1i c\u00e2y c\u00f3 gi\u00e1 tr\u1ecb xu\u1ea5t kh\u1ea9u cao, n\u1ed5i b\u1eadt v\u1edbi c\u00e1c lo\u1ea1i c\u00e2y c\u00f4ng nghi\u1ec7p d\u00e0i ng\u00e0y nh\u01b0 c\u00e0 ph\u00ea, cao su, h\u1ed3 ti\u00eau. C\u00e1c lo\u1ea1i c\u00e2y l\u01b0\u01a1ng th\u1ef1c kh\u00e1c ch\u1ee7 y\u1ebfu ch\u1ec9 ph\u1ee5c v\u1ee5 nhu c\u1ea7u t\u1ef1 cung t\u1ef1 c\u1ea5p, nh\u01b0ng v\u1eabn \u0111\u1ea3m b\u1ea3o an ninh l\u01b0\u01a1ng th\u1ef1c. M\u1ed9t s\u1ed1 s\u1ea3n ph\u1ea9m \u0111\u01b0\u1ee3c c\u00f4ng nh\u1eadn OCOP c\u1ea5p t\u1ec9nh nh\u01b0: M\u00edt Th\u00e1i 705, Ch\u00f4m ch\u00f4m Th\u00e1i 705, Y\u1ebfn x\u00e0o Nh\u00e0 Nam, Y\u1ebfn x\u00e0o Ho\u00e0ng San, C\u00e0 ph\u00ea B\u1ed9t nguy\u00ean ch\u1ea5t Xu\u00e2n Khi\u1ec3n. \u0110\u00e2y l\u00e0 nh\u1eefng s\u1ea3n ph\u1ea9m v\u1eeba mang t\u00ednh kinh t\u1ebf, v\u1eeba mang gi\u00e1 tr\u00ed v\u0103n h\u00f3a c\u1ee7a \u0111\u1ecba ph\u01b0\u01a1ng. </p><p>2. T\u1ea1i \u0111\u1ecba ph\u01b0\u01a1ng c\u00f3 ngu\u1ed3n \u0111\u1ed3ng c\u1ecf t\u1ef1 nhi\u00ean v\u00e0 ph\u1ee5 ph\u1ea9m n\u00f4ng nghi\u1ec7p d\u1ed3i d\u00e0o, thu\u1eadn l\u1ee3i nu\u00f4i b\u00f2, heo, gia c\u1ea7m, h\u00ecnh th\u00e0nh c\u00e1c quy m\u00f4 h\u1ed9 gia \u0111\u00ecnh k\u1ebft h\u1ee3p m\u00f4 h\u00ecnh trang tr\u1ea1i. </p><p>3. C\u00e1c ho\u1ea1t \u0111\u1ed9ng bu\u00f4n b\u00e1n t\u1ea1i \u0111\u1ecba ph\u01b0\u01a1ng ch\u1ee7 y\u1ebfu g\u1eafn v\u1edbi n\u00f4ng s\u1ea3n ch\u1ee7 l\u1ef1c nh\u01b0 c\u00e0 ph\u00ea, h\u1ed3 ti\u00eau, \u0111i\u1ec1u v\u00e0 \u0111\u01b0\u1ee3c \u0111i\u1ec5n ra kh\u00e1 s\u00f4i n\u1ed5i, l\u00e0 ngu\u1ed3n thu nh\u1eadp l\u1edbn cho ng\u01b0\u1eddi d\u00e2n \u0111\u1ecba ph\u01b0\u01a1ng. B\u01b0\u1edbc \u0111\u1ea7u h\u00ecnh th\u00e0nh chu\u1ed7i li\u00ean k\u1ebft s\u1ea3n xu\u1ea5t \u2013 ch\u1ebf bi\u1ebfn \u2013 ti\u00eau th\u1ee5. D\u1ecbch v\u1ee5 v\u1eadn t\u1ea3i, th\u01b0\u01a1ng m\u1ea1i n\u1ed9i x\u00e3 v\u00e0 li\u00ean x\u00e3 \u0111ang ph\u00e1t tri\u1ec3n, m\u1edf c\u01a1 h\u1ed9i cho kinh t\u1ebf h\u1ed9 v\u00e0 ti\u1ec3u th\u01b0\u01a1ng.</p></div><div id=\"culture\"><span class=\"cms\">V\u0103n h\u00f3a: </span><p>L\u00e0 \u0111\u1ecba ph\u01b0\u01a1ng s\u1edf h\u1eefu gi\u00e1 tr\u1ecb v\u0103n h\u00f3a, l\u1ecbch s\u1ef1 \u0111\u1eb7c s\u1eafc. Tr\u00ean \u0111\u1ecba b\u00e0n c\u00f3 2 di t\u00edch l\u1ecbch s\u1eed d\u01b0\u1ee3c c\u00f4ng nh\u1eadn l\u00e0 di t\u00edch l\u1ecbch s\u1eed c\u1ea5p t\u1ec9nh l\u00e0 \u201cChi\u1ebfn th\u1eafng Ch\u01b0 Ngh\u00e9\u201d v\u00e0 \u201c B\u1ebfn \u0111\u00f2 A Sanh\u201d. B\u00ean c\u1ea1nh \u0111\u00f3, l\u00e0 x\u00e3 Ia Kr\u00e1i n\u01a1i sinh s\u1ed1ng c\u1ee7a nhi\u1ec1u \u0111\u1ed3ng b\u00e0o, d\u00e2n t\u1ed9c thi\u1ec3u s\u1ed1 nh\u01b0 Jrai, Bahnar n\u00ean v\u0103n h\u00f3a c\u1ed3ng chi\u00eang gi\u1eef vai tr\u00f2 trung t\u00e2m trong \u0111\u1eddi s\u1ed1ng tinh th\u1ea7n. T\u1eeb \u0111\u00f3, thu h\u00fat c\u00e1c d\u1ecbch v\u1ee5 th\u0103m quan tr\u1ea3i nghi\u1ec7m v\u1ec1 l\u1ecbch s\u1eed - l\u1ec5 h\u1ed9i c\u1ed3ng chi\u00eang.</p></div><div id=\"ethnicity\"><span class=\"cms\">D\u00e2n t\u1ed9c: </span><p>T\u1ef7 l\u1ec7 \u0111\u1ed3ng b\u00e0o DTTS:&nbsp;46,00%</p></div>", "dan_so": "28.889 ", "lanh_dao": "<p>+ Nguy\u1ec5n Th\u1ecb L\u00e0nh,&nbsp;B\u00ed th\u01b0 \u0110\u1ea3ng u\u1ef7 - Ch\u1ee7 t\u1ecbch H\u0110ND (\u0110t: 0903538079)</p><p>+ Nguy\u1ec5n Thanh Ph\u01b0\u01a1ng,&nbsp;Ch\u1ee7 t\u1ecbch UBND (\u0110t: 0858009119) </p>", "sap_nhap": "Ia T\u00f4, Ia Khai, Ia Kr\u00e1i", "dtich_km2": "307,83 ", "ma_xa": 88, "tru_so": "<p>+ \u0110\u1ea3ng \u1ee7y-H\u0110ND-UBND-Trung t\u00e2m PVHCC:&nbsp;L\u00e0ng Doch Ia Krot, x\u00e3 Ia Kr\u00e1i</p><p>+ MTTQ:&nbsp;L\u00e0ng Jr\u0103ng Blo, x\u00e3 Ia Kr\u00e1i</p>", "url": "https://baogialai.com.vn/dia-phuong/xa-ia-krai/88.html", "ten_xa": "X\u00e3 Ia Kr\u00e1i", "order": 100}, "geometry": {"type": "Polygon", "coordinates": [[[107.67928, 14.13422], [107.67511, 14.13828], [107.66861, 14.14056], [107.66507, 14.13804], [107.66447, 14.13595], [107.6617, 14.13249], [107.66118, 14.12398], [107.65866, 14.11632], [107.65761, 14.10961], [107.65773, 14.1034], [107.65598, 14.1022], [107.64982, 14.10141], [107.64819, 14.09813], [107.65033, 14.09468], [107.65551, 14.08927], [107.65759, 14.08488], [107.65616, 14.08171], [107.65341, 14.07959], [107.65075, 14.07539], [107.65076, 14.06853], [107.64944, 14.06589], [107.64272, 14.06322], [107.63528, 14.05477], [107.63277, 14.05381], [107.62583, 14.05563], [107.61833, 14.06296], [107.61651, 14.06405], [107.61491, 14.064], [107.61328, 14.06206], [107.61185, 14.05316], [107.60486, 14.04977], [107.60142, 14.04587], [107.60019, 14.03999], [107.60024, 14.03028], [107.59779, 14.02774], [107.58404, 14.02131], [107.57637, 14.01936], [107.57048, 14.02034], [107.55891, 14.02586], [107.5523, 14.02569], [107.54885, 14.02448], [107.54718, 14.02264], [107.54417, 14.01373], [107.54572, 14.01257], [107.5484, 14.01392], [107.55452, 14.01337], [107.55837, 14.00906], [107.5638, 14.01089], [107.56798, 14.00618], [107.56848, 14.00362], [107.57266, 14.00501], [107.57715, 14.00004], [107.57882, 14.0001], [107.57899, 14.00107], [107.58014, 14.0011], [107.57948, 13.9997], [107.58139, 13.99799], [107.58121, 13.99646], [107.58221, 13.99649], [107.5825, 13.9938], [107.58578, 13.99431], [107.58738, 13.99255], [107.58688, 13.99157], [107.58813, 13.99102], [107.59051, 13.99241], [107.59156, 13.99097], [107.59268, 13.99168], [107.5948, 13.99148], [107.59557, 13.98889], [107.59867, 13.9869], [107.59835, 13.98583], [107.60075, 13.98397], [107.6002, 13.98345], [107.6008, 13.98224], [107.60377, 13.98023], [107.60432, 13.98065], [107.605, 13.97817], [107.606, 13.97767], [107.6052, 13.9772], [107.60578, 13.97642], [107.60498, 13.97618], [107.60683, 13.97444], [107.6067, 13.97157], [107.60565, 13.97148], [107.60608, 13.96945], [107.60488, 13.96864], [107.60721, 13.96625], [107.60635, 13.96565], [107.60695, 13.96473], [107.60842, 13.96472], [107.60941, 13.96212], [107.61014, 13.96223], [107.60945, 13.96089], [107.6106, 13.96091], [107.60959, 13.9579], [107.6111, 13.95648], [107.60988, 13.95498], [107.61033, 13.95372], [107.61175, 13.95333], [107.6122, 13.95158], [107.61126, 13.95183], [107.61152, 13.94939], [107.61047, 13.94882], [107.61043, 13.94731], [107.61194, 13.94679], [107.61161, 13.94563], [107.61264, 13.9442], [107.61188, 13.94374], [107.6129, 13.94345], [107.61289, 13.94192], [107.61494, 13.94108], [107.61514, 13.94014], [107.61767, 13.93939], [107.61786, 13.93838], [107.61888, 13.93849], [107.61827, 13.93743], [107.61948, 13.93587], [107.61942, 13.93455], [107.62161, 13.93337], [107.62131, 13.93116], [107.62772, 13.93756], [107.63103, 13.93929], [107.63666, 13.93754], [107.63972, 13.93391], [107.64214, 13.93264], [107.64225, 13.93091], [107.65364, 13.93191], [107.65432, 13.93311], [107.65577, 13.93329], [107.65564, 13.93418], [107.65873, 13.93331], [107.65876, 13.93441], [107.66336, 13.93334], [107.66879, 13.93442], [107.67177, 13.93171], [107.67454, 13.93349], [107.67972, 13.93232], [107.6846, 13.9332], [107.68472, 13.92884], [107.68759, 13.92103], [107.69039, 13.91883], [107.6906, 13.91715], [107.69316, 13.91475], [107.6938, 13.91256], [107.69586, 13.91284], [107.69647, 13.91147], [107.69771, 13.91159], [107.69763, 13.91342], [107.69861, 13.9139], [107.69967, 13.91671], [107.70357, 13.91787], [107.70554, 13.91956], [107.70662, 13.9187], [107.70728, 13.91903], [107.70656, 13.92125], [107.70739, 13.92167], [107.70985, 13.92157], [107.71009, 13.92233], [107.71588, 13.92164], [107.71614, 13.92062], [107.71872, 13.92007], [107.72008, 13.92169], [107.72132, 13.92059], [107.73626, 13.91473], [107.73569, 13.91207], [107.73732, 13.91138], [107.73639, 13.91094], [107.73695, 13.91021], [107.73581, 13.91022], [107.73659, 13.90906], [107.73573, 13.90897], [107.73618, 13.90817], [107.73522, 13.9084], [107.73484, 13.90402], [107.73365, 13.90374], [107.73372, 13.90239], [107.73533, 13.90179], [107.73503, 13.89978], [107.73548, 13.89935], [107.7361, 13.90003], [107.73678, 13.89867], [107.73819, 13.89941], [107.73806, 13.89845], [107.74054, 13.89809], [107.74226, 13.89976], [107.74204, 13.89779], [107.74358, 13.8969], [107.74391, 13.89516], [107.74599, 13.89579], [107.74538, 13.89455], [107.74608, 13.89486], [107.7471, 13.89348], [107.74992, 13.89256], [107.74921, 13.89018], [107.7504, 13.89011], [107.75105, 13.88892], [107.752, 13.8896], [107.75509, 13.8888], [107.75918, 13.89006], [107.76057, 13.88792], [107.76131, 13.88766], [107.7624, 13.8886], [107.7624, 13.88771], [107.76385, 13.88709], [107.76879, 13.88845], [107.77158, 13.88755], [107.77256, 13.88804], [107.77434, 13.8859], [107.77468, 13.88721], [107.77581, 13.88764], [107.77685, 13.88636], [107.77794, 13.8872], [107.7795, 13.88596], [107.77974, 13.8867], [107.78281, 13.8868], [107.78293, 13.88241], [107.78393, 13.88266], [107.78545, 13.8812], [107.78721, 13.88158], [107.78795, 13.88067], [107.78916, 13.88162], [107.78956, 13.87976], [107.79187, 13.87915], [107.79283, 13.88015], [107.79326, 13.87871], [107.79419, 13.87902], [107.79521, 13.87805], [107.79722, 13.87776], [107.79717, 13.87961], [107.79885, 13.88095], [107.79694, 13.88246], [107.8, 13.88748], [107.79995, 13.8885], [107.79897, 13.88912], [107.79951, 13.89059], [107.79898, 13.892], [107.80223, 13.89909], [107.80046, 13.90186], [107.7968, 13.90276], [107.79612, 13.90494], [107.79929, 13.90536], [107.80005, 13.90852], [107.80055, 13.90815], [107.80237, 13.90996], [107.80245, 13.91415], [107.80404, 13.9143], [107.79759, 13.92218], [107.80323, 13.92302], [107.80467, 13.92593], [107.80742, 13.9274], [107.80766, 13.92813], [107.80582, 13.929], [107.80588, 13.93044], [107.80719, 13.93079], [107.80714, 13.93306], [107.81115, 13.93586], [107.80948, 13.94106], [107.81025, 13.94165], [107.80761, 13.94277], [107.8091, 13.94371], [107.80902, 13.9444], [107.80697, 13.94613], [107.80563, 13.94545], [107.80357, 13.94676], [107.80415, 13.94861], [107.8032, 13.94843], [107.80251, 13.9471], [107.79728, 13.94739], [107.79538, 13.94625], [107.79297, 13.94766], [107.79255, 13.94598], [107.79085, 13.94743], [107.79141, 13.94906], [107.79004, 13.94792], [107.78758, 13.94883], [107.78723, 13.94723], [107.7853, 13.95067], [107.78365, 13.94944], [107.78299, 13.95047], [107.7813, 13.94985], [107.78057, 13.9483], [107.77921, 13.94895], [107.77912, 13.95016], [107.77731, 13.94833], [107.77471, 13.95232], [107.7738, 13.95112], [107.77158, 13.95097], [107.77161, 13.94849], [107.76908, 13.94596], [107.76804, 13.94639], [107.76777, 13.94862], [107.76694, 13.94882], [107.76561, 13.94676], [107.76231, 13.94555], [107.76141, 13.94426], [107.75883, 13.94572], [107.7584, 13.94292], [107.75663, 13.94247], [107.75351, 13.94432], [107.75336, 13.94564], [107.75064, 13.9465], [107.75095, 13.94791], [107.74942, 13.94959], [107.75085, 13.94992], [107.75151, 13.95312], [107.74722, 13.95937], [107.74408, 13.96076], [107.74231, 13.96053], [107.74179, 13.96301], [107.74012, 13.96413], [107.74049, 13.96548], [107.73747, 13.96456], [107.73696, 13.96229], [107.73531, 13.96277], [107.73366, 13.96189], [107.73432, 13.96007], [107.73312, 13.95867], [107.72981, 13.95793], [107.72881, 13.96135], [107.72676, 13.96147], [107.72499, 13.96268], [107.72158, 13.96311], [107.71783, 13.96141], [107.7193, 13.96499], [107.7187, 13.96569], [107.7063, 13.96811], [107.70294, 13.96693], [107.70229, 13.96739], [107.70249, 13.96869], [107.70155, 13.96927], [107.69789, 13.96836], [107.69722, 13.97186], [107.69118, 13.97249], [107.69444, 13.97619], [107.6964, 13.97541], [107.69868, 13.97628], [107.70248, 13.98207], [107.70595, 13.98456], [107.70748, 13.98477], [107.70753, 13.98843], [107.70862, 13.98927], [107.71058, 13.99368], [107.70866, 13.9966], [107.70968, 13.99909], [107.70748, 14.00042], [107.70611, 14.00306], [107.70516, 14.00336], [107.70458, 14.00558], [107.70128, 14.01032], [107.70155, 14.01357], [107.70017, 14.015], [107.70021, 14.01866], [107.69878, 14.02474], [107.69628, 14.0276], [107.69892, 14.03028], [107.69838, 14.03265], [107.7005, 14.03366], [107.70273, 14.03318], [107.70447, 14.03373], [107.70393, 14.03684], [107.70533, 14.04005], [107.70685, 14.04084], [107.70615, 14.043], [107.71134, 14.04276], [107.71235, 14.04603], [107.71413, 14.04743], [107.71894, 14.04768], [107.72353, 14.04952], [107.72613, 14.04924], [107.7273, 14.05283], [107.72909, 14.05438], [107.72767, 14.05673], [107.73151, 14.06293], [107.73265, 14.06642], [107.73449, 14.06738], [107.73402, 14.06852], [107.73539, 14.07152], [107.74208, 14.07218], [107.74543, 14.07487], [107.74722, 14.07479], [107.74921, 14.07624], [107.74833, 14.07782], [107.75035, 14.08123], [107.7501, 14.08311], [107.75091, 14.0841], [107.75019, 14.08532], [107.74985, 14.09524], [107.74895, 14.09966], [107.74592, 14.1016], [107.74631, 14.10378], [107.74297, 14.10569], [107.73396, 14.10793], [107.73337, 14.11172], [107.73455, 14.11214], [107.73448, 14.11459], [107.73597, 14.11513], [107.73633, 14.11635], [107.73495, 14.11831], [107.73642, 14.12099], [107.73875, 14.12284], [107.73105, 14.12252], [107.72931, 14.12391], [107.72702, 14.12376], [107.72276, 14.1273], [107.72056, 14.12657], [107.71527, 14.12793], [107.70863, 14.12743], [107.70404, 14.12908], [107.70234, 14.12823], [107.70054, 14.12858], [107.69803, 14.13053], [107.69348, 14.12887], [107.69049, 14.12942], [107.68906, 14.13113], [107.6863, 14.12988], [107.68402, 14.13196], [107.68144, 14.13074], [107.68186, 14.13393], [107.67928, 14.13422]]]}}, {"type": "Feature", "properties": {"other_info": "<div id=\"economy\"><span class=\"cms\">Kinh t\u1ebf: </span><p>\u0110\u1ecbnh h\u01b0\u1edbng ph\u00e1t tri\u1ec3n KTXH: Ph\u00e1t tri\u1ec3n kinh t\u1ebf n\u00f4ng th\u00f4n</p></div><div id=\"ethnicity\"><span class=\"cms\">D\u00e2n t\u1ed9c: </span><p>T\u1ef7 l\u1ec7 \u0111\u1ed3ng b\u00e0o DTTS:&nbsp;50,00%</p></div>", "dan_so": "22.944 ", "lanh_dao": "<p>+ Di\u1ec7p B\u1ea3o Trung,&nbsp;B\u00ed th\u01b0 \u0110\u1ea3ng u\u1ef7 - Ch\u1ee7 t\u1ecbch H\u0110ND (\u0110t: 0988080559)</p><p>+ Nguy\u1ec5n Qu\u1ed1c T\u01b0,&nbsp;Ch\u1ee7 t\u1ecbch UBND (\u0110t: 0799441982)</p>", "sap_nhap": "Ia Lang, Ia Din, Ia Kr\u00eal", "dtich_km2": "146,92 ", "ma_xa": 89, "tru_so": "<p>+ \u0110\u1ea3ng \u1ee7y-MTTQ:&nbsp;L\u00e0ng Kh\u00f3p, x\u00e3 Ia Kr\u00eal</p><p>+ H\u0110ND-UBND-Trung t\u00e2m PVHCC:&nbsp;Th\u00f4n Th\u1ed1ng Nh\u1ea5t, x\u00e3 Ia Kr\u00eal</p>", "url": "https://baogialai.com.vn/dia-phuong/xa-ia-krel/89.html", "ten_xa": "X\u00e3 Ia Kr\u00eal", "order": 100}, "geometry": {"type": "Polygon", "coordinates": [[[107.74212, 13.89758], [107.74198, 13.89982], [107.74083, 13.89906], [107.74089, 13.89812], [107.73878, 13.8981], [107.73813, 13.89336], [107.73725, 13.89288], [107.73733, 13.89186], [107.73548, 13.89091], [107.73557, 13.88796], [107.73647, 13.88714], [107.73371, 13.88592], [107.73138, 13.8837], [107.73183, 13.88336], [107.73101, 13.88197], [107.73032, 13.88223], [107.72949, 13.8798], [107.72823, 13.87959], [107.72864, 13.87755], [107.72707, 13.87651], [107.72748, 13.87552], [107.72673, 13.87551], [107.72369, 13.87187], [107.72812, 13.8683], [107.73099, 13.86374], [107.73426, 13.86039], [107.73351, 13.85416], [107.73494, 13.85304], [107.73677, 13.84812], [107.73818, 13.84886], [107.73856, 13.8474], [107.73549, 13.84672], [107.73462, 13.84552], [107.73273, 13.84556], [107.72974, 13.84308], [107.72855, 13.84406], [107.72524, 13.84276], [107.71949, 13.84232], [107.71803, 13.84097], [107.71424, 13.83956], [107.70837, 13.83964], [107.70518, 13.83813], [107.70201, 13.8352], [107.6973, 13.83321], [107.69631, 13.83183], [107.69903, 13.82771], [107.70386, 13.82386], [107.70504, 13.82072], [107.70111, 13.8178], [107.70262, 13.81414], [107.70945, 13.81287], [107.72018, 13.81848], [107.72352, 13.819], [107.73223, 13.81668], [107.73833, 13.81732], [107.74074, 13.81444], [107.7406, 13.8112], [107.73896, 13.8079], [107.73967, 13.80619], [107.73677, 13.80153], [107.73739, 13.80008], [107.73687, 13.79903], [107.73755, 13.7984], [107.73624, 13.79734], [107.73701, 13.79659], [107.73624, 13.79491], [107.73671, 13.79412], [107.73576, 13.79301], [107.73747, 13.79368], [107.73781, 13.79535], [107.73936, 13.79514], [107.7413, 13.79723], [107.744, 13.79665], [107.74583, 13.79877], [107.7464, 13.79229], [107.7479, 13.79038], [107.74953, 13.79123], [107.75226, 13.79016], [107.75352, 13.788], [107.75535, 13.78707], [107.75531, 13.78319], [107.75653, 13.78079], [107.75548, 13.77434], [107.75639, 13.77167], [107.7576, 13.77042], [107.76196, 13.76872], [107.76353, 13.76663], [107.76457, 13.76693], [107.76618, 13.76471], [107.76583, 13.7632], [107.7676, 13.76182], [107.76688, 13.7613], [107.76985, 13.75398], [107.77297, 13.7498], [107.77581, 13.74923], [107.77882, 13.74316], [107.77832, 13.74184], [107.77905, 13.73982], [107.77691, 13.73931], [107.77607, 13.73588], [107.77286, 13.73266], [107.77032, 13.73177], [107.77034, 13.72814], [107.77138, 13.72689], [107.76976, 13.72603], [107.76966, 13.72496], [107.76778, 13.72546], [107.76978, 13.72245], [107.76962, 13.72153], [107.7676, 13.72129], [107.76601, 13.71907], [107.76961, 13.71834], [107.77034, 13.72009], [107.77299, 13.72192], [107.77832, 13.72338], [107.7798, 13.72495], [107.78023, 13.72752], [107.7854, 13.7319], [107.79445, 13.73405], [107.80266, 13.74203], [107.8053, 13.74252], [107.80624, 13.74152], [107.80722, 13.74272], [107.80601, 13.74374], [107.80661, 13.7468], [107.80922, 13.74795], [107.80685, 13.75098], [107.8088, 13.7521], [107.80877, 13.7539], [107.81134, 13.75389], [107.81177, 13.75897], [107.81347, 13.75915], [107.81261, 13.76032], [107.81322, 13.76177], [107.81224, 13.76364], [107.81576, 13.76493], [107.81651, 13.76435], [107.81611, 13.7628], [107.82117, 13.76146], [107.82385, 13.76321], [107.82561, 13.76342], [107.82435, 13.76221], [107.82649, 13.7609], [107.83025, 13.7628], [107.82904, 13.76486], [107.82685, 13.7662], [107.83044, 13.768], [107.83029, 13.76915], [107.82494, 13.76953], [107.82306, 13.77137], [107.82286, 13.77787], [107.82165, 13.78046], [107.82501, 13.78488], [107.82585, 13.78943], [107.82301, 13.79185], [107.82194, 13.79193], [107.82222, 13.79375], [107.8256, 13.79368], [107.82657, 13.79464], [107.8265, 13.79592], [107.82555, 13.7965], [107.82624, 13.79891], [107.82766, 13.80021], [107.82641, 13.80197], [107.82894, 13.80327], [107.83315, 13.81003], [107.82712, 13.81128], [107.8278, 13.81534], [107.82503, 13.81609], [107.82725, 13.81777], [107.82498, 13.8191], [107.82585, 13.82115], [107.82533, 13.82373], [107.82656, 13.82545], [107.82516, 13.82532], [107.82469, 13.82598], [107.82577, 13.82965], [107.82438, 13.83117], [107.82495, 13.83323], [107.8228, 13.83495], [107.82312, 13.83615], [107.82168, 13.83722], [107.82108, 13.84024], [107.82264, 13.84109], [107.82416, 13.8445], [107.82394, 13.85151], [107.82458, 13.8529], [107.82382, 13.85503], [107.82455, 13.86236], [107.82369, 13.8646], [107.81937, 13.8686], [107.81843, 13.87235], [107.819, 13.87469], [107.82045, 13.87654], [107.81732, 13.87972], [107.81339, 13.87796], [107.81105, 13.87877], [107.80858, 13.8778], [107.80585, 13.87945], [107.80358, 13.87759], [107.80088, 13.87832], [107.79534, 13.878], [107.79419, 13.87902], [107.79326, 13.87871], [107.79283, 13.88015], [107.79187, 13.87915], [107.78956, 13.87976], [107.78916, 13.88162], [107.78795, 13.88067], [107.78721, 13.88158], [107.78545, 13.8812], [107.78393, 13.88266], [107.78293, 13.88241], [107.78281, 13.8868], [107.77974, 13.8867], [107.7795, 13.88596], [107.77794, 13.8872], [107.77685, 13.88636], [107.77581, 13.88764], [107.77468, 13.88721], [107.77434, 13.8859], [107.77256, 13.88804], [107.77158, 13.88755], [107.76879, 13.88845], [107.76385, 13.88709], [107.7624, 13.88771], [107.7624, 13.8886], [107.76131, 13.88766], [107.76057, 13.88792], [107.75918, 13.89006], [107.75759, 13.89001], [107.75705, 13.88908], [107.75622, 13.88948], [107.75438, 13.88874], [107.752, 13.8896], [107.75122, 13.88886], [107.7504, 13.89011], [107.74921, 13.89018], [107.75004, 13.89245], [107.7471, 13.89348], [107.74608, 13.89486], [107.74538, 13.89455], [107.74599, 13.89579], [107.74391, 13.89516], [107.74358, 13.8969], [107.74212, 13.89758]]]}}, {"type": "Feature", "properties": {"other_info": "<div id=\"ethnicity\"><span class=\"cms\">D\u00e2n t\u1ed9c: </span><p>T\u1ef7 l\u1ec7 \u0111\u1ed3ng b\u00e0o DTTS:&nbsp;82,00%</p></div>", "dan_so": "23.105 ", "lanh_dao": "<p>+ Kpuih H\u1ed3 C\u00f4ng Th\u00f4ng,&nbsp;B\u00ed th\u01b0 \u0110\u1ea3ng u\u1ef7 - Ch\u1ee7 t\u1ecbch H\u0110ND (\u0110t: 0334724679)</p><p>+ B\u00f9i V\u0103n Ph\u1ee5ng,&nbsp;Ch\u1ee7 t\u1ecbch UBND (\u0110t: 0979148685)</p>", "sap_nhap": "Ia Pi\u01a1r, Ia L\u00e2u", "dtich_km2": "215,02 ", "ma_xa": 90, "tru_so": "<p>L\u00e0ng Pi\u01a1r 1, x\u00e3 Ia L\u00e2u</p>", "url": "https://baogialai.com.vn/dia-phuong/xa-ia-lau/90.html", "ten_xa": "X\u00e3 Ia L\u00e2u", "order": 100}, "geometry": {"type": "Polygon", "coordinates": [[[107.91566, 13.54856], [107.91618, 13.54999], [107.91561, 13.55279], [107.91404, 13.55509], [107.91355, 13.55398], [107.91161, 13.55293], [107.90907, 13.54875], [107.90773, 13.54945], [107.90725, 13.54815], [107.90357, 13.5469], [107.90191, 13.5436], [107.90015, 13.54289], [107.88889, 13.54513], [107.88724, 13.54159], [107.87817, 13.53399], [107.87591, 13.53674], [107.87423, 13.53557], [107.87255, 13.53802], [107.87192, 13.53699], [107.87231, 13.53568], [107.8694, 13.53542], [107.86972, 13.5343], [107.86593, 13.5316], [107.86499, 13.53239], [107.86466, 13.53086], [107.86304, 13.52958], [107.85839, 13.5282], [107.85359, 13.52293], [107.85049, 13.52258], [107.84965, 13.51948], [107.85002, 13.51671], [107.84747, 13.51647], [107.84487, 13.51811], [107.84226, 13.51847], [107.84135, 13.51522], [107.83908, 13.51304], [107.83806, 13.51394], [107.83156, 13.51515], [107.83034, 13.51634], [107.81888, 13.51823], [107.80778, 13.52124], [107.80083, 13.52131], [107.80068, 13.52538], [107.79643, 13.52909], [107.79598, 13.52867], [107.79757, 13.52744], [107.79741, 13.51903], [107.79911, 13.51809], [107.79987, 13.51578], [107.79902, 13.51434], [107.80049, 13.5119], [107.8005, 13.5088], [107.80157, 13.50777], [107.80183, 13.50611], [107.80351, 13.50566], [107.8031, 13.50245], [107.80373, 13.50167], [107.80252, 13.49921], [107.8023, 13.49614], [107.80077, 13.49638], [107.79985, 13.49479], [107.79878, 13.49463], [107.79829, 13.49295], [107.79847, 13.49023], [107.80211, 13.48753], [107.80288, 13.48549], [107.8022, 13.47733], [107.79943, 13.47295], [107.80134, 13.4677], [107.80027, 13.46391], [107.80068, 13.45596], [107.8015, 13.45499], [107.80342, 13.45669], [107.80698, 13.45741], [107.81096, 13.45632], [107.81108, 13.44959], [107.81053, 13.44926], [107.81127, 13.44739], [107.81006, 13.44667], [107.81077, 13.44562], [107.81033, 13.44435], [107.80885, 13.44348], [107.80934, 13.44192], [107.81104, 13.44061], [107.81014, 13.43957], [107.81116, 13.43918], [107.81036, 13.43768], [107.81316, 13.43315], [107.81269, 13.43247], [107.81135, 13.43371], [107.81149, 13.43246], [107.80952, 13.4316], [107.81005, 13.43096], [107.80828, 13.43101], [107.80615, 13.42886], [107.80435, 13.42991], [107.80253, 13.42906], [107.80211, 13.42784], [107.80145, 13.42874], [107.80059, 13.42699], [107.80106, 13.42651], [107.80008, 13.42599], [107.80078, 13.42567], [107.80026, 13.42308], [107.8014, 13.42265], [107.80117, 13.42068], [107.8018, 13.42001], [107.80096, 13.41701], [107.79844, 13.41572], [107.79904, 13.41503], [107.79837, 13.41426], [107.79978, 13.41391], [107.7988, 13.41292], [107.79971, 13.41246], [107.79998, 13.4108], [107.79807, 13.41075], [107.7979, 13.40889], [107.79729, 13.40967], [107.79586, 13.40794], [107.79708, 13.40684], [107.79556, 13.4056], [107.7952, 13.40373], [107.79631, 13.40208], [107.79756, 13.40169], [107.79892, 13.40286], [107.79834, 13.40106], [107.79944, 13.40013], [107.79976, 13.39714], [107.8013, 13.3938], [107.80389, 13.39325], [107.80536, 13.39452], [107.80723, 13.39417], [107.80877, 13.39512], [107.81375, 13.394], [107.81559, 13.39285], [107.81754, 13.39341], [107.81955, 13.39253], [107.83185, 13.39666], [107.83889, 13.40053], [107.85103, 13.38963], [107.8756, 13.39414], [107.87892, 13.39273], [107.87943, 13.39069], [107.88271, 13.39032], [107.88322, 13.38766], [107.88546, 13.38846], [107.88652, 13.38471], [107.89818, 13.38717], [107.90066, 13.38849], [107.90672, 13.38886], [107.90832, 13.38801], [107.91386, 13.38806], [107.91891, 13.38596], [107.92314, 13.3853], [107.92414, 13.39216], [107.92309, 13.39485], [107.9233, 13.39812], [107.92592, 13.39992], [107.92674, 13.4062], [107.93354, 13.4336], [107.93063, 13.43912], [107.9288, 13.43859], [107.92718, 13.44079], [107.92267, 13.45123], [107.92656, 13.455], [107.92647, 13.45631], [107.92564, 13.45669], [107.92705, 13.45809], [107.92887, 13.45577], [107.93115, 13.45464], [107.93174, 13.45842], [107.93443, 13.45735], [107.93566, 13.46043], [107.94057, 13.46013], [107.94466, 13.46464], [107.94754, 13.46526], [107.94927, 13.46353], [107.95069, 13.46375], [107.94914, 13.46791], [107.94882, 13.47285], [107.94944, 13.47348], [107.94821, 13.48018], [107.9451, 13.48107], [107.94329, 13.48472], [107.93443, 13.49309], [107.93511, 13.49416], [107.93321, 13.49537], [107.9349, 13.49754], [107.93475, 13.49868], [107.93593, 13.49956], [107.93531, 13.50114], [107.93708, 13.50301], [107.93729, 13.50424], [107.93629, 13.505], [107.9376, 13.50622], [107.93588, 13.5063], [107.93153, 13.50855], [107.92511, 13.50891], [107.92073, 13.51036], [107.91951, 13.5098], [107.92002, 13.51179], [107.91901, 13.51291], [107.91988, 13.51429], [107.91943, 13.51556], [107.92072, 13.51597], [107.92199, 13.5181], [107.9212, 13.51968], [107.92215, 13.52067], [107.92186, 13.52276], [107.92329, 13.52341], [107.9225, 13.52577], [107.92115, 13.5261], [107.92208, 13.52921], [107.92072, 13.53018], [107.91945, 13.5296], [107.91883, 13.5312], [107.91787, 13.53131], [107.91809, 13.53374], [107.91615, 13.53683], [107.91716, 13.53855], [107.91529, 13.54035], [107.91653, 13.54186], [107.91566, 13.54856]]]}}, {"type": "Feature", "properties": {"other_info": "<div id=\"ethnicity\"><span class=\"cms\">D\u00e2n t\u1ed9c: </span><p>T\u1ef7 l\u1ec7 \u0111\u1ed3ng b\u00e0o DTTS:&nbsp;34,00%</p></div><div id=\"other-info-content\"><span class=\"cms\">Th\u00f4ng tin kh\u00e1c: </span><p>X\u00e3 Ia Le \u0111\u01b0\u1ee3c th\u00e0nh l\u1eadp theo Ngh\u1ecb quy\u1ebft s\u1ed1 1664/NQ-UBTVQH ng\u00e0y 16/6/2025 c\u1ee7a \u1ee6y ban Th\u01b0\u1eddng v\u1ee5 Qu\u1ed1c H\u1ed9i, tr\u00ean c\u01a1 s\u1edf s\u00e1p nh\u1eadp h\u1ee3p nh\u1ea5t x\u00e3 Ia Le (c\u0169) v\u00e0 x\u00e3 Ia Bl\u1ee9 (c\u0169). X\u00e3 Ia Le n\u1eb1m \u1edf ph\u00eda Nam c\u1ee7a t\u1ec9nh Gia Lai. \u0110\u1ecba gi\u1edbi h\u00e0nh ch\u00ednh ti\u1ebfp gi\u00e1p: ph\u00eda B\u1eafc gi\u00e1p x\u00e3 Ch\u01b0 P\u01b0h; ph\u00eda \u0110\u00f4ng gi\u00e1p x\u00e3 Ph\u00fa Thi\u1ec7n, Ph\u00eda Nam gi\u00e1p v\u1edbi c\u00e1c x\u00e3 thu\u1ed9c t\u1ec9nh \u0110\u0103k L\u0103k.<br> X\u00e3 Ia Le s\u1edf h\u1eefu nhi\u1ec1u ti\u1ec1m n\u0103ng v\u00e0 th\u1ebf m\u1ea1nh quan tr\u1ecdng, t\u1ea1o n\u1ec1n t\u1ea3ng v\u1eefng ch\u1eafc cho ph\u00e1t tri\u1ec3n kinh t\u1ebf - x\u00e3 h\u1ed9i to\u00e0n di\u1ec7n. V\u1ec1 n\u00f4ng nghi\u1ec7p, x\u00e3 c\u00f3 di\u1ec7n t\u00edch \u0111\u1ea5t \u0111ai r\u1ed9ng l\u1edbn, th\u1ed5 nh\u01b0\u1ee1ng m\u00e0u m\u1ee1, thu\u1eadn l\u1ee3i cho ph\u00e1t tri\u1ec3n c\u00e2y c\u00f4ng nghi\u1ec7p d\u00e0i ng\u00e0y nh\u01b0 c\u00e0 ph\u00ea, h\u1ed3 ti\u00eau, s\u1ea7u ri\u00eang v\u00e0 c\u00e2y d\u01b0\u1ee3c li\u1ec7u. Vi\u1ec7c h\u00ecnh th\u00e0nh c\u00e1c v\u00f9ng chuy\u00ean canh v\u00e0 \u1ee9ng d\u1ee5ng khoa h\u1ecdc k\u1ef9 thu\u1eadt v\u00e0o s\u1ea3n xu\u1ea5t \u0111\u00e3 n\u00e2ng cao gi\u00e1 tr\u1ecb kinh t\u1ebf tr\u00ean \u0111\u01a1n v\u1ecb di\u1ec7n t\u00edch, g\u00f3p ph\u1ea7n th\u00fac \u0111\u1ea9y t\u00e1i c\u01a1 c\u1ea5u ng\u00e0nh n\u00f4ng nghi\u1ec7p theo h\u01b0\u1edbng hi\u1ec7n \u0111\u1ea1i, b\u1ec1n v\u1eefng.<br> Ch\u0103n nu\u00f4i \u0111\u01b0\u1ee3c \u0111\u1ecbnh h\u01b0\u1edbng ph\u00e1t tri\u1ec3n theo m\u00f4 h\u00ecnh t\u1eadp trung, \u1ee9ng d\u1ee5ng c\u00f4ng ngh\u1ec7 cao, t\u1ea1o ti\u1ec1n \u0111\u1ec1 x\u00e2y d\u1ef1ng chu\u1ed7i gi\u00e1 tr\u1ecb kh\u00e9p k\u00edn trong s\u1ea3n xu\u1ea5t n\u00f4ng nghi\u1ec7p. C\u00f4ng nghi\u1ec7p v\u00e0 x\u00e2y d\u1ef1ng c\u00f3 b\u01b0\u1edbc ph\u00e1t tri\u1ec3n r\u00f5 n\u00e9t, \u0111\u1eb7c bi\u1ec7t l\u00e0 thu h\u00fat \u0111\u1ea7u t\u01b0 v\u00e0o n\u0103ng l\u01b0\u1ee3ng t\u00e1i t\u1ea1o, khai kho\u00e1ng, c\u00f4ng nghi\u1ec7p ch\u1ebf bi\u1ebfn, c\u00f9ng v\u1edbi h\u1ea1 t\u1ea7ng k\u1ef9 thu\u1eadt ng\u00e0y c\u00e0ng \u0111\u01b0\u1ee3c ho\u00e0n thi\u1ec7n.<br> Th\u01b0\u01a1ng m\u1ea1i \u2013 d\u1ecbch v\u1ee5 tuy ph\u00e1t tri\u1ec3n ch\u01b0a \u0111\u1ed3ng \u0111\u1ec1u nh\u01b0ng \u0111ang t\u1eebng b\u01b0\u1edbc m\u1edf r\u1ed9ng, k\u1ebft n\u1ed1i ch\u1eb7t ch\u1ebd v\u1edbi s\u1ea3n xu\u1ea5t n\u00f4ng nghi\u1ec7p v\u00e0 nhu c\u1ea7u ti\u00eau d\u00f9ng ng\u00e0y c\u00e0ng t\u0103ng. X\u00e3 c\u00f3 h\u1ec7 th\u1ed1ng h\u1ee3p t\u00e1c x\u00e3, doanh nghi\u1ec7p v\u00e0 h\u1ed9 kinh doanh \u0111ang ho\u1ea1t \u0111\u1ed9ng hi\u1ec7u qu\u1ea3, t\u1ea1o th\u00eam nhi\u1ec1u vi\u1ec7c l\u00e0m cho ng\u01b0\u1eddi lao \u0111\u1ed9ng.<br> L\u0129nh v\u1ef1c khoa h\u1ecdc \u2013 c\u00f4ng ngh\u1ec7 \u0111\u01b0\u1ee3c quan t\u00e2m \u1ee9ng d\u1ee5ng v\u00e0o th\u1ef1c ti\u1ec5n, nh\u1ea5t l\u00e0 trong n\u00f4ng nghi\u1ec7p v\u00e0 ch\u0103n nu\u00f4i, g\u00f3p ph\u1ea7n n\u00e2ng cao n\u0103ng su\u1ea5t v\u00e0 ch\u1ea5t l\u01b0\u1ee3ng s\u1ea3nph\u1ea9m. X\u00e3 c\u00f2n c\u00f3 ti\u1ec1m n\u0103ng l\u1edbn v\u1ec1 ph\u00e1t tri\u1ec3n l\u00e2m nghi\u1ec7p b\u1ec1n v\u1eefng, b\u1ea3o v\u1ec7 t\u00e0i nguy\u00ean r\u1eebng, k\u1ebft h\u1ee3p v\u1edbi ph\u00e1t tri\u1ec3n kinh t\u1ebf d\u01b0\u1edbi t\u00e1n r\u1eebng. H\u1ec7 th\u1ed1ng k\u1ebft c\u1ea5u h\u1ea1 t\u1ea7ng ng\u00e0y c\u00e0ng ho\u00e0n thi\u1ec7n, \u0111\u1eb7c bi\u1ec7t l\u00e0 giao th\u00f4ng, th\u1ee7y l\u1ee3i, gi\u00e1o d\u1ee5c v\u00e0 y t\u1ebf, t\u1ea1o \u0111i\u1ec1u ki\u1ec7n thu\u1eadn l\u1ee3i cho ph\u00e1t tri\u1ec3n kinh t\u1ebf - x\u00e3 h\u1ed9i v\u00e0 n\u00e2ng cao \u0111\u1eddi s\u1ed1ng nh\u00e2n d\u00e2n.<br> V\u1edbi l\u1ee3i th\u1ebf v\u1ec1 \u0111i\u1ec1u ki\u1ec7n t\u1ef1 nhi\u00ean, lao \u0111\u1ed9ng d\u1ed3i d\u00e0o, s\u1ef1 quan t\u00e2m \u0111\u1ea7u t\u01b0 c\u1ee7a Nh\u00e0 n\u01b0\u1edbc v\u00e0 n\u1ed7 l\u1ef1c c\u1ee7a Nh\u00e2n d\u00e2n, x\u00e3 Ia Le c\u00f3 nhi\u1ec1u c\u01a1 h\u1ed9i \u0111\u1ec3 ph\u00e1t tri\u1ec3n b\u1ec1n v\u1eefng, t\u1eebng b\u01b0\u1edbc n\u00e2ng cao ch\u1ea5t l\u01b0\u1ee3ng \u0111\u1eddi s\u1ed1ng v\u1eadt ch\u1ea5t v\u00e0 tinh th\u1ea7n cho ng\u01b0\u1eddi d\u00e2n, g\u00f3p ph\u1ea7n quan tr\u1ecdng trong th\u1ef1c hi\u1ec7n m\u1ee5c ti\u00eau x\u00e2y d\u1ef1ng n\u00f4ng th\u00f4n m\u1edbi n\u00e2ng cao.</p></div>", "dan_so": "24.289 ", "lanh_dao": "<p>+ Nguy\u1ec5n Minh T\u1ee9,&nbsp;B\u00ed th\u01b0 \u0110\u1ea3ng u\u1ef7 - Ch\u1ee7 t\u1ecbch H\u0110ND (\u0110t: 0919505807)</p><p>+ L\u01b0u Xu\u00e2n Th\u00e0nh,&nbsp;Ch\u1ee7 t\u1ecbch UBND (\u0110t: 0989017779)</p>", "sap_nhap": "Ia Bl\u1ee9, Ia Le", "dtich_km2": "316,88 ", "ma_xa": 91, "tru_so": "<p>+ \u0110\u1ea3ng \u1ee7y-H\u0110ND-UBND-Trung t\u00e2m PVHCC:&nbsp;Th\u00f4n Ph\u00fa An, x\u00e3 Ia Le</p><p>+ MTTQ:&nbsp;Th\u00f4n Thi\u00ean An, x\u00e3 Ia Le</p>", "url": "https://baogialai.com.vn/dia-phuong/xa-ia-le/91.html", "ten_xa": "X\u00e3 Ia Le", "order": 100}, "geometry": {"type": "Polygon", "coordinates": [[[108.06167, 13.51129], [108.05703, 13.50966], [108.05505, 13.50966], [108.05343, 13.51076], [108.05054, 13.50978], [108.0495, 13.50847], [108.05023, 13.50472], [108.04879, 13.50424], [108.04808, 13.50299], [108.04691, 13.50325], [108.04592, 13.50183], [108.04407, 13.50332], [108.04294, 13.50294], [108.04294, 13.50472], [108.04076, 13.50502], [108.03967, 13.50699], [108.03825, 13.50765], [108.03522, 13.50754], [108.03624, 13.50663], [108.03539, 13.50603], [108.03595, 13.50258], [108.03335, 13.50261], [108.03288, 13.5033], [108.02816, 13.50116], [108.02489, 13.50169], [108.01982, 13.50092], [108.01929, 13.5022], [108.01705, 13.50241], [108.01578, 13.50336], [108.0151, 13.50256], [108.00446, 13.50469], [108.00334, 13.50597], [108.0018, 13.50393], [107.99982, 13.50378], [107.99349, 13.50049], [107.98756, 13.50388], [107.98103, 13.50243], [107.97819, 13.49918], [107.97074, 13.49653], [107.96689, 13.49725], [107.96373, 13.49408], [107.95532, 13.49602], [107.95379, 13.49545], [107.95248, 13.48997], [107.94994, 13.48769], [107.95008, 13.48471], [107.94795, 13.47917], [107.94944, 13.47348], [107.94882, 13.47285], [107.94914, 13.46791], [107.95054, 13.46333], [107.94916, 13.46359], [107.94754, 13.46526], [107.94466, 13.46464], [107.94057, 13.46013], [107.93566, 13.46043], [107.93443, 13.45735], [107.93174, 13.45842], [107.93115, 13.45464], [107.92887, 13.45577], [107.92705, 13.45809], [107.92564, 13.45669], [107.92647, 13.45631], [107.92656, 13.455], [107.92267, 13.45123], [107.92718, 13.44079], [107.9288, 13.43859], [107.93063, 13.43912], [107.93354, 13.4336], [107.92674, 13.4062], [107.92592, 13.39992], [107.9233, 13.39812], [107.92309, 13.39485], [107.92414, 13.39216], [107.92295, 13.38522], [107.93167, 13.3762], [107.93874, 13.37591], [107.94044, 13.3739], [107.9431, 13.37376], [107.9439, 13.37591], [107.94364, 13.38001], [107.94526, 13.38074], [107.94744, 13.37978], [107.94863, 13.38006], [107.94939, 13.381], [107.94919, 13.38486], [107.94987, 13.38567], [107.95212, 13.38578], [107.9547, 13.38473], [107.95853, 13.38063], [107.96544, 13.38008], [107.9698, 13.3829], [107.97413, 13.38153], [107.97507, 13.38322], [107.97711, 13.38419], [107.98121, 13.38403], [107.98151, 13.3856], [107.98019, 13.38734], [107.97999, 13.39029], [107.98296, 13.39283], [107.98685, 13.39183], [107.989, 13.39219], [107.99307, 13.3887], [107.9973, 13.39061], [107.99985, 13.3867], [108.00914, 13.38111], [108.01225, 13.38255], [108.01406, 13.38596], [108.02179, 13.38713], [108.02572, 13.39184], [108.02693, 13.39536], [108.03017, 13.39497], [108.03038, 13.39598], [108.03161, 13.39645], [108.0332, 13.3957], [108.03539, 13.39978], [108.03586, 13.40294], [108.03829, 13.40239], [108.04085, 13.39945], [108.04268, 13.4008], [108.0439, 13.40035], [108.04546, 13.401], [108.04592, 13.40412], [108.04709, 13.40504], [108.04758, 13.40737], [108.0505, 13.40912], [108.0519, 13.41143], [108.05347, 13.41229], [108.05699, 13.4111], [108.05525, 13.40877], [108.05718, 13.40745], [108.05917, 13.40857], [108.06385, 13.40936], [108.06442, 13.40642], [108.06639, 13.40901], [108.06878, 13.40975], [108.07019, 13.40699], [108.07016, 13.4031], [108.07165, 13.40246], [108.07296, 13.39943], [108.07645, 13.40372], [108.07907, 13.40469], [108.0804, 13.40301], [108.07968, 13.40003], [108.08042, 13.39974], [108.08378, 13.40442], [108.08816, 13.40692], [108.0897, 13.4092], [108.0928, 13.40772], [108.09484, 13.40773], [108.09849, 13.41002], [108.10654, 13.41157], [108.11182, 13.41663], [108.1164, 13.41539], [108.12519, 13.40929], [108.12991, 13.41138], [108.13216, 13.40894], [108.13572, 13.40921], [108.13691, 13.40709], [108.14023, 13.40671], [108.14137, 13.40873], [108.14473, 13.40765], [108.14395, 13.40672], [108.14454, 13.40431], [108.14618, 13.40394], [108.14759, 13.40492], [108.15095, 13.39965], [108.15183, 13.40105], [108.15558, 13.3997], [108.15718, 13.40153], [108.15959, 13.40072], [108.1609, 13.40134], [108.16226, 13.40057], [108.16185, 13.39919], [108.1633, 13.39716], [108.16526, 13.39585], [108.16451, 13.39442], [108.167, 13.39394], [108.16682, 13.39298], [108.16915, 13.39303], [108.16982, 13.39141], [108.17133, 13.39249], [108.17412, 13.39135], [108.17416, 13.38813], [108.17708, 13.38781], [108.17755, 13.38379], [108.18076, 13.3841], [108.18132, 13.3828], [108.18255, 13.38259], [108.18244, 13.38186], [108.18372, 13.38107], [108.18622, 13.3809], [108.18859, 13.38235], [108.19028, 13.38039], [108.19351, 13.38052], [108.19514, 13.37897], [108.19638, 13.37917], [108.19979, 13.3777], [108.20288, 13.37321], [108.20517, 13.37305], [108.2092, 13.37662], [108.20868, 13.38603], [108.20967, 13.38605], [108.21058, 13.3872], [108.21284, 13.38646], [108.21871, 13.38643], [108.22277, 13.38958], [108.22334, 13.39132], [108.22423, 13.39162], [108.22398, 13.39479], [108.22471, 13.39673], [108.22591, 13.39704], [108.22561, 13.39813], [108.22427, 13.39855], [108.22403, 13.40276], [108.22299, 13.40386], [108.22226, 13.40793], [108.2254, 13.40962], [108.22068, 13.41496], [108.22131, 13.41687], [108.22061, 13.41956], [108.22389, 13.42359], [108.22082, 13.42864], [108.22024, 13.43217], [108.21796, 13.43246], [108.21775, 13.43926], [108.21603, 13.44549], [108.21652, 13.44624], [108.21595, 13.44857], [108.21152, 13.44752], [108.20766, 13.44928], [108.20432, 13.44957], [108.1997, 13.45318], [108.19282, 13.45389], [108.18964, 13.45766], [108.18819, 13.45695], [108.18707, 13.45787], [108.17893, 13.45835], [108.17831, 13.45966], [108.17087, 13.45836], [108.17098, 13.45937], [108.16998, 13.45987], [108.1614, 13.45973], [108.16093, 13.46092], [108.15753, 13.4606], [108.15401, 13.463], [108.15151, 13.46777], [108.14976, 13.46839], [108.14714, 13.47095], [108.14497, 13.47106], [108.1443, 13.47382], [108.13248, 13.48307], [108.13012, 13.48405], [108.12776, 13.4835], [108.12756, 13.48426], [108.122, 13.48412], [108.12175, 13.48502], [108.1208, 13.48479], [108.12079, 13.48593], [108.1186, 13.48487], [108.1175, 13.48585], [108.1169, 13.48501], [108.11561, 13.48623], [108.11328, 13.4864], [108.11242, 13.48573], [108.1111, 13.48695], [108.10345, 13.48872], [108.10256, 13.48767], [108.10139, 13.48779], [108.10234, 13.4896], [108.10211, 13.4916], [108.10073, 13.49167], [108.10049, 13.49285], [108.09897, 13.49336], [108.09902, 13.49527], [108.09776, 13.49664], [108.0924, 13.49638], [108.08536, 13.49975], [108.08309, 13.49907], [108.0818, 13.50029], [108.07949, 13.50082], [108.07868, 13.50342], [108.07361, 13.50451], [108.07217, 13.50554], [108.07149, 13.50724], [108.06947, 13.50728], [108.06887, 13.50618], [108.06731, 13.50826], [108.06243, 13.50947], [108.06167, 13.51129]]]}}, {"type": "Feature", "properties": {"other_info": "<div id=\"economy\"><span class=\"cms\">Kinh t\u1ebf: </span><p>+ \u0110\u1ecbnh h\u01b0\u1edbng ph\u00e1t tri\u1ec3n KTXH:&nbsp;Ph\u00e1t tri\u1ec3n kinh t\u1ebf \u0111\u00f4 th\u1ecb n\u00f4ng th\u00f4n; Khu, c\u1ee5m CN tr\u00ean \u0111\u1ecba b\u00e0n:&nbsp;CCN Ya Ly; D\u1ef1 \u00e1n ph\u00e1t tri\u1ec3n KTXH:&nbsp;D\u1ef1 \u00e1n khu du l\u1ecbch k\u1ebft h\u1ee3p H\u1ed3 th\u1ee7y \u0111i\u1ec7n Ia Ly 20ha</p></div><div id=\"ethnicity\"><span class=\"cms\">D\u00e2n t\u1ed9c: </span><p>T\u1ef7 l\u1ec7 \u0111\u1ed3ng b\u00e0o DTTS:&nbsp;63,00%</p></div>", "dan_so": "13.847 ", "lanh_dao": "<p>+ Nguy\u1ec5n V\u0103n \u00c1nh,&nbsp;B\u00ed th\u01b0 \u0110\u1ea3ng u\u1ef7 - Ch\u1ee7 t\u1ecbch H\u0110ND (\u0110t: 0985542057)</p><p>+ Nguy\u1ec5n Ti\u1ebfn D\u0169ng,&nbsp;Ch\u1ee7 t\u1ecbch UBND (\u0110t: 0983114257)</p>", "sap_nhap": "Ia Ly (th\u1ecb tr\u1ea5n), Ia M\u01a1 N\u00f4ng, Ia Kreng", "dtich_km2": "210,56 ", "ma_xa": 92, "tru_so": "<p>+ \u0110\u1ea3ng \u1ee7y-H\u0110ND-MTTQ: L\u00e0ng K\u00e9p 2, x\u00e3 Ia Ly</p><p>+ UBND-Trung t\u00e2m PVHCC: T\u1ed5 d\u00e2n ph\u1ed1 2, x\u00e3 Ia Ly</p>", "url": "https://baogialai.com.vn/dia-phuong/xa-ia-ly/92.html", "ten_xa": "X\u00e3 Ia Ly", "order": 100}, "geometry": {"type": "Polygon", "coordinates": [[[107.86048, 14.27338], [107.8528, 14.27577], [107.85044, 14.27216], [107.84454, 14.27113], [107.83926, 14.26719], [107.83837, 14.26526], [107.83837, 14.26224], [107.84068, 14.25547], [107.83722, 14.23498], [107.83512, 14.23189], [107.8287, 14.23314], [107.82656, 14.22721], [107.82354, 14.22426], [107.82209, 14.22496], [107.82132, 14.22448], [107.82005, 14.22135], [107.82096, 14.21816], [107.81733, 14.2136], [107.8144, 14.21432], [107.81288, 14.21312], [107.80682, 14.21263], [107.79908, 14.21973], [107.79684, 14.21995], [107.79449, 14.22177], [107.79109, 14.2208], [107.7886, 14.22131], [107.7869, 14.22458], [107.78412, 14.22564], [107.78268, 14.22468], [107.78068, 14.21925], [107.77827, 14.21596], [107.7755, 14.21835], [107.77372, 14.21885], [107.77083, 14.21485], [107.76336, 14.21307], [107.7627, 14.21138], [107.76312, 14.20354], [107.762, 14.20207], [107.76006, 14.20183], [107.74803, 14.20661], [107.74328, 14.20712], [107.73981, 14.20842], [107.72915, 14.21434], [107.72172, 14.2154], [107.71396, 14.21367], [107.70708, 14.21697], [107.69946, 14.21546], [107.69653, 14.2164], [107.69071, 14.22089], [107.68769, 14.22101], [107.68643, 14.21388], [107.68356, 14.2067], [107.68011, 14.20384], [107.67831, 14.20087], [107.67865, 14.19176], [107.67724, 14.18764], [107.67409, 14.18364], [107.67052, 14.17674], [107.66244, 14.17114], [107.65805, 14.16525], [107.658, 14.16257], [107.65993, 14.15813], [107.65919, 14.15347], [107.65961, 14.14954], [107.66507, 14.13804], [107.66861, 14.14056], [107.6735, 14.13905], [107.67549, 14.13796], [107.67858, 14.13455], [107.68166, 14.13415], [107.68144, 14.13074], [107.68402, 14.13196], [107.6863, 14.12988], [107.68906, 14.13113], [107.69049, 14.12942], [107.69348, 14.12887], [107.69803, 14.13053], [107.70054, 14.12858], [107.70234, 14.12823], [107.70404, 14.12908], [107.70863, 14.12743], [107.71527, 14.12793], [107.72056, 14.12657], [107.72276, 14.1273], [107.72702, 14.12376], [107.72931, 14.12391], [107.73105, 14.12252], [107.73875, 14.12284], [107.73687, 14.12532], [107.7394, 14.1307], [107.73984, 14.13261], [107.73907, 14.13402], [107.74016, 14.1355], [107.74336, 14.13719], [107.74641, 14.13673], [107.75046, 14.13738], [107.75071, 14.13905], [107.75188, 14.13997], [107.7546, 14.13872], [107.75731, 14.13876], [107.75791, 14.14147], [107.76612, 14.14112], [107.76871, 14.13966], [107.77005, 14.14045], [107.77313, 14.14033], [107.77488, 14.14204], [107.77932, 14.14146], [107.78183, 14.14294], [107.78353, 14.143], [107.78418, 14.14256], [107.78404, 14.14091], [107.78562, 14.13947], [107.78787, 14.1404], [107.78988, 14.14249], [107.79182, 14.14281], [107.79572, 14.14593], [107.79842, 14.14335], [107.80023, 14.14322], [107.80386, 14.14792], [107.80507, 14.1478], [107.80771, 14.14327], [107.80915, 14.14412], [107.80979, 14.1459], [107.81336, 14.14734], [107.81879, 14.1466], [107.82149, 14.14699], [107.82509, 14.14516], [107.82543, 14.14629], [107.82752, 14.14715], [107.83021, 14.14624], [107.83237, 14.14907], [107.83212, 14.15015], [107.83377, 14.14995], [107.83382, 14.15208], [107.83552, 14.15382], [107.83596, 14.15234], [107.83678, 14.15314], [107.83722, 14.15248], [107.83932, 14.15311], [107.8402, 14.15123], [107.83988, 14.14857], [107.84141, 14.1481], [107.84554, 14.14966], [107.84643, 14.15248], [107.84833, 14.15374], [107.8512, 14.15352], [107.85531, 14.14843], [107.85613, 14.15002], [107.85459, 14.1517], [107.8552, 14.15339], [107.85804, 14.15327], [107.86208, 14.15118], [107.86189, 14.15239], [107.8636, 14.15276], [107.86238, 14.15371], [107.86359, 14.15599], [107.86298, 14.15657], [107.8659, 14.15644], [107.86609, 14.15804], [107.86511, 14.15792], [107.86474, 14.15863], [107.86463, 14.16029], [107.86535, 14.16064], [107.86465, 14.16068], [107.86467, 14.16233], [107.86708, 14.16285], [107.8666, 14.16337], [107.86755, 14.16433], [107.86816, 14.16747], [107.86898, 14.16755], [107.86922, 14.16849], [107.87104, 14.16844], [107.87084, 14.17054], [107.8741, 14.16907], [107.87535, 14.17016], [107.87576, 14.17445], [107.87783, 14.17569], [107.88057, 14.17584], [107.8815, 14.18013], [107.88105, 14.18143], [107.8821, 14.18418], [107.88188, 14.18827], [107.88019, 14.18888], [107.87729, 14.18848], [107.87831, 14.19134], [107.87252, 14.19431], [107.87271, 14.19754], [107.87184, 14.19828], [107.87292, 14.20048], [107.87242, 14.20286], [107.87072, 14.20196], [107.86342, 14.20362], [107.86389, 14.20591], [107.86194, 14.20708], [107.86196, 14.2107], [107.86612, 14.21384], [107.86884, 14.214], [107.87198, 14.21575], [107.87495, 14.21634], [107.87496, 14.21878], [107.87753, 14.21862], [107.88175, 14.22485], [107.88425, 14.22655], [107.88389, 14.22909], [107.88061, 14.23105], [107.88313, 14.23262], [107.8824, 14.23806], [107.88298, 14.24063], [107.88081, 14.24104], [107.8809, 14.24309], [107.8793, 14.24416], [107.88, 14.24495], [107.88101, 14.24456], [107.8814, 14.24536], [107.8822, 14.24465], [107.88301, 14.24564], [107.88422, 14.24398], [107.88479, 14.24446], [107.88644, 14.24942], [107.88484, 14.25213], [107.88533, 14.25485], [107.89036, 14.25245], [107.893, 14.24886], [107.89526, 14.24913], [107.89536, 14.25121], [107.89398, 14.25329], [107.89434, 14.25573], [107.89198, 14.25966], [107.89235, 14.2614], [107.89337, 14.26206], [107.89524, 14.26222], [107.89707, 14.26079], [107.89703, 14.26196], [107.89447, 14.26399], [107.89191, 14.26342], [107.89109, 14.26403], [107.89085, 14.26333], [107.88939, 14.26343], [107.8882, 14.25965], [107.88501, 14.26055], [107.88559, 14.25939], [107.8828, 14.25692], [107.88094, 14.25909], [107.8797, 14.25803], [107.87858, 14.25513], [107.87972, 14.2538], [107.87758, 14.25388], [107.87752, 14.25279], [107.87544, 14.25204], [107.87735, 14.25068], [107.87695, 14.24847], [107.87473, 14.24854], [107.87438, 14.2505], [107.87324, 14.2506], [107.87241, 14.25187], [107.87264, 14.25338], [107.87188, 14.25332], [107.86975, 14.25555], [107.8706, 14.25668], [107.87022, 14.25804], [107.87215, 14.25869], [107.87004, 14.25904], [107.86932, 14.26108], [107.86998, 14.26294], [107.8683, 14.26313], [107.86781, 14.2647], [107.86619, 14.26559], [107.86651, 14.26837], [107.86513, 14.26856], [107.86445, 14.27007], [107.86404, 14.27408], [107.86328, 14.27459], [107.86048, 14.27338]]]}}, {"type": "Feature", "properties": {"other_info": "<div id=\"ethnicity\"><span class=\"cms\">D\u00e2n t\u1ed9c: </span><p>T\u1ef7 l\u1ec7 \u0111\u1ed3ng b\u00e0o DTTS:&nbsp;80,00%</p></div>", "dan_so": "3.380 ", "lanh_dao": "<p>+ Tr\u01b0\u01a1ng C\u00f4ng T\u1ea5n,&nbsp;B\u00ed th\u01b0 \u0110\u1ea3ng u\u1ef7 - Ch\u1ee7 t\u1ecbch H\u0110ND (\u0110t:&nbsp;0988641300)&nbsp;</p><p>+ Tr\u1ea7n Quy\u1ebft Th\u1eafng,&nbsp;Ch\u1ee7 t\u1ecbch UBND (\u0110t:&nbsp;0983447098)</p>", "sap_nhap": "Ia M\u01a1", "dtich_km2": "435,60 ", "ma_xa": 93, "tru_so": "<p>L\u00e0ng Kl\u0103h, x\u00e3 Ia M\u01a1</p>", "url": "https://baogialai.com.vn/dia-phuong/xa-ia-mo/93.html", "ten_xa": "X\u00e3 Ia M\u01a1", "order": 100}, "geometry": {"type": "Polygon", "coordinates": [[[107.80971, 13.5935], [107.81292, 13.60171], [107.81036, 13.60177], [107.80734, 13.59697], [107.79955, 13.59351], [107.79383, 13.59395], [107.79507, 13.5932], [107.79426, 13.59233], [107.79553, 13.59122], [107.79502, 13.59008], [107.79297, 13.59034], [107.79017, 13.58942], [107.78879, 13.59036], [107.78755, 13.58909], [107.78798, 13.58683], [107.78419, 13.5875], [107.78242, 13.58604], [107.78254, 13.58451], [107.77763, 13.58203], [107.77774, 13.58048], [107.77588, 13.58065], [107.77383, 13.57962], [107.77084, 13.58054], [107.76579, 13.57682], [107.76438, 13.57367], [107.76381, 13.57453], [107.76218, 13.57295], [107.76072, 13.57417], [107.75889, 13.57389], [107.75913, 13.57019], [107.75636, 13.56946], [107.75658, 13.5672], [107.75813, 13.5653], [107.75652, 13.56348], [107.75503, 13.56441], [107.72576, 13.56884], [107.6999, 13.55731], [107.69875, 13.56042], [107.69584, 13.56065], [107.6933, 13.56209], [107.69139, 13.56148], [107.68829, 13.55876], [107.68753, 13.56045], [107.68445, 13.56149], [107.68388, 13.5646], [107.68146, 13.56583], [107.67877, 13.56427], [107.67421, 13.56414], [107.67346, 13.5707], [107.67081, 13.57034], [107.6639, 13.5749], [107.66197, 13.57393], [107.66034, 13.57086], [107.66118, 13.56696], [107.66393, 13.56478], [107.66259, 13.55962], [107.66413, 13.55631], [107.6631, 13.55256], [107.65679, 13.54694], [107.65092, 13.5455], [107.64994, 13.54392], [107.64993, 13.54132], [107.64682, 13.53973], [107.64252, 13.54335], [107.63929, 13.54275], [107.63767, 13.54386], [107.63582, 13.54356], [107.63318, 13.5455], [107.62977, 13.54566], [107.62598, 13.5476], [107.62362, 13.54789], [107.62242, 13.5492], [107.61491, 13.54818], [107.61228, 13.54911], [107.60841, 13.54794], [107.61767, 13.52865], [107.62915, 13.37953], [107.63132, 13.35986], [107.60672, 13.30449], [107.61469, 13.30783], [107.61622, 13.31198], [107.6208, 13.31279], [107.62482, 13.31522], [107.62816, 13.31425], [107.62941, 13.31459], [107.6308, 13.32107], [107.63363, 13.32195], [107.63835, 13.3218], [107.63949, 13.3226], [107.64038, 13.32895], [107.64602, 13.32589], [107.64915, 13.32589], [107.65025, 13.32783], [107.64999, 13.34266], [107.65518, 13.34302], [107.65732, 13.34662], [107.66333, 13.35054], [107.66655, 13.35079], [107.66983, 13.34953], [107.6713, 13.3499], [107.67416, 13.35656], [107.67561, 13.35804], [107.68325, 13.36178], [107.68543, 13.36407], [107.68926, 13.36204], [107.69005, 13.36576], [107.69213, 13.36936], [107.69608, 13.37282], [107.70445, 13.37492], [107.70773, 13.37298], [107.70926, 13.37033], [107.71031, 13.3699], [107.71187, 13.37054], [107.71278, 13.37326], [107.71707, 13.37427], [107.71909, 13.37238], [107.72016, 13.3697], [107.72484, 13.36943], [107.72931, 13.36626], [107.73615, 13.3674], [107.73819, 13.36666], [107.74039, 13.36428], [107.74463, 13.36473], [107.7489, 13.36343], [107.75126, 13.36524], [107.75194, 13.36976], [107.75583, 13.36878], [107.7593, 13.36973], [107.76198, 13.37199], [107.76306, 13.37207], [107.7621, 13.36732], [107.76479, 13.36491], [107.76816, 13.36938], [107.77337, 13.36978], [107.7745, 13.37033], [107.77529, 13.37238], [107.77966, 13.37367], [107.78044, 13.37504], [107.78583, 13.3756], [107.78758, 13.37827], [107.79194, 13.38185], [107.7959, 13.38252], [107.79785, 13.38083], [107.79969, 13.3813], [107.79749, 13.38813], [107.80061, 13.39046], [107.80146, 13.39299], [107.79976, 13.39714], [107.79944, 13.40013], [107.79834, 13.40106], [107.79892, 13.40286], [107.79756, 13.40169], [107.79522, 13.40361], [107.79556, 13.4056], [107.79708, 13.40684], [107.7958, 13.40781], [107.79729, 13.40967], [107.7979, 13.40889], [107.79807, 13.41075], [107.79998, 13.4108], [107.79971, 13.41246], [107.7988, 13.41292], [107.79978, 13.41391], [107.7983, 13.41466], [107.79902, 13.41487], [107.79844, 13.41572], [107.80095, 13.417], [107.80146, 13.41838], [107.8014, 13.42265], [107.80027, 13.42305], [107.80078, 13.42567], [107.80008, 13.42592], [107.80106, 13.42651], [107.80059, 13.42699], [107.80138, 13.42865], [107.80211, 13.42784], [107.80253, 13.42906], [107.80435, 13.42991], [107.80615, 13.42886], [107.80828, 13.43101], [107.81005, 13.43096], [107.80952, 13.4316], [107.81149, 13.43246], [107.81135, 13.43371], [107.81269, 13.43247], [107.81315, 13.43307], [107.81036, 13.43768], [107.81116, 13.43918], [107.81014, 13.43957], [107.81104, 13.44061], [107.80934, 13.44192], [107.80885, 13.44348], [107.81033, 13.44435], [107.81077, 13.44562], [107.81006, 13.44667], [107.81127, 13.44739], [107.81053, 13.44926], [107.81116, 13.45294], [107.81052, 13.45308], [107.81125, 13.45473], [107.81096, 13.45632], [107.80794, 13.45738], [107.80368, 13.4568], [107.8015, 13.45499], [107.80068, 13.45596], [107.80027, 13.46391], [107.80134, 13.4677], [107.79943, 13.47295], [107.8022, 13.47733], [107.80288, 13.48549], [107.80211, 13.48753], [107.79847, 13.49023], [107.79829, 13.49295], [107.79878, 13.49463], [107.79985, 13.49479], [107.80077, 13.49638], [107.80226, 13.49606], [107.80252, 13.49921], [107.80373, 13.50196], [107.8031, 13.50245], [107.80351, 13.50566], [107.80183, 13.50611], [107.80157, 13.50777], [107.8005, 13.5088], [107.80049, 13.5119], [107.79904, 13.51416], [107.79992, 13.51551], [107.79911, 13.51809], [107.79741, 13.51903], [107.79757, 13.52744], [107.79598, 13.52867], [107.79314, 13.52547], [107.79233, 13.52615], [107.79383, 13.52786], [107.79403, 13.5302], [107.7903, 13.53247], [107.78746, 13.53278], [107.78525, 13.53485], [107.78128, 13.53665], [107.78317, 13.54139], [107.78771, 13.54519], [107.79051, 13.54592], [107.78914, 13.54826], [107.78949, 13.55075], [107.78694, 13.55419], [107.78751, 13.55687], [107.78493, 13.55892], [107.78505, 13.55987], [107.7859, 13.56013], [107.78799, 13.55838], [107.78845, 13.55876], [107.78863, 13.56181], [107.78677, 13.56491], [107.78699, 13.56668], [107.78938, 13.5708], [107.79123, 13.5723], [107.79194, 13.57491], [107.79527, 13.57434], [107.79852, 13.57771], [107.80081, 13.57852], [107.80202, 13.57762], [107.80308, 13.57796], [107.80748, 13.58529], [107.80826, 13.58786], [107.80713, 13.59514], [107.80856, 13.59484], [107.80971, 13.5935]]]}}, {"type": "Feature", "properties": {"other_info": "<div id=\"economy\"><span class=\"cms\">Kinh t\u1ebf: </span><p>Ph\u00e1t tri\u1ec3n kinh t\u1ebf n\u00f4ng th\u00f4n</p></div><div id=\"ethnicity\"><span class=\"cms\">D\u00e2n t\u1ed9c: </span><p>T\u1ef7 l\u1ec7 \u0111\u1ed3ng b\u00e0o DTTS:&nbsp;34,00%</p></div>", "dan_so": "8.663 ", "lanh_dao": "<p>+ Ng\u00f4 H\u1eefu Ph\u01b0\u1edbc , B\u00ed th\u01b0 \u0110\u1ea3ng u\u1ef7 - Ch\u1ee7 t\u1ecbch H\u0110ND (\u0110t: 0914084078)</p><p>+ Nguy\u1ec5n Tr\u1ecdng Qu\u1ef3nh,&nbsp;Ch\u1ee7 t\u1ecbch UBND (\u0110t: 0989621446)</p>", "sap_nhap": "Ia Nan", "dtich_km2": "90,31 ", "ma_xa": 94, "tru_so": "<p>L\u00e0ng N\u00fa, x\u00e3 Ia Nan</p>", "url": "https://baogialai.com.vn/dia-phuong/xa-ia-nan/94.html", "ten_xa": "X\u00e3 Ia Nan", "order": 100}, "geometry": {"type": "Polygon", "coordinates": [[[107.63843, 13.79248], [107.63767, 13.79427], [107.6268, 13.78743], [107.62138, 13.78299], [107.60797, 13.77527], [107.60559, 13.77477], [107.59396, 13.77569], [107.58434, 13.77256], [107.58217, 13.77127], [107.57334, 13.76194], [107.55465, 13.75614], [107.55119, 13.75725], [107.54845, 13.76026], [107.54382, 13.76043], [107.54093, 13.76281], [107.53706, 13.76383], [107.53348, 13.76306], [107.52944, 13.76424], [107.52545, 13.7631], [107.5242, 13.76385], [107.52247, 13.76699], [107.51927, 13.76828], [107.51519, 13.76702], [107.51143, 13.76725], [107.50538, 13.76626], [107.49992, 13.76907], [107.49803, 13.76785], [107.51232, 13.76043], [107.53299, 13.74471], [107.551, 13.69206], [107.56545, 13.66775], [107.56615, 13.66974], [107.56764, 13.66981], [107.57037, 13.67224], [107.57277, 13.67164], [107.5813, 13.67192], [107.58575, 13.6703], [107.58831, 13.6711], [107.58934, 13.66989], [107.59028, 13.67024], [107.58993, 13.66776], [107.5908, 13.66628], [107.5966, 13.66527], [107.598, 13.66054], [107.60326, 13.65838], [107.60317, 13.65927], [107.60486, 13.66025], [107.60472, 13.66121], [107.60586, 13.66041], [107.6066, 13.66123], [107.60566, 13.66206], [107.60693, 13.66298], [107.60687, 13.66412], [107.6091, 13.66412], [107.61036, 13.66608], [107.61035, 13.66844], [107.61171, 13.66816], [107.61247, 13.66955], [107.61484, 13.67016], [107.61571, 13.67507], [107.6186, 13.67698], [107.6177, 13.67854], [107.61938, 13.67978], [107.61946, 13.68405], [107.62239, 13.68367], [107.62419, 13.68629], [107.6268, 13.68654], [107.62588, 13.6879], [107.62683, 13.68895], [107.62518, 13.68991], [107.62546, 13.69093], [107.62436, 13.69172], [107.62446, 13.69579], [107.62184, 13.69678], [107.62195, 13.6982], [107.61999, 13.69964], [107.6207, 13.70197], [107.61986, 13.70416], [107.61906, 13.70348], [107.6182, 13.70432], [107.61875, 13.70497], [107.61658, 13.70499], [107.61564, 13.70626], [107.61635, 13.70723], [107.61495, 13.70745], [107.61488, 13.7082], [107.61243, 13.70967], [107.61422, 13.71296], [107.61362, 13.71417], [107.61423, 13.71516], [107.61349, 13.71587], [107.61395, 13.71756], [107.61253, 13.71966], [107.61453, 13.72658], [107.613, 13.72674], [107.61112, 13.72867], [107.61037, 13.72827], [107.6099, 13.72976], [107.60825, 13.73016], [107.60779, 13.73192], [107.60717, 13.7319], [107.60767, 13.73353], [107.60688, 13.73443], [107.60787, 13.73543], [107.60641, 13.73636], [107.60791, 13.74042], [107.60729, 13.74178], [107.60785, 13.74472], [107.60658, 13.74645], [107.60628, 13.75026], [107.60705, 13.75139], [107.60649, 13.75256], [107.60686, 13.75365], [107.60799, 13.75393], [107.60785, 13.75529], [107.60981, 13.75614], [107.61041, 13.75803], [107.61195, 13.75889], [107.61419, 13.75798], [107.61534, 13.7584], [107.61683, 13.76228], [107.61652, 13.76324], [107.61769, 13.7643], [107.61897, 13.76824], [107.61986, 13.76944], [107.62219, 13.76959], [107.62443, 13.77142], [107.62609, 13.77415], [107.62758, 13.78179], [107.62947, 13.78287], [107.63047, 13.78584], [107.63379, 13.78728], [107.63474, 13.78998], [107.63843, 13.79248]]]}}, {"type": "Feature", "properties": {"other_info": "<div id=\"ethnicity\"><span class=\"cms\">D\u00e2n t\u1ed9c: </span><p>T\u1ef7 l\u1ec7 \u0111\u1ed3ng b\u00e0o DTTS:&nbsp;66,00%</p></div>", "dan_so": "11.301", "lanh_dao": "<p>+ Nguy\u1ec5n Ng\u1ecdc Ti\u1ebfn, B\u00ed th\u01b0 \u0110\u1ea3ng u\u1ef7 - Ch\u1ee7 t\u1ecbch H\u0110ND (\u0110t: 0836021386)</p><p>+ Phan \u0110\u00ecnh Th\u1eafm, Ch\u1ee7 t\u1ecbch UBND (\u0110t: 0914317963) </p>", "sap_nhap": "Ia O", "dtich_km2": "137,39", "ma_xa": 95, "tru_so": "<p>L\u00e0ng D\u0103ng, x\u00e3 Ia O</p>", "url": "https://baogialai.com.vn/dia-phuong/xa-ia-o/95.html", "ten_xa": "X\u00e3 Ia O", "order": 100}, "geometry": {"type": "Polygon", "coordinates": [[[107.55452, 14.01337], [107.5484, 14.01392], [107.54572, 14.01257], [107.54417, 14.01373], [107.54231, 14.01238], [107.53057, 14.01376], [107.52599, 14.01288], [107.52384, 14.01164], [107.52219, 14.00853], [107.52227, 14.00351], [107.52622, 13.98634], [107.52557, 13.98241], [107.52343, 13.982], [107.5118, 13.98387], [107.50632, 13.975], [107.50253, 13.97118], [107.49811, 13.96973], [107.48806, 13.96174], [107.47724, 13.95915], [107.469, 13.95293], [107.47061, 13.93742], [107.47024, 13.93544], [107.46882, 13.93341], [107.46294, 13.93132], [107.46131, 13.92919], [107.4612, 13.92624], [107.45779, 13.92365], [107.45773, 13.92237], [107.45904, 13.92157], [107.46568, 13.92235], [107.47348, 13.92088], [107.473, 13.91561], [107.46964, 13.90925], [107.47159, 13.90626], [107.4704, 13.90401], [107.47089, 13.89253], [107.46927, 13.8891], [107.47201, 13.88767], [107.47525, 13.8892], [107.4789, 13.88963], [107.48071, 13.88902], [107.48157, 13.89023], [107.48065, 13.89199], [107.48193, 13.89155], [107.48413, 13.89367], [107.48481, 13.89563], [107.48803, 13.89444], [107.48944, 13.89516], [107.49014, 13.89682], [107.49247, 13.89747], [107.49437, 13.89925], [107.49435, 13.90344], [107.49591, 13.90579], [107.49427, 13.9082], [107.4955, 13.91], [107.49804, 13.91078], [107.5006, 13.91054], [107.50098, 13.9096], [107.50238, 13.91041], [107.50329, 13.90993], [107.50576, 13.91188], [107.50626, 13.91612], [107.50768, 13.91649], [107.50919, 13.91814], [107.51015, 13.91784], [107.51088, 13.91904], [107.51236, 13.91832], [107.51436, 13.92217], [107.52053, 13.9245], [107.52129, 13.92547], [107.52376, 13.92409], [107.52702, 13.92457], [107.52792, 13.92295], [107.52798, 13.92011], [107.5294, 13.91968], [107.5302, 13.92101], [107.53118, 13.92052], [107.53243, 13.91891], [107.53289, 13.9169], [107.53198, 13.91626], [107.53367, 13.91266], [107.53584, 13.91127], [107.53761, 13.91156], [107.53872, 13.90965], [107.53876, 13.90572], [107.54082, 13.90354], [107.54045, 13.90265], [107.54211, 13.90217], [107.5435, 13.903], [107.54377, 13.90197], [107.54678, 13.90181], [107.54651, 13.90001], [107.54907, 13.89928], [107.55025, 13.89517], [107.55173, 13.89531], [107.55186, 13.89384], [107.55361, 13.89392], [107.55362, 13.89246], [107.55516, 13.89302], [107.55546, 13.89542], [107.5626, 13.89654], [107.56479, 13.9014], [107.57038, 13.90661], [107.57209, 13.90953], [107.58125, 13.91398], [107.58138, 13.91621], [107.5827, 13.91654], [107.58381, 13.91545], [107.58513, 13.91604], [107.58734, 13.91563], [107.58872, 13.91693], [107.58948, 13.91587], [107.59543, 13.91633], [107.59646, 13.91495], [107.59885, 13.92016], [107.59997, 13.92078], [107.59892, 13.92221], [107.6028, 13.92717], [107.60428, 13.92699], [107.60587, 13.92794], [107.61318, 13.92251], [107.61411, 13.92461], [107.61369, 13.9256], [107.61537, 13.92693], [107.61845, 13.92636], [107.61927, 13.92709], [107.62121, 13.93083], [107.62161, 13.93337], [107.61942, 13.93455], [107.61948, 13.93587], [107.61827, 13.93743], [107.61888, 13.93849], [107.61786, 13.93838], [107.61767, 13.93939], [107.61514, 13.94014], [107.61494, 13.94108], [107.61289, 13.94192], [107.6129, 13.94345], [107.61188, 13.94374], [107.61264, 13.9442], [107.61161, 13.94563], [107.61194, 13.94679], [107.61043, 13.94731], [107.61047, 13.94882], [107.61152, 13.94939], [107.61126, 13.95183], [107.6122, 13.95158], [107.61175, 13.95333], [107.61033, 13.95372], [107.60988, 13.95498], [107.6111, 13.95648], [107.60959, 13.9579], [107.6106, 13.96091], [107.60945, 13.96089], [107.61014, 13.96223], [107.60941, 13.96212], [107.60842, 13.96472], [107.60695, 13.96473], [107.60635, 13.96565], [107.60721, 13.96625], [107.60488, 13.96864], [107.60608, 13.96945], [107.60565, 13.97148], [107.6067, 13.97157], [107.60683, 13.97444], [107.60498, 13.97618], [107.60602, 13.97758], [107.605, 13.97817], [107.60432, 13.98065], [107.60377, 13.98023], [107.6008, 13.98224], [107.6002, 13.98345], [107.60075, 13.98397], [107.59835, 13.98583], [107.59867, 13.9869], [107.59557, 13.98889], [107.5948, 13.99148], [107.59268, 13.99168], [107.59156, 13.99097], [107.59051, 13.99241], [107.58813, 13.99102], [107.58688, 13.99157], [107.58738, 13.99255], [107.58578, 13.99431], [107.5825, 13.9938], [107.58221, 13.99649], [107.58121, 13.99646], [107.58139, 13.99799], [107.57948, 13.9997], [107.58006, 14.00117], [107.57899, 14.00107], [107.57882, 14.0001], [107.57715, 14.00004], [107.57266, 14.00501], [107.56848, 14.00362], [107.56798, 14.00618], [107.5638, 14.01089], [107.55811, 14.0091], [107.55452, 14.01337]]]}}, {"type": "Feature", "properties": {"other_info": "<div id=\"economy\"><span class=\"cms\">Kinh t\u1ebf: </span><p>Ph\u00e1t tri\u1ec3n kinh t\u1ebf n\u00f4ng th\u00f4n</p></div><div id=\"ethnicity\"><span class=\"cms\">D\u00e2n t\u1ed9c: </span><p>68.00%</p></div>", "dan_so": "31021", "lanh_dao": "<p>+R\u01a1 Ch\u0103m La Ni<br> B\u00ed th\u01b0 \u0110\u1ea3ng u\u1ef7 </p><p>Ch\u1ee7 t\u1ecbch H\u0110ND </p><p>0914322677</p><p>+L\u00ea Ti\u1ebfn M\u1ea1nh<br> Ch\u1ee7 t\u1ecbch UBND </p><p>0986974662<br></p>", "sap_nhap": "Ia Mr\u01a1n, Kim T\u00e2n, Ia Tr\u00f4k", "dtich_km2": "103.19", "ma_xa": 96, "tru_so": "<p>S\u1ed1 157 \u0111\u01b0\u1eddng H\u00f9ng V\u01b0\u01a1ng, x\u00e3 Ia Pa</p>", "url": "https://baogialai.com.vn/dia-phuong/xa-ia-pa/96.html", "ten_xa": "X\u00e3 Ia Pa", "order": 100}, "geometry": {"type": "Polygon", "coordinates": [[[108.47916, 13.61162], [108.47777, 13.6122], [108.47745, 13.61376], [108.47468, 13.61663], [108.47389, 13.61869], [108.47288, 13.61885], [108.47041, 13.61173], [108.47039, 13.60887], [108.46551, 13.6068], [108.46448, 13.60375], [108.46412, 13.60102], [108.46471, 13.59985], [108.46315, 13.59618], [108.46427, 13.59494], [108.46449, 13.592], [108.46556, 13.59033], [108.465, 13.58654], [108.46028, 13.58449], [108.45733, 13.58492], [108.45708, 13.58258], [108.45509, 13.58128], [108.45428, 13.57952], [108.45482, 13.57694], [108.4539, 13.5752], [108.45433, 13.57483], [108.45309, 13.57342], [108.45205, 13.57365], [108.45376, 13.5694], [108.44896, 13.56677], [108.44805, 13.56764], [108.4454, 13.56464], [108.4425, 13.56424], [108.44285, 13.56319], [108.43832, 13.56263], [108.43766, 13.56182], [108.43354, 13.56432], [108.43211, 13.56177], [108.42846, 13.56123], [108.42628, 13.56257], [108.42409, 13.56101], [108.42281, 13.56182], [108.42266, 13.56386], [108.42109, 13.56437], [108.41885, 13.56252], [108.4189, 13.55911], [108.41779, 13.55893], [108.41508, 13.56015], [108.41445, 13.55905], [108.41315, 13.55974], [108.41159, 13.55893], [108.40911, 13.55956], [108.40663, 13.5619], [108.40186, 13.56159], [108.40041, 13.55754], [108.39884, 13.55729], [108.396, 13.55436], [108.39644, 13.55359], [108.3954, 13.54745], [108.39436, 13.54509], [108.3927, 13.54476], [108.39202, 13.54118], [108.41392, 13.53361], [108.42623, 13.52575], [108.42528, 13.52319], [108.42392, 13.5228], [108.42432, 13.52011], [108.42318, 13.51664], [108.42256, 13.51654], [108.42245, 13.51494], [108.42383, 13.51468], [108.42396, 13.5132], [108.42236, 13.51251], [108.42059, 13.50903], [108.41934, 13.50822], [108.42025, 13.50747], [108.42049, 13.50642], [108.41976, 13.50625], [108.42034, 13.5043], [108.41814, 13.50335], [108.41768, 13.50116], [108.41884, 13.50012], [108.41699, 13.49756], [108.41708, 13.49534], [108.4162, 13.49533], [108.41533, 13.49255], [108.41663, 13.49017], [108.4153, 13.48921], [108.41509, 13.48611], [108.41433, 13.48604], [108.4149, 13.48219], [108.41631, 13.48034], [108.41678, 13.47809], [108.41491, 13.47727], [108.41386, 13.47443], [108.41492, 13.47364], [108.41852, 13.47352], [108.42006, 13.4747], [108.42081, 13.47206], [108.41909, 13.4715], [108.41626, 13.47254], [108.41602, 13.47067], [108.41482, 13.46927], [108.41584, 13.46849], [108.41589, 13.46667], [108.41211, 13.46372], [108.41481, 13.46066], [108.41445, 13.45995], [108.41716, 13.45484], [108.41817, 13.45491], [108.42056, 13.45779], [108.42337, 13.45837], [108.42465, 13.45765], [108.42467, 13.45251], [108.42709, 13.44785], [108.42666, 13.44396], [108.42747, 13.44301], [108.43003, 13.44275], [108.43059, 13.44702], [108.43138, 13.44777], [108.4345, 13.44762], [108.43684, 13.44627], [108.43733, 13.4437], [108.43667, 13.44242], [108.43293, 13.44265], [108.43294, 13.4411], [108.43103, 13.43873], [108.43117, 13.43571], [108.42975, 13.4328], [108.42997, 13.4309], [108.43137, 13.42941], [108.43621, 13.4292], [108.4378, 13.42843], [108.43755, 13.42621], [108.43438, 13.42485], [108.43475, 13.42142], [108.44125, 13.41953], [108.44266, 13.42068], [108.44298, 13.42492], [108.44459, 13.42584], [108.44672, 13.42518], [108.44868, 13.41907], [108.4553, 13.41833], [108.45442, 13.41357], [108.45952, 13.4054], [108.46347, 13.40946], [108.46458, 13.41248], [108.46155, 13.41819], [108.46035, 13.42404], [108.46044, 13.42753], [108.46574, 13.43601], [108.466, 13.44247], [108.46724, 13.4467], [108.46911, 13.45102], [108.47221, 13.45502], [108.47297, 13.45762], [108.46845, 13.46709], [108.46579, 13.46833], [108.4563, 13.46954], [108.4531, 13.47226], [108.45225, 13.47653], [108.45809, 13.48595], [108.46267, 13.48815], [108.46433, 13.4899], [108.46372, 13.49376], [108.46425, 13.4987], [108.47555, 13.52658], [108.47551, 13.53029], [108.4743, 13.5316], [108.46339, 13.53609], [108.46352, 13.54054], [108.46626, 13.54134], [108.4676, 13.54729], [108.47001, 13.5515], [108.47823, 13.55563], [108.48284, 13.55924], [108.48512, 13.56325], [108.48921, 13.5637], [108.48999, 13.56447], [108.49051, 13.56673], [108.48978, 13.5683], [108.48181, 13.57104], [108.4814, 13.57662], [108.48361, 13.57918], [108.48403, 13.581], [108.49178, 13.58687], [108.49195, 13.58847], [108.48941, 13.59443], [108.48957, 13.59578], [108.49357, 13.60286], [108.49851, 13.60925], [108.49651, 13.61217], [108.49495, 13.61219], [108.49457, 13.61288], [108.49234, 13.61195], [108.49004, 13.61493], [108.48792, 13.61558], [108.4816, 13.61421], [108.47916, 13.61162]]]}}, {"type": "Feature", "properties": {"other_info": "<div id=\"economy\"><span class=\"cms\">Kinh t\u1ebf: </span><p>Ph\u00e1t tri\u1ec3n kinh t\u1ebf n\u00f4ng th\u00f4n</p></div><div id=\"ethnicity\"><span class=\"cms\">D\u00e2n t\u1ed9c: </span><p>64.00%</p></div>", "dan_so": "23325", "lanh_dao": "<p>+Ph\u1ea1m Minh Ph\u1ee5ng<br> B\u00ed th\u01b0 \u0110\u1ea3ng u\u1ef7 </p><p>Ch\u1ee7 t\u1ecbch H\u0110ND 0905143125</p><p>+Nguy\u1ec5n C\u00f4ng S\u01a1n<br> Ch\u1ee7 t\u1ecbch UBND </p><p>0989717467<br></p>", "sap_nhap": "Ia Ka, Ia Nhin, Ia Ph\u00ed", "dtich_km2": "212.03", "ma_xa": 97, "tru_so": "<p>L\u00e0ng Mr\u00f4ng Y\u1ed1 2, x\u00e3 Ia Ph\u00ed</p>", "url": "https://baogialai.com.vn/dia-phuong/xa-ia-phi/97.html", "ten_xa": "X\u00e3 Ia Ph\u00ed", "order": 100}, "geometry": {"type": "Polygon", "coordinates": [[[107.87919, 14.27627], [107.87731, 14.27914], [107.87665, 14.28295], [107.87297, 14.27569], [107.86779, 14.27701], [107.86328, 14.27459], [107.86404, 14.27408], [107.86513, 14.26856], [107.86651, 14.26837], [107.86619, 14.26559], [107.86781, 14.2647], [107.8683, 14.26313], [107.86998, 14.26294], [107.86932, 14.26108], [107.87004, 14.25904], [107.87215, 14.25869], [107.87022, 14.25804], [107.8706, 14.25668], [107.86983, 14.25537], [107.87264, 14.25338], [107.87241, 14.25187], [107.87324, 14.2506], [107.87438, 14.2505], [107.87473, 14.24854], [107.87649, 14.24827], [107.87735, 14.25068], [107.87544, 14.25204], [107.87752, 14.25279], [107.87758, 14.25388], [107.87972, 14.2538], [107.87858, 14.25513], [107.8797, 14.25803], [107.88115, 14.25911], [107.8828, 14.25692], [107.88559, 14.25939], [107.88501, 14.26055], [107.88617, 14.26072], [107.88718, 14.25944], [107.88852, 14.25993], [107.88957, 14.26361], [107.89447, 14.26399], [107.89703, 14.26196], [107.89707, 14.26079], [107.89524, 14.26222], [107.89337, 14.26206], [107.89235, 14.2614], [107.89198, 14.25966], [107.89434, 14.25573], [107.89398, 14.25329], [107.89553, 14.2497], [107.89498, 14.24888], [107.89325, 14.24872], [107.89036, 14.25245], [107.88505, 14.25468], [107.88484, 14.25213], [107.88644, 14.24942], [107.88479, 14.24446], [107.88422, 14.24398], [107.88301, 14.24564], [107.8822, 14.24465], [107.88156, 14.24535], [107.8809, 14.24453], [107.87989, 14.24492], [107.87927, 14.24393], [107.8809, 14.24309], [107.88081, 14.24104], [107.88296, 14.2407], [107.8824, 14.23806], [107.88313, 14.23262], [107.88061, 14.23105], [107.88389, 14.22909], [107.8843, 14.22665], [107.88175, 14.22485], [107.87753, 14.21862], [107.87496, 14.21878], [107.87495, 14.21634], [107.86462, 14.21301], [107.86351, 14.21135], [107.86196, 14.2107], [107.8619, 14.20799], [107.86199, 14.20698], [107.86389, 14.20591], [107.86357, 14.20351], [107.87072, 14.20196], [107.87232, 14.20298], [107.87292, 14.20048], [107.87184, 14.19828], [107.87271, 14.19754], [107.87252, 14.19431], [107.87831, 14.19134], [107.87729, 14.18848], [107.88019, 14.18888], [107.88188, 14.18827], [107.88209, 14.18391], [107.88105, 14.18143], [107.8815, 14.18013], [107.88057, 14.17584], [107.87783, 14.17569], [107.87576, 14.17445], [107.87535, 14.17016], [107.8741, 14.16907], [107.87084, 14.17054], [107.87104, 14.16844], [107.86922, 14.16849], [107.86898, 14.16755], [107.86816, 14.16747], [107.86755, 14.16433], [107.8666, 14.16337], [107.86708, 14.16285], [107.86467, 14.16233], [107.86465, 14.16068], [107.86535, 14.16064], [107.86463, 14.16029], [107.86474, 14.15863], [107.86511, 14.15792], [107.86609, 14.15804], [107.8659, 14.15644], [107.86298, 14.15657], [107.86359, 14.15599], [107.86238, 14.15371], [107.8636, 14.15276], [107.86189, 14.15239], [107.86208, 14.15118], [107.85739, 14.15347], [107.85467, 14.15293], [107.85459, 14.1517], [107.8561, 14.15021], [107.85541, 14.14842], [107.85061, 14.1538], [107.84797, 14.15367], [107.84683, 14.15286], [107.84554, 14.14966], [107.84218, 14.1481], [107.84023, 14.14837], [107.83948, 14.15295], [107.83885, 14.15336], [107.83722, 14.15248], [107.83678, 14.15314], [107.83596, 14.15234], [107.83552, 14.15382], [107.83382, 14.15208], [107.83377, 14.14995], [107.83212, 14.15015], [107.83237, 14.14907], [107.83021, 14.14624], [107.82752, 14.14715], [107.82543, 14.14629], [107.82509, 14.14516], [107.82149, 14.14699], [107.81879, 14.1466], [107.81336, 14.14734], [107.80979, 14.1459], [107.80915, 14.14412], [107.80771, 14.14327], [107.80507, 14.1478], [107.80386, 14.14792], [107.80023, 14.14322], [107.79842, 14.14335], [107.79572, 14.14593], [107.79182, 14.14281], [107.78988, 14.14249], [107.78787, 14.1404], [107.78562, 14.13947], [107.78404, 14.14091], [107.78418, 14.14256], [107.78353, 14.143], [107.78183, 14.14294], [107.77932, 14.14146], [107.77488, 14.14204], [107.77313, 14.14033], [107.77005, 14.14045], [107.76871, 14.13966], [107.76612, 14.14112], [107.75796, 14.14148], [107.75731, 14.13876], [107.7546, 14.13872], [107.75188, 14.13997], [107.75075, 14.13912], [107.75099, 14.13774], [107.75025, 14.1373], [107.74641, 14.13673], [107.74336, 14.13719], [107.74055, 14.13586], [107.73909, 14.1341], [107.73984, 14.13241], [107.73687, 14.12532], [107.73875, 14.12283], [107.73642, 14.12099], [107.73495, 14.11831], [107.73613, 14.11742], [107.73628, 14.11601], [107.73574, 14.11493], [107.73448, 14.11459], [107.73455, 14.11214], [107.73337, 14.11172], [107.73361, 14.10969], [107.73396, 14.10793], [107.74297, 14.10569], [107.74611, 14.104], [107.74573, 14.10209], [107.74638, 14.10089], [107.74885, 14.09999], [107.74985, 14.09524], [107.75019, 14.08532], [107.75091, 14.0841], [107.7501, 14.08311], [107.75035, 14.08123], [107.74833, 14.07782], [107.74921, 14.07624], [107.7518, 14.07692], [107.75638, 14.07634], [107.76167, 14.07857], [107.7665, 14.0832], [107.76824, 14.08206], [107.76974, 14.0827], [107.77118, 14.08167], [107.7729, 14.08164], [107.77469, 14.08441], [107.78064, 14.08013], [107.78219, 14.08003], [107.78342, 14.08221], [107.79385, 14.07475], [107.79727, 14.0746], [107.79979, 14.07805], [107.80065, 14.076], [107.80303, 14.07609], [107.806, 14.07457], [107.80874, 14.07562], [107.81015, 14.0776], [107.8143, 14.07843], [107.81616, 14.07544], [107.82112, 14.07386], [107.8236, 14.07486], [107.8253, 14.07462], [107.82762, 14.07302], [107.83492, 14.077], [107.83825, 14.0773], [107.84037, 14.07836], [107.84102, 14.07616], [107.84829, 14.07541], [107.84913, 14.07713], [107.85141, 14.07803], [107.86377, 14.07883], [107.87054, 14.08169], [107.87601, 14.08279], [107.87539, 14.08679], [107.8746, 14.08729], [107.87655, 14.09146], [107.87801, 14.09116], [107.88085, 14.09533], [107.8802, 14.09663], [107.88627, 14.10637], [107.88752, 14.11082], [107.88676, 14.11149], [107.88758, 14.11136], [107.88872, 14.11437], [107.89149, 14.11658], [107.89788, 14.12491], [107.90434, 14.12901], [107.90954, 14.12766], [107.91078, 14.1291], [107.9122, 14.12834], [107.9142, 14.12935], [107.91491, 14.1314], [107.91845, 14.1275], [107.92346, 14.1277], [107.92333, 14.13088], [107.92693, 14.13305], [107.92579, 14.13385], [107.92777, 14.13893], [107.92745, 14.14154], [107.9266, 14.14231], [107.92688, 14.14563], [107.92587, 14.14555], [107.9246, 14.14716], [107.92522, 14.14721], [107.9252, 14.14881], [107.92721, 14.15264], [107.92747, 14.15905], [107.92682, 14.16188], [107.93225, 14.16838], [107.93503, 14.17482], [107.93446, 14.1779], [107.9374, 14.18063], [107.93808, 14.18328], [107.94002, 14.18607], [107.9398, 14.19004], [107.93529, 14.19264], [107.93489, 14.19503], [107.93586, 14.19508], [107.9361, 14.19646], [107.9373, 14.19686], [107.93791, 14.19818], [107.93773, 14.20275], [107.93961, 14.20263], [107.93967, 14.20404], [107.94088, 14.20427], [107.94033, 14.20602], [107.94134, 14.20765], [107.94758, 14.21292], [107.94676, 14.21534], [107.94724, 14.22136], [107.94404, 14.22861], [107.94831, 14.23512], [107.9477, 14.23649], [107.9489, 14.23748], [107.94844, 14.24011], [107.94673, 14.24285], [107.94313, 14.23918], [107.93762, 14.23923], [107.93314, 14.24071], [107.932, 14.24039], [107.93141, 14.24235], [107.92814, 14.24613], [107.92681, 14.24971], [107.92325, 14.25275], [107.9207, 14.25732], [107.91765, 14.25803], [107.91576, 14.26168], [107.91052, 14.26138], [107.90718, 14.26335], [107.90471, 14.26298], [107.90475, 14.26483], [107.89489, 14.27368], [107.89231, 14.27313], [107.89115, 14.27422], [107.88887, 14.2721], [107.88711, 14.27175], [107.88069, 14.27366], [107.87859, 14.27489], [107.87919, 14.27627]]]}}, {"type": "Feature", "properties": {"other_info": "<div id=\"economy\"><span class=\"cms\">Kinh t\u1ebf: </span><p>Ph\u00e1t tri\u1ec3n kinh t\u1ebf n\u00f4ng th\u00f4n</p></div><div id=\"ethnicity\"><span class=\"cms\">D\u00e2n t\u1ed9c: </span><p>60.00%</p></div>", "dan_so": "20326", "lanh_dao": "<p>+T\u1eeb Ng\u1ecdc Th\u00f4ng<br> B\u00ed th\u01b0 \u0110\u1ea3ng u\u1ef7 </p><p>Ch\u1ee7 t\u1ecbch H\u0110ND </p><p>02693517109</p><p>+Nguy\u1ec5n Ki\u00ean C\u01b0\u1eddng<br> Ch\u1ee7 t\u1ecbch UBND </p><p>0983456631<br></p>", "sap_nhap": "Ia Ga, Ia V\u00ea, Ia Pia", "dtich_km2": "238.59", "ma_xa": 98, "tru_so": "<p>L\u00e0ng Hle, x\u00e3 Ia Pia</p>", "url": "https://baogialai.com.vn/dia-phuong/xa-ia-pia/98.html", "ten_xa": "X\u00e3 Ia Pia", "order": 100}, "geometry": {"type": "Polygon", "coordinates": [[[108.0071, 13.68359], [108.00079, 13.68427], [107.99931, 13.68315], [107.99346, 13.68238], [107.99286, 13.68052], [107.98854, 13.67957], [107.98847, 13.68136], [107.98787, 13.68104], [107.98756, 13.68182], [107.97726, 13.67974], [107.97664, 13.68305], [107.97306, 13.68262], [107.97351, 13.68134], [107.97189, 13.6807], [107.96582, 13.68317], [107.96294, 13.68195], [107.96158, 13.68031], [107.95614, 13.67875], [107.95155, 13.67809], [107.94975, 13.67914], [107.94869, 13.67807], [107.94694, 13.67904], [107.94624, 13.67796], [107.94527, 13.67868], [107.94382, 13.67776], [107.9409, 13.67855], [107.93989, 13.6772], [107.93786, 13.67816], [107.93665, 13.68028], [107.93494, 13.68132], [107.93043, 13.6819], [107.92707, 13.68328], [107.92406, 13.68324], [107.91977, 13.67987], [107.91749, 13.67988], [107.91155, 13.67254], [107.91102, 13.67027], [107.91193, 13.6688], [107.91043, 13.66798], [107.90965, 13.66625], [107.9105, 13.664], [107.90974, 13.66135], [107.91061, 13.66088], [107.91038, 13.65908], [107.90937, 13.65956], [107.90939, 13.6579], [107.90563, 13.65482], [107.90492, 13.64978], [107.90345, 13.6502], [107.9017, 13.64639], [107.89936, 13.64709], [107.89727, 13.64602], [107.8957, 13.64774], [107.89414, 13.64597], [107.89225, 13.6459], [107.89159, 13.64487], [107.89008, 13.64506], [107.88903, 13.63956], [107.88317, 13.63934], [107.88189, 13.64037], [107.88101, 13.63691], [107.87906, 13.63627], [107.87701, 13.63422], [107.87602, 13.6302], [107.87376, 13.62929], [107.87381, 13.62747], [107.87249, 13.62537], [107.8731, 13.6234], [107.87148, 13.62119], [107.86994, 13.62181], [107.86655, 13.62572], [107.86443, 13.62531], [107.86361, 13.62429], [107.86113, 13.62531], [107.86091, 13.62611], [107.85913, 13.6261], [107.85535, 13.62439], [107.85335, 13.62135], [107.85206, 13.61734], [107.84251, 13.60952], [107.83972, 13.61195], [107.83365, 13.61286], [107.83162, 13.61512], [107.8289, 13.61411], [107.82673, 13.61536], [107.82457, 13.61505], [107.82204, 13.61279], [107.81958, 13.61246], [107.81946, 13.61054], [107.81756, 13.60709], [107.81525, 13.60729], [107.8133, 13.60471], [107.81289, 13.60136], [107.81004, 13.59365], [107.80713, 13.59514], [107.80826, 13.58786], [107.80375, 13.5788], [107.80237, 13.57762], [107.80081, 13.57852], [107.79832, 13.57761], [107.79527, 13.57434], [107.79194, 13.57491], [107.79123, 13.5723], [107.78938, 13.5708], [107.78699, 13.56668], [107.78677, 13.56491], [107.78863, 13.56181], [107.78845, 13.55876], [107.78799, 13.55838], [107.7859, 13.56013], [107.78505, 13.55987], [107.78493, 13.55892], [107.78751, 13.55687], [107.78694, 13.55419], [107.78949, 13.55075], [107.78914, 13.54826], [107.79051, 13.54592], [107.78771, 13.54519], [107.78317, 13.54139], [107.78128, 13.53665], [107.78525, 13.53485], [107.78746, 13.53278], [107.7903, 13.53247], [107.79403, 13.5302], [107.79383, 13.52786], [107.79233, 13.52615], [107.79314, 13.52547], [107.79643, 13.52909], [107.80068, 13.52538], [107.80083, 13.52131], [107.80778, 13.52124], [107.81888, 13.51823], [107.83034, 13.51634], [107.83156, 13.51515], [107.83806, 13.51394], [107.83908, 13.51304], [107.84135, 13.51522], [107.84226, 13.51847], [107.84487, 13.51811], [107.84747, 13.51647], [107.85002, 13.51671], [107.84965, 13.51948], [107.85049, 13.52258], [107.85359, 13.52293], [107.85839, 13.5282], [107.86304, 13.52958], [107.86466, 13.53086], [107.86499, 13.53239], [107.86593, 13.5316], [107.86972, 13.5343], [107.8694, 13.53542], [107.87231, 13.53568], [107.87192, 13.53699], [107.87255, 13.53802], [107.87423, 13.53557], [107.87591, 13.53674], [107.87817, 13.53399], [107.88724, 13.54159], [107.88889, 13.54513], [107.90015, 13.54289], [107.90191, 13.5436], [107.90357, 13.5469], [107.90725, 13.54815], [107.90773, 13.54945], [107.90907, 13.54875], [107.91161, 13.55293], [107.91355, 13.55398], [107.91404, 13.55509], [107.91528, 13.55387], [107.91617, 13.55022], [107.9155, 13.54779], [107.9164, 13.54655], [107.91653, 13.54186], [107.91529, 13.54035], [107.91713, 13.53867], [107.91615, 13.53683], [107.91809, 13.53374], [107.91787, 13.53131], [107.91883, 13.5312], [107.91901, 13.53281], [107.91999, 13.5337], [107.92219, 13.53353], [107.9206, 13.53503], [107.92097, 13.53612], [107.92504, 13.53813], [107.9265, 13.54009], [107.92573, 13.54167], [107.92713, 13.543], [107.92634, 13.54301], [107.9268, 13.54409], [107.92613, 13.54494], [107.92797, 13.54536], [107.92778, 13.54894], [107.92897, 13.54998], [107.92911, 13.55215], [107.93239, 13.55441], [107.93434, 13.55748], [107.93469, 13.56214], [107.93661, 13.56575], [107.94258, 13.56972], [107.94157, 13.57442], [107.94233, 13.5777], [107.94134, 13.57806], [107.94223, 13.58069], [107.94477, 13.58206], [107.94482, 13.58405], [107.94587, 13.5856], [107.9455, 13.58683], [107.94461, 13.58676], [107.94545, 13.59096], [107.95056, 13.59354], [107.95486, 13.59381], [107.95716, 13.59321], [107.9593, 13.59101], [107.95977, 13.59169], [107.96136, 13.59118], [107.96373, 13.59458], [107.96668, 13.5952], [107.96721, 13.59603], [107.97209, 13.59519], [107.97306, 13.59831], [107.97154, 13.60917], [107.97045, 13.61089], [107.9726, 13.61122], [107.9732, 13.61426], [107.97527, 13.61481], [107.977, 13.61745], [107.9768, 13.62231], [107.97823, 13.62434], [107.97938, 13.62384], [107.97965, 13.6228], [107.98123, 13.62326], [107.982, 13.62261], [107.98296, 13.62408], [107.98336, 13.62356], [107.98652, 13.62483], [107.98761, 13.62417], [107.99064, 13.62454], [107.9916, 13.62545], [107.99262, 13.62515], [107.99275, 13.62583], [107.99304, 13.62516], [107.99395, 13.62593], [107.99386, 13.62719], [107.99484, 13.62715], [107.99514, 13.6282], [107.99665, 13.62816], [107.99692, 13.62971], [107.9984, 13.6303], [107.99889, 13.63179], [107.99833, 13.63176], [107.99985, 13.63411], [108.00263, 13.63556], [108.00595, 13.63517], [108.00683, 13.63627], [108.0105, 13.63671], [108.01325, 13.63904], [108.01359, 13.64069], [108.01251, 13.64355], [108.01316, 13.64384], [108.01227, 13.64621], [108.01309, 13.64881], [108.0125, 13.64923], [108.01416, 13.64978], [108.01475, 13.6519], [108.01567, 13.65155], [108.01715, 13.6552], [108.01623, 13.65697], [108.01839, 13.66146], [108.01642, 13.6625], [108.01654, 13.66562], [108.01569, 13.66654], [108.01654, 13.66679], [108.01649, 13.66799], [108.01547, 13.66842], [108.01583, 13.67004], [108.01483, 13.67204], [108.0142, 13.672], [108.01443, 13.67329], [108.01295, 13.67635], [108.01081, 13.67771], [108.01145, 13.67888], [108.00896, 13.68023], [108.0071, 13.68359]]]}}, {"type": "Feature", "properties": {"other_info": "<div id=\"economy\"><span class=\"cms\">Kinh t\u1ebf: </span><p>Ph\u00e1t tri\u1ec3n kinh t\u1ebf n\u00f4ng th\u00f4n</p></div><div id=\"ethnicity\"><span class=\"cms\">D\u00e2n t\u1ed9c: </span><p>86.00%</p></div>", "dan_so": "5922", "lanh_dao": "<p>+R\u01a1 Ch\u00e2m H'Ph\u00edp<br> B\u00ed th\u01b0 \u0110\u1ea3ng u\u1ef7 </p><p>Ch\u1ee7 t\u1ecbch H\u0110ND </p><p>0914220063<br> </p><p>+Nguy\u1ec5n Hu\u1ec7<br> Ch\u1ee7 t\u1ecbch UBND</p><p>0905889949<br></p>", "sap_nhap": "Ia Pn\u00f4n", "dtich_km2": "114.01", "ma_xa": 99, "tru_so": "<p>L\u00e0ng Bua, x\u00e3 Ia Pn\u00f4n</p>", "url": "https://baogialai.com.vn/dia-phuong/xa-ia-pnon/99.html", "ten_xa": "X\u00e3 Ia Pn\u00f4n", "order": 100}, "geometry": {"type": "Polygon", "coordinates": [[[107.65807, 13.79202], [107.65896, 13.79585], [107.64737, 13.79966], [107.6453, 13.79922], [107.63767, 13.79427], [107.63834, 13.79217], [107.635, 13.79025], [107.63379, 13.78728], [107.63047, 13.78584], [107.62947, 13.78287], [107.62758, 13.78179], [107.62611, 13.77421], [107.62472, 13.77172], [107.62219, 13.76959], [107.61986, 13.76944], [107.61897, 13.76824], [107.61769, 13.7643], [107.61652, 13.76324], [107.61683, 13.76228], [107.61534, 13.7584], [107.61419, 13.75798], [107.61195, 13.75889], [107.61046, 13.75806], [107.60981, 13.75614], [107.60785, 13.75529], [107.60799, 13.75393], [107.60686, 13.75365], [107.60632, 13.74854], [107.60702, 13.74705], [107.60658, 13.74645], [107.60783, 13.74485], [107.60729, 13.74178], [107.60792, 13.74059], [107.60641, 13.73636], [107.60787, 13.73543], [107.60688, 13.73443], [107.60767, 13.73353], [107.60717, 13.7319], [107.60779, 13.73192], [107.60825, 13.73016], [107.6099, 13.72976], [107.61037, 13.72827], [107.61112, 13.72867], [107.613, 13.72674], [107.61453, 13.72658], [107.61253, 13.71966], [107.61395, 13.71756], [107.61349, 13.71587], [107.61423, 13.71516], [107.61362, 13.71417], [107.61422, 13.71296], [107.61243, 13.70967], [107.61488, 13.7082], [107.61495, 13.70745], [107.61635, 13.70723], [107.61564, 13.70626], [107.61658, 13.70499], [107.61875, 13.70497], [107.6182, 13.70432], [107.61906, 13.70348], [107.61986, 13.70416], [107.6207, 13.70197], [107.61999, 13.69964], [107.62195, 13.6982], [107.62184, 13.69678], [107.62446, 13.69579], [107.62436, 13.69172], [107.62546, 13.69093], [107.62518, 13.68991], [107.62683, 13.68895], [107.62588, 13.6879], [107.6268, 13.68654], [107.62419, 13.68629], [107.62239, 13.68367], [107.61946, 13.68405], [107.61938, 13.67978], [107.6177, 13.67854], [107.6186, 13.67698], [107.61571, 13.67507], [107.61484, 13.67016], [107.61247, 13.66955], [107.61171, 13.66816], [107.61035, 13.66844], [107.61036, 13.66608], [107.6091, 13.66412], [107.60687, 13.66412], [107.60693, 13.66298], [107.60566, 13.66206], [107.6066, 13.66123], [107.60586, 13.66041], [107.60472, 13.66121], [107.60486, 13.66025], [107.60317, 13.65927], [107.60326, 13.65838], [107.598, 13.66054], [107.5966, 13.66527], [107.5908, 13.66628], [107.58993, 13.66776], [107.59028, 13.67024], [107.58934, 13.66989], [107.58831, 13.6711], [107.58575, 13.6703], [107.5813, 13.67192], [107.57277, 13.67164], [107.57037, 13.67224], [107.56764, 13.66981], [107.56615, 13.66974], [107.56545, 13.66775], [107.5676, 13.66414], [107.57201, 13.62287], [107.57352, 13.61828], [107.57457, 13.62022], [107.57469, 13.62289], [107.57799, 13.62606], [107.5885, 13.62678], [107.59396, 13.62631], [107.59556, 13.62827], [107.59702, 13.62852], [107.59803, 13.62703], [107.59663, 13.6237], [107.59881, 13.62181], [107.60109, 13.62168], [107.60411, 13.62241], [107.60602, 13.62514], [107.6121, 13.62595], [107.61454, 13.62803], [107.61666, 13.62777], [107.6166, 13.6346], [107.61908, 13.63444], [107.62376, 13.63939], [107.6268, 13.64054], [107.62813, 13.64258], [107.6309, 13.64383], [107.63139, 13.64567], [107.63051, 13.64747], [107.63119, 13.64868], [107.63081, 13.65043], [107.6328, 13.65155], [107.63288, 13.6536], [107.6344, 13.65428], [107.63493, 13.65623], [107.63714, 13.65641], [107.63783, 13.66031], [107.64015, 13.66126], [107.64082, 13.65898], [107.64518, 13.65841], [107.64469, 13.6599], [107.64874, 13.66206], [107.64875, 13.6634], [107.6511, 13.66414], [107.6527, 13.66788], [107.65832, 13.66874], [107.66087, 13.67011], [107.66168, 13.6715], [107.66311, 13.67134], [107.66345, 13.6739], [107.666, 13.6748], [107.66315, 13.67614], [107.66354, 13.67859], [107.66219, 13.67863], [107.66292, 13.68125], [107.66692, 13.69103], [107.67183, 13.69504], [107.67166, 13.698], [107.67035, 13.69943], [107.67124, 13.70268], [107.6707, 13.70417], [107.67223, 13.70805], [107.67475, 13.70855], [107.67775, 13.71175], [107.6765, 13.71318], [107.67659, 13.71669], [107.67516, 13.71854], [107.67352, 13.71908], [107.67184, 13.72382], [107.67052, 13.72424], [107.66969, 13.72778], [107.67049, 13.72996], [107.66934, 13.73125], [107.67012, 13.7337], [107.66806, 13.7378], [107.66933, 13.73914], [107.66875, 13.74159], [107.66995, 13.74218], [107.67001, 13.74404], [107.66827, 13.74591], [107.66975, 13.74657], [107.67096, 13.74614], [107.67232, 13.74787], [107.67586, 13.74898], [107.6766, 13.7519], [107.67603, 13.75339], [107.67714, 13.75414], [107.6768, 13.75918], [107.6779, 13.75983], [107.67705, 13.7599], [107.67633, 13.7615], [107.67837, 13.7627], [107.67925, 13.76578], [107.68227, 13.77041], [107.68294, 13.77321], [107.68423, 13.77441], [107.68403, 13.77663], [107.68511, 13.7807], [107.68738, 13.78431], [107.68683, 13.78619], [107.68615, 13.7861], [107.68552, 13.78359], [107.6803, 13.78637], [107.67732, 13.78218], [107.67306, 13.78464], [107.67465, 13.78904], [107.67309, 13.78919], [107.67236, 13.78712], [107.67051, 13.78819], [107.66876, 13.78713], [107.66668, 13.79111], [107.66466, 13.79115], [107.65877, 13.78863], [107.65807, 13.79202]]]}}, {"type": "Feature", "properties": {"other_info": "<div id=\"economy\"><span class=\"cms\">Kinh t\u1ebf: </span><p>Ph\u00e1t tri\u1ec3n kinh t\u1ebf n\u00f4ng th\u00f4n</p></div><div id=\"ethnicity\"><span class=\"cms\">D\u00e2n t\u1ed9c: </span><p>71.00%</p></div>", "dan_so": "4185", "lanh_dao": "<p>+Siu H'Ler<br> B\u00ed th\u01b0 \u0110\u1ea3ng u\u1ef7 </p><p>Ch\u1ee7 t\u1ecbch H\u0110ND </p><p>0989441182<br> <br></p><p>+Ph\u1ea1m Th\u1ecb Thu H\u1eb1ng<br> Ch\u1ee7 t\u1ecbch UBND </p><p>0982568459<br></p>", "sap_nhap": "Ia P\u00fach", "dtich_km2": "267.3", "ma_xa": 100, "tru_so": "<p>L\u00e0ng Go\u00f2ng, x\u00e3 Ia P\u00fach</p>", "url": "https://baogialai.com.vn/dia-phuong/xa-ia-puch/100.html", "ten_xa": "X\u00e3 Ia P\u00fach", "order": 100}, "geometry": {"type": "Polygon", "coordinates": [[[107.70561, 13.70649], [107.70144, 13.70655], [107.70077, 13.70284], [107.69576, 13.70357], [107.69433, 13.7006], [107.69073, 13.69823], [107.68919, 13.69538], [107.68641, 13.69537], [107.68544, 13.69416], [107.68395, 13.69433], [107.68267, 13.6927], [107.68039, 13.69272], [107.67962, 13.69016], [107.67852, 13.69015], [107.67806, 13.68889], [107.67433, 13.68572], [107.67255, 13.68486], [107.67187, 13.68561], [107.67059, 13.68493], [107.66956, 13.68531], [107.66938, 13.68393], [107.66809, 13.68297], [107.66735, 13.68332], [107.66282, 13.68086], [107.66219, 13.67863], [107.66354, 13.67859], [107.66315, 13.67614], [107.66585, 13.6746], [107.66345, 13.6739], [107.66311, 13.67134], [107.66168, 13.6715], [107.66087, 13.67011], [107.65768, 13.66841], [107.6527, 13.66788], [107.6511, 13.66414], [107.64875, 13.6634], [107.64874, 13.66206], [107.64469, 13.6599], [107.64518, 13.65841], [107.64082, 13.65898], [107.64015, 13.66126], [107.63794, 13.66041], [107.63714, 13.65641], [107.63493, 13.65623], [107.6344, 13.65428], [107.63288, 13.6536], [107.6328, 13.65155], [107.63081, 13.65043], [107.63119, 13.64868], [107.63051, 13.64747], [107.63139, 13.64567], [107.6309, 13.64383], [107.62813, 13.64258], [107.6268, 13.64054], [107.62376, 13.63939], [107.61908, 13.63444], [107.6166, 13.6346], [107.61666, 13.62777], [107.61454, 13.62803], [107.6121, 13.62595], [107.60602, 13.62514], [107.60415, 13.62244], [107.60178, 13.62173], [107.59881, 13.62181], [107.59663, 13.6237], [107.59803, 13.62703], [107.59691, 13.62853], [107.59556, 13.62827], [107.59396, 13.62631], [107.5885, 13.62678], [107.57799, 13.62606], [107.57469, 13.62289], [107.57457, 13.62022], [107.57352, 13.61828], [107.58506, 13.59655], [107.60841, 13.54794], [107.61228, 13.54911], [107.61491, 13.54818], [107.62242, 13.5492], [107.62362, 13.54789], [107.62598, 13.5476], [107.62977, 13.54566], [107.63318, 13.5455], [107.63582, 13.54356], [107.63767, 13.54386], [107.63929, 13.54275], [107.64252, 13.54335], [107.64682, 13.53973], [107.64993, 13.54132], [107.64994, 13.54392], [107.65092, 13.5455], [107.65679, 13.54694], [107.6631, 13.55256], [107.66413, 13.55631], [107.66259, 13.55962], [107.66393, 13.56478], [107.66118, 13.56696], [107.66034, 13.57086], [107.66197, 13.57393], [107.6639, 13.5749], [107.67081, 13.57034], [107.67346, 13.5707], [107.67421, 13.56414], [107.67877, 13.56427], [107.68146, 13.56583], [107.68388, 13.5646], [107.68445, 13.56149], [107.68753, 13.56045], [107.68829, 13.55876], [107.69139, 13.56148], [107.6933, 13.56209], [107.69584, 13.56065], [107.69875, 13.56042], [107.6999, 13.55731], [107.72576, 13.56884], [107.75503, 13.56441], [107.75652, 13.56348], [107.75813, 13.5653], [107.75658, 13.5672], [107.75636, 13.56946], [107.75913, 13.57019], [107.75889, 13.57389], [107.76072, 13.57417], [107.76218, 13.57295], [107.76381, 13.57453], [107.76438, 13.57367], [107.76579, 13.57682], [107.77084, 13.58054], [107.77383, 13.57962], [107.77588, 13.58065], [107.77774, 13.58048], [107.77763, 13.58203], [107.78254, 13.58451], [107.78242, 13.58604], [107.78419, 13.5875], [107.78798, 13.58683], [107.78755, 13.58909], [107.78879, 13.59036], [107.79017, 13.58942], [107.79543, 13.59047], [107.79426, 13.59233], [107.79507, 13.5932], [107.79367, 13.59374], [107.79608, 13.59425], [107.79463, 13.5972], [107.79591, 13.59903], [107.79566, 13.6029], [107.79669, 13.60513], [107.79505, 13.60874], [107.79319, 13.60947], [107.79401, 13.60993], [107.7937, 13.61097], [107.79593, 13.61174], [107.79614, 13.61262], [107.79513, 13.61294], [107.79555, 13.61382], [107.79707, 13.61532], [107.79778, 13.61421], [107.79815, 13.61457], [107.79792, 13.61561], [107.79463, 13.61638], [107.79347, 13.61919], [107.79445, 13.62115], [107.7965, 13.62168], [107.79635, 13.62423], [107.7951, 13.62538], [107.79496, 13.62665], [107.79388, 13.62705], [107.7938, 13.62924], [107.79274, 13.63022], [107.79427, 13.63436], [107.79302, 13.63515], [107.79091, 13.63396], [107.7873, 13.63513], [107.78477, 13.63425], [107.78053, 13.63644], [107.78117, 13.63745], [107.77358, 13.64393], [107.76611, 13.65315], [107.76829, 13.65836], [107.76927, 13.65902], [107.76737, 13.66139], [107.77203, 13.66503], [107.77218, 13.66952], [107.77407, 13.67052], [107.77469, 13.67367], [107.77978, 13.67512], [107.77619, 13.67722], [107.77259, 13.67765], [107.76768, 13.68052], [107.76435, 13.6876], [107.75948, 13.68704], [107.75448, 13.69001], [107.75292, 13.68876], [107.75247, 13.68981], [107.75176, 13.68929], [107.75326, 13.69238], [107.7489, 13.69301], [107.74564, 13.69758], [107.74146, 13.69974], [107.73988, 13.69942], [107.73682, 13.69598], [107.73548, 13.69317], [107.73401, 13.69238], [107.73243, 13.69447], [107.73199, 13.69817], [107.72958, 13.70128], [107.72878, 13.70147], [107.72711, 13.69981], [107.72345, 13.70247], [107.72027, 13.70321], [107.71601, 13.70555], [107.7095, 13.70519], [107.70561, 13.70649]]]}}, {"type": "Feature", "properties": {"other_info": "<div id=\"economy\"><span class=\"cms\">Kinh t\u1ebf: </span><p>Ph\u00e1t tri\u1ec3n kinh t\u1ebf n\u00f4ng th\u00f4n</p></div><div id=\"ethnicity\"><span class=\"cms\">D\u00e2n t\u1ed9c: </span><p>92.00%</p></div>", "dan_so": "10220", "lanh_dao": "<p>+\u0110o\u00e0n Th\u1ecb Th\u1ee7y<br> B\u00ed th\u01b0 \u0110\u1ea3ng u\u1ef7 </p><p>Ch\u1ee7 t\u1ecbch H\u0110ND </p><p>0989929544<br> <br></p><p>+Nguy\u1ec5n Ch\u00ed C\u01b0\u1eddng<br> Ch\u1ee7 t\u1ecbch UBND</p><p>0395765379<br></p>", "sap_nhap": "Ch\u01b0 B\u0103h, Ia Rbol", "dtich_km2": "154.97", "ma_xa": 101, "tru_so": "<p>B\u00f4n Hiao, x\u00e3 Ia Rbol</p>", "url": "https://baogialai.com.vn/dia-phuong/xa-ia-rbol/101.html", "ten_xa": "X\u00e3 Ia Rbol", "order": 100}, "geometry": {"type": "Polygon", "coordinates": [[[108.41184, 13.42047], [108.40677, 13.41849], [108.40345, 13.42209], [108.40242, 13.4219], [108.40115, 13.4196], [108.39976, 13.42165], [108.39729, 13.42166], [108.39678, 13.42111], [108.39797, 13.41738], [108.39747, 13.41667], [108.39579, 13.41641], [108.39468, 13.41754], [108.39329, 13.41707], [108.39341, 13.41886], [108.39243, 13.41897], [108.39145, 13.4178], [108.39234, 13.41559], [108.3897, 13.41485], [108.38681, 13.41529], [108.38552, 13.41212], [108.38464, 13.41377], [108.38324, 13.4145], [108.38405, 13.4165], [108.38229, 13.41826], [108.37343, 13.41598], [108.37405, 13.41152], [108.37239, 13.41086], [108.36934, 13.41134], [108.36613, 13.41035], [108.36544, 13.41129], [108.36637, 13.41304], [108.36538, 13.41429], [108.36234, 13.41312], [108.35576, 13.41337], [108.35211, 13.41244], [108.34953, 13.41301], [108.34745, 13.4154], [108.3424, 13.41382], [108.34169, 13.41249], [108.3379, 13.41176], [108.3359, 13.40786], [108.33312, 13.39842], [108.33125, 13.39743], [108.33007, 13.39564], [108.32597, 13.39519], [108.32478, 13.39384], [108.32483, 13.39017], [108.32153, 13.37893], [108.32177, 13.3743], [108.32034, 13.37164], [108.32286, 13.36351], [108.32162, 13.35896], [108.32027, 13.35818], [108.3176, 13.35839], [108.31622, 13.35645], [108.31614, 13.35486], [108.31255, 13.35381], [108.3119, 13.35432], [108.31061, 13.35053], [108.31262, 13.34265], [108.32093, 13.34547], [108.32438, 13.34291], [108.32843, 13.34285], [108.33092, 13.34], [108.33696, 13.33769], [108.33875, 13.33845], [108.34405, 13.3381], [108.34576, 13.33906], [108.34737, 13.33887], [108.34519, 13.33404], [108.34551, 13.33293], [108.34974, 13.33166], [108.35356, 13.32908], [108.35406, 13.32644], [108.35274, 13.32387], [108.35481, 13.32141], [108.35571, 13.31548], [108.35681, 13.31461], [108.36136, 13.31541], [108.36228, 13.31477], [108.36404, 13.31078], [108.36717, 13.3101], [108.37256, 13.30239], [108.36991, 13.30216], [108.36932, 13.30137], [108.37055, 13.29787], [108.36957, 13.29664], [108.36957, 13.29392], [108.37118, 13.29187], [108.37402, 13.27999], [108.37234, 13.27816], [108.37445, 13.27546], [108.37346, 13.27448], [108.37318, 13.2713], [108.37175, 13.27037], [108.3722, 13.26757], [108.374, 13.26672], [108.37653, 13.26721], [108.37946, 13.26499], [108.38319, 13.26015], [108.38789, 13.25683], [108.38914, 13.25714], [108.39662, 13.25546], [108.39927, 13.25596], [108.39981, 13.25743], [108.4016, 13.25772], [108.40501, 13.26048], [108.40947, 13.25604], [108.40952, 13.25767], [108.41171, 13.25823], [108.41457, 13.26192], [108.41468, 13.2741], [108.41931, 13.27661], [108.41926, 13.28025], [108.4207, 13.28241], [108.42182, 13.287], [108.42429, 13.29069], [108.42232, 13.30429], [108.42222, 13.31553], [108.42625, 13.31849], [108.42905, 13.31928], [108.43438, 13.31793], [108.43696, 13.31819], [108.43702, 13.32142], [108.43474, 13.32392], [108.4335, 13.32769], [108.43528, 13.33252], [108.43429, 13.33441], [108.43408, 13.34033], [108.43509, 13.34196], [108.43787, 13.34253], [108.4368, 13.34371], [108.43604, 13.34701], [108.43831, 13.3528], [108.43813, 13.35424], [108.437, 13.35499], [108.43851, 13.36063], [108.43742, 13.36113], [108.43825, 13.36191], [108.43895, 13.36526], [108.43943, 13.37726], [108.44009, 13.37859], [108.43973, 13.38162], [108.44059, 13.38245], [108.44431, 13.38276], [108.4443, 13.38914], [108.43641, 13.38999], [108.43603, 13.39123], [108.43436, 13.39117], [108.43455, 13.39279], [108.43203, 13.39202], [108.43005, 13.3954], [108.42852, 13.39483], [108.42615, 13.39835], [108.42285, 13.39863], [108.42135, 13.39966], [108.41883, 13.39869], [108.41845, 13.4007], [108.42046, 13.40125], [108.41637, 13.4008], [108.41585, 13.40278], [108.41651, 13.40875], [108.41377, 13.41142], [108.40743, 13.40928], [108.40861, 13.4145], [108.41184, 13.42047]]]}}, {"type": "Feature", "properties": {"other_info": "<div id=\"economy\"><span class=\"cms\">Kinh t\u1ebf: </span><p>Ph\u00e1t tri\u1ec3n kinh t\u1ebf n\u00f4ng th\u00f4n</p></div><div id=\"ethnicity\"><span class=\"cms\">D\u00e2n t\u1ed9c: </span><p>75.00%</p></div>", "dan_so": "22578", "lanh_dao": "<p>+Nguy\u1ec5n Th\u1ecb Ki\u1ec1u Di\u1ec5m<br> B\u00ed th\u01b0 \u0110\u1ea3ng u\u1ef7 </p><p>Ch\u1ee7 t\u1ecbch H\u0110ND </p><p>0987248448</p><p>+V\u00f5 Ng\u1ecdc Ch\u00e2u<br> Ch\u1ee7 t\u1ecbch UBND </p><p>0987409698</p>", "sap_nhap": "Ch\u01b0 RC\u0103m, Ch\u01b0 Gu, Ia Rsai", "dtich_km2": "473.69", "ma_xa": 102, "tru_so": "<p>Th\u00f4n M\u1edbi, x\u00e3 Ia Rsai</p>", "url": "https://baogialai.com.vn/dia-phuong/xa-ia-rsai/102.html", "ten_xa": "X\u00e3 Ia Rsai", "order": 100}, "geometry": {"type": "Polygon", "coordinates": [[[108.79424, 13.46627], [108.79607, 13.46774], [108.79522, 13.46876], [108.79513, 13.47196], [108.793, 13.47393], [108.79062, 13.47138], [108.78943, 13.46836], [108.78154, 13.46734], [108.77964, 13.46598], [108.77828, 13.46852], [108.77726, 13.46682], [108.77265, 13.46656], [108.76942, 13.46453], [108.76499, 13.46432], [108.76347, 13.46328], [108.76055, 13.46461], [108.75735, 13.45949], [108.7557, 13.46003], [108.75179, 13.46377], [108.7488, 13.46068], [108.74793, 13.45869], [108.74375, 13.45702], [108.74002, 13.45789], [108.73901, 13.45747], [108.7376, 13.45861], [108.73495, 13.45798], [108.73137, 13.45953], [108.72699, 13.46373], [108.72398, 13.46285], [108.72167, 13.46432], [108.71654, 13.46305], [108.71346, 13.46384], [108.71212, 13.461], [108.70846, 13.46083], [108.70375, 13.46365], [108.6989, 13.46499], [108.69714, 13.46799], [108.69502, 13.4676], [108.69229, 13.46518], [108.68701, 13.46508], [108.68451, 13.46088], [108.67952, 13.45929], [108.67582, 13.45661], [108.67248, 13.45137], [108.67297, 13.44971], [108.66876, 13.44271], [108.66411, 13.44236], [108.66077, 13.44013], [108.65495, 13.43982], [108.65292, 13.4356], [108.65338, 13.43134], [108.65202, 13.43009], [108.65053, 13.42879], [108.64925, 13.42898], [108.64641, 13.43178], [108.64528, 13.43197], [108.64377, 13.43093], [108.64233, 13.42692], [108.64018, 13.42458], [108.63744, 13.4241], [108.63635, 13.42558], [108.6345, 13.42609], [108.63324, 13.42559], [108.63335, 13.42259], [108.63182, 13.41911], [108.63092, 13.41864], [108.62811, 13.41942], [108.62668, 13.41878], [108.62398, 13.42006], [108.6203, 13.4191], [108.61838, 13.42398], [108.61738, 13.42428], [108.61511, 13.42341], [108.60962, 13.41793], [108.60592, 13.41867], [108.60061, 13.41844], [108.60048, 13.42074], [108.59853, 13.42207], [108.59519, 13.42269], [108.59318, 13.42249], [108.59337, 13.41914], [108.59188, 13.41886], [108.59025, 13.41716], [108.58763, 13.41906], [108.58549, 13.41908], [108.58387, 13.42023], [108.57913, 13.41833], [108.5778, 13.41711], [108.57868, 13.41454], [108.57664, 13.40921], [108.5766, 13.40583], [108.57301, 13.39936], [108.56348, 13.39368], [108.56098, 13.39045], [108.56057, 13.38871], [108.55824, 13.38636], [108.55632, 13.38692], [108.55312, 13.38203], [108.5478, 13.38107], [108.54647, 13.37834], [108.54313, 13.37786], [108.54213, 13.37935], [108.54041, 13.37772], [108.54009, 13.37519], [108.53618, 13.37033], [108.53555, 13.36837], [108.53036, 13.36597], [108.52685, 13.36552], [108.52437, 13.3624], [108.52049, 13.35219], [108.52048, 13.35009], [108.52134, 13.3489], [108.52401, 13.34817], [108.52981, 13.34928], [108.5372, 13.34673], [108.54315, 13.34572], [108.55096, 13.34327], [108.5619, 13.33801], [108.56426, 13.33799], [108.56802, 13.33979], [108.57085, 13.33968], [108.57624, 13.33608], [108.59113, 13.32832], [108.59437, 13.32574], [108.59863, 13.31885], [108.59967, 13.31626], [108.59983, 13.31249], [108.59692, 13.3056], [108.59099, 13.29882], [108.5912, 13.29523], [108.59478, 13.29315], [108.60293, 13.29091], [108.60921, 13.29679], [108.61431, 13.2979], [108.61891, 13.29669], [108.62251, 13.2931], [108.62388, 13.28574], [108.62361, 13.28129], [108.61987, 13.276], [108.61626, 13.26655], [108.61362, 13.25543], [108.61375, 13.24819], [108.61653, 13.24394], [108.61913, 13.23787], [108.62106, 13.23735], [108.62286, 13.23908], [108.629, 13.23497], [108.636, 13.22727], [108.64323, 13.2258], [108.64736, 13.2215], [108.65173, 13.21502], [108.66229, 13.20902], [108.66269, 13.21106], [108.66055, 13.21457], [108.65814, 13.2162], [108.65782, 13.21935], [108.66003, 13.21911], [108.65921, 13.2182], [108.66015, 13.21778], [108.6607, 13.21859], [108.66195, 13.21706], [108.66483, 13.21912], [108.66643, 13.21871], [108.66585, 13.21962], [108.66995, 13.22188], [108.66988, 13.22424], [108.6742, 13.22658], [108.67417, 13.22788], [108.67561, 13.22986], [108.67547, 13.23132], [108.67846, 13.23226], [108.68043, 13.23167], [108.68377, 13.23398], [108.68316, 13.23154], [108.68451, 13.23216], [108.6866, 13.23214], [108.68669, 13.23152], [108.68987, 13.23189], [108.69021, 13.23032], [108.69445, 13.23029], [108.70059, 13.23335], [108.70213, 13.23556], [108.70432, 13.2365], [108.70253, 13.23835], [108.70364, 13.23956], [108.70198, 13.24114], [108.70111, 13.24362], [108.70164, 13.2451], [108.6994, 13.24717], [108.69988, 13.24904], [108.69906, 13.24987], [108.69928, 13.25116], [108.69499, 13.25571], [108.69475, 13.26029], [108.69256, 13.26339], [108.69156, 13.26877], [108.70056, 13.27358], [108.7097, 13.27236], [108.71575, 13.2697], [108.7178, 13.26994], [108.7261, 13.27759], [108.73461, 13.2879], [108.74165, 13.29958], [108.74236, 13.3027], [108.74546, 13.30411], [108.74728, 13.30321], [108.75495, 13.30422], [108.75752, 13.30876], [108.76538, 13.315], [108.77459, 13.32731], [108.78511, 13.33311], [108.78378, 13.34519], [108.78217, 13.34553], [108.7833, 13.35938], [108.78907, 13.36292], [108.79153, 13.36538], [108.7927, 13.37153], [108.79498, 13.37556], [108.79402, 13.3776], [108.79483, 13.38009], [108.79397, 13.38235], [108.7926, 13.38439], [108.79035, 13.3855], [108.79548, 13.38777], [108.79987, 13.39398], [108.80274, 13.39575], [108.80769, 13.40202], [108.80499, 13.40704], [108.80706, 13.4102], [108.80479, 13.41861], [108.80512, 13.42252], [108.80628, 13.42378], [108.80438, 13.42993], [108.80438, 13.43244], [108.806, 13.43424], [108.80591, 13.4365], [108.80409, 13.43777], [108.80385, 13.43973], [108.80113, 13.44151], [108.80007, 13.44706], [108.79631, 13.44727], [108.79673, 13.44942], [108.79507, 13.45042], [108.79607, 13.45244], [108.791, 13.45284], [108.78984, 13.4537], [108.7924, 13.45804], [108.7923, 13.4626], [108.79455, 13.46269], [108.79533, 13.46369], [108.79562, 13.46538], [108.79424, 13.46627]]]}}, {"type": "Feature", "properties": {"other_info": "<div id=\"economy\"><span class=\"cms\">Kinh t\u1ebf: </span><p>+Ph\u00e1t tri\u1ec3n kinh t\u1ebf n\u00f4ng th\u00f4n</p><p>+CCN Ia Sao (15,0ha)</p></div><div id=\"ethnicity\"><span class=\"cms\">D\u00e2n t\u1ed9c: </span><p>79.00%</p></div>", "dan_so": "8397", "lanh_dao": "<p>+H\u00e0 Th\u1ecb Thu Huy\u1ec1n<br> B\u00ed th\u01b0 \u0110\u1ea3ng u\u1ef7 </p><p>Ch\u1ee7 t\u1ecbch H\u0110ND </p><p>0988358317</p><p>+Ksor H' Khuy\u00ean<br> Ch\u1ee7 t\u1ecbch UBND </p><p>0905079777</p>", "sap_nhap": "Ia Sao (th\u1ecb x\u00e3 Ayun Pa), Ia Rt\u00f4", "dtich_km2": "114.6", "ma_xa": 103, "tru_so": "<p>B\u00f4n H'Li\u1ebfp, x\u00e3 Ia Sao</p>", "url": "https://baogialai.com.vn/dia-phuong/xa-ia-sao/103.html", "ten_xa": "X\u00e3 Ia Sao", "order": 100}, "geometry": {"type": "Polygon", "coordinates": [[[108.45105, 13.38648], [108.44722, 13.38569], [108.44752, 13.38451], [108.44987, 13.38285], [108.44978, 13.38165], [108.44848, 13.38084], [108.44686, 13.381], [108.44436, 13.38271], [108.44059, 13.38245], [108.43973, 13.38162], [108.44009, 13.37859], [108.43943, 13.37726], [108.43895, 13.36526], [108.43825, 13.36191], [108.43742, 13.36113], [108.43851, 13.36063], [108.437, 13.35499], [108.43813, 13.35424], [108.43831, 13.3528], [108.43604, 13.34701], [108.4368, 13.34371], [108.43787, 13.34253], [108.43528, 13.34207], [108.43409, 13.3404], [108.43429, 13.33441], [108.43528, 13.33252], [108.43348, 13.32788], [108.43469, 13.32401], [108.43702, 13.32142], [108.43696, 13.31819], [108.43438, 13.31793], [108.42905, 13.31928], [108.42625, 13.31849], [108.42222, 13.31553], [108.42232, 13.30429], [108.42429, 13.29069], [108.42182, 13.287], [108.4207, 13.28241], [108.41926, 13.28025], [108.41931, 13.27661], [108.41468, 13.2741], [108.41471, 13.26214], [108.41207, 13.25857], [108.40965, 13.2578], [108.40935, 13.2569], [108.41054, 13.24795], [108.42005, 13.2424], [108.42149, 13.2404], [108.42121, 13.23956], [108.41809, 13.23845], [108.41752, 13.23326], [108.42025, 13.2309], [108.42012, 13.22812], [108.42239, 13.22702], [108.41813, 13.22438], [108.4163, 13.22144], [108.41823, 13.21707], [108.41762, 13.2149], [108.4182, 13.21329], [108.42006, 13.21139], [108.42161, 13.21138], [108.42119, 13.20916], [108.42257, 13.20751], [108.42184, 13.20642], [108.42354, 13.20473], [108.42226, 13.2028], [108.42342, 13.19831], [108.42558, 13.19646], [108.42701, 13.19217], [108.42929, 13.19029], [108.4312, 13.18663], [108.43522, 13.18331], [108.43688, 13.18005], [108.43782, 13.17988], [108.43694, 13.18752], [108.4554, 13.19311], [108.45512, 13.19972], [108.45808, 13.21181], [108.4592, 13.21156], [108.45973, 13.21226], [108.45894, 13.21594], [108.45764, 13.2182], [108.45584, 13.21941], [108.45532, 13.22173], [108.45768, 13.22688], [108.46223, 13.22809], [108.46661, 13.23195], [108.46809, 13.23713], [108.46626, 13.23854], [108.46532, 13.24144], [108.46086, 13.24597], [108.46026, 13.24778], [108.4631, 13.25024], [108.46298, 13.25286], [108.4641, 13.25395], [108.46421, 13.25768], [108.46331, 13.26241], [108.45987, 13.26501], [108.46042, 13.26628], [108.45976, 13.26718], [108.45995, 13.26959], [108.45915, 13.26981], [108.4577, 13.27288], [108.45575, 13.27348], [108.45371, 13.27713], [108.45702, 13.2803], [108.45569, 13.28412], [108.45781, 13.28534], [108.45977, 13.28854], [108.46093, 13.28862], [108.46289, 13.29063], [108.46367, 13.29232], [108.46351, 13.29457], [108.46701, 13.29692], [108.46896, 13.29632], [108.47084, 13.29891], [108.47359, 13.29844], [108.475, 13.29898], [108.47517, 13.29981], [108.48272, 13.3012], [108.48406, 13.30591], [108.48227, 13.30955], [108.48567, 13.31044], [108.48863, 13.31988], [108.49358, 13.32986], [108.49792, 13.3346], [108.50277, 13.34895], [108.50387, 13.34949], [108.50737, 13.3471], [108.50824, 13.34766], [108.51438, 13.35283], [108.5168, 13.35603], [108.51992, 13.35814], [108.5208, 13.35797], [108.52441, 13.36299], [108.52387, 13.36712], [108.52171, 13.36826], [108.51887, 13.36631], [108.516, 13.36057], [108.51379, 13.36009], [108.51237, 13.36153], [108.51052, 13.36759], [108.50778, 13.37247], [108.5063, 13.37316], [108.50179, 13.37313], [108.49692, 13.38096], [108.49346, 13.38276], [108.48898, 13.38344], [108.48497, 13.38305], [108.48361, 13.3809], [108.48387, 13.37936], [108.48596, 13.37812], [108.49119, 13.37736], [108.49348, 13.37569], [108.49466, 13.37247], [108.49457, 13.3692], [108.4908, 13.36411], [108.48577, 13.36288], [108.48153, 13.36507], [108.47137, 13.36837], [108.4672, 13.37091], [108.45986, 13.37779], [108.45781, 13.3822], [108.45105, 13.38648]]]}}, {"type": "Feature", "properties": {"other_info": "<div id=\"economy\"><span class=\"cms\">Kinh t\u1ebf: </span><p>Ph\u00e1t tri\u1ec3n kinh t\u1ebf n\u00f4ng th\u00f4n</p></div><div id=\"ethnicity\"><span class=\"cms\">D\u00e2n t\u1ed9c: </span><p>52.00%</p></div>", "dan_so": "17449", "lanh_dao": "<p>+Phan T\u1ea5n Phong<br> B\u00ed th\u01b0 \u0110\u1ea3ng u\u1ef7 </p><p>Ch\u1ee7 t\u1ecbch H\u0110ND </p><p>0976616898</p><p>+Nguy\u1ec5n V\u0103n Luy\u1ebfn<br> Ch\u1ee7 t\u1ecbch UBND </p><p>0988859040</p>", "sap_nhap": "Ia B\u0103ng (huy\u1ec7n Ch\u01b0 Pr\u00f4ng), Ia Bang, Ia T\u00f4r", "dtich_km2": "102.31", "ma_xa": 104, "tru_so": "<p>L\u00e0ng \u00d3 Kly, x\u00e3 Ia T\u00f4r</p>", "url": "https://baogialai.com.vn/dia-phuong/xa-ia-tor/104.html", "ten_xa": "X\u00e3 Ia T\u00f4r", "order": 100}, "geometry": {"type": "Polygon", "coordinates": [[[108.00033, 13.87397], [108.00002, 13.87285], [107.99614, 13.86999], [107.9943, 13.86964], [107.99148, 13.86638], [107.98921, 13.86546], [107.98884, 13.86447], [107.99033, 13.86322], [107.99006, 13.86172], [107.98837, 13.85979], [107.988, 13.85783], [107.9863, 13.85628], [107.98477, 13.85215], [107.98277, 13.84997], [107.97967, 13.84827], [107.97983, 13.84768], [107.97651, 13.84563], [107.97208, 13.84111], [107.96281, 13.83408], [107.96515, 13.83394], [107.96757, 13.835], [107.96932, 13.83229], [107.97079, 13.83352], [107.97191, 13.83197], [107.97394, 13.83369], [107.97463, 13.83162], [107.97621, 13.83255], [107.97698, 13.83155], [107.97834, 13.83286], [107.97903, 13.83208], [107.98063, 13.83223], [107.98315, 13.83045], [107.98501, 13.8278], [107.98071, 13.82618], [107.98266, 13.82029], [107.98257, 13.81816], [107.98156, 13.81761], [107.97735, 13.80908], [107.97159, 13.8043], [107.96747, 13.7978], [107.96712, 13.79465], [107.96837, 13.79136], [107.96537, 13.78237], [107.95884, 13.76859], [107.95532, 13.76878], [107.95441, 13.76306], [107.96088, 13.75893], [107.95906, 13.75732], [107.95684, 13.75278], [107.95543, 13.75141], [107.9536, 13.75163], [107.95429, 13.74913], [107.95579, 13.74918], [107.95572, 13.74684], [107.95287, 13.74258], [107.95198, 13.74221], [107.95122, 13.74299], [107.95014, 13.74179], [107.95156, 13.74057], [107.95106, 13.73982], [107.9516, 13.73909], [107.94937, 13.73691], [107.94806, 13.73837], [107.94594, 13.73841], [107.94415, 13.73718], [107.94404, 13.73605], [107.94147, 13.73555], [107.93916, 13.73343], [107.93541, 13.73346], [107.93487, 13.73178], [107.9331, 13.73197], [107.93151, 13.72997], [107.92981, 13.72964], [107.92394, 13.72356], [107.92375, 13.72259], [107.92575, 13.72195], [107.92614, 13.72073], [107.92724, 13.72114], [107.92783, 13.71956], [107.92986, 13.7192], [107.93518, 13.71586], [107.93424, 13.71489], [107.9394, 13.71093], [107.9385, 13.71039], [107.93892, 13.70943], [107.93727, 13.70395], [107.93726, 13.69827], [107.93979, 13.69391], [107.94195, 13.69297], [107.94167, 13.69084], [107.94291, 13.68937], [107.94236, 13.68823], [107.94143, 13.68866], [107.94173, 13.68739], [107.94102, 13.68709], [107.94174, 13.68613], [107.94092, 13.68239], [107.94209, 13.68139], [107.94123, 13.68074], [107.9421, 13.68039], [107.94014, 13.67939], [107.93937, 13.67998], [107.9388, 13.6778], [107.93952, 13.6773], [107.9409, 13.67855], [107.94382, 13.67776], [107.94527, 13.67868], [107.94624, 13.67796], [107.94694, 13.67904], [107.94869, 13.67807], [107.94975, 13.67914], [107.95155, 13.67809], [107.95614, 13.67875], [107.96158, 13.68031], [107.96294, 13.68195], [107.96582, 13.68317], [107.97189, 13.6807], [107.97351, 13.68134], [107.97306, 13.68262], [107.97664, 13.68305], [107.97726, 13.67974], [107.98756, 13.68182], [107.98787, 13.68104], [107.98847, 13.68136], [107.98854, 13.67957], [107.99286, 13.68052], [107.99346, 13.68238], [107.99931, 13.68315], [108.00079, 13.68427], [108.0063, 13.68387], [108.00778, 13.68263], [108.00887, 13.68388], [108.00839, 13.68583], [108.00904, 13.68937], [108.00825, 13.69173], [108.00928, 13.69445], [108.00819, 13.69862], [108.00824, 13.70247], [108.00652, 13.70327], [108.00464, 13.70662], [108.00303, 13.71202], [108.00387, 13.71732], [108.0067, 13.72161], [108.00686, 13.72419], [108.00604, 13.72448], [108.00567, 13.7272], [108.00598, 13.72998], [108.0074, 13.73097], [108.00899, 13.73425], [108.0093, 13.73877], [108.0083, 13.7482], [108.00756, 13.75015], [108.00614, 13.75114], [108.00418, 13.75122], [108.00189, 13.75516], [107.9983, 13.75795], [107.99529, 13.76207], [107.99461, 13.76425], [107.99768, 13.76935], [107.99826, 13.77481], [108.00245, 13.77604], [108.00493, 13.77833], [108.01074, 13.77993], [108.01359, 13.78189], [108.00372, 13.79602], [108.00851, 13.79811], [108.01611, 13.79781], [108.0161, 13.79865], [108.01719, 13.79866], [108.01714, 13.80034], [108.01558, 13.80226], [108.01628, 13.80351], [108.01783, 13.80351], [108.01848, 13.80706], [108.01391, 13.80709], [108.01356, 13.81629], [108.01226, 13.81643], [108.01317, 13.81861], [108.01187, 13.81993], [108.00964, 13.81995], [108.01057, 13.82063], [108.01029, 13.82382], [108.00785, 13.82622], [108.00603, 13.8262], [108.00631, 13.83202], [107.99899, 13.82979], [107.99809, 13.83305], [107.99892, 13.86637], [108.00682, 13.87271], [108.01238, 13.88066], [108.0029, 13.87728], [108.00224, 13.87578], [107.99981, 13.87601], [107.99952, 13.87496], [108.00033, 13.87397]]]}}, {"type": "Feature", "properties": {"other_info": "<div id=\"economy\"><span class=\"cms\">Kinh t\u1ebf: </span><p>Ph\u00e1t tri\u1ec3n kinh t\u1ebf n\u00f4ng th\u00f4n</p></div><div id=\"ethnicity\"><span class=\"cms\">D\u00e2n t\u1ed9c: </span><p>96.00%</p></div>", "dan_so": "20304", "lanh_dao": "<p>+Rah Lan H'Dry<br> B\u00ed th\u01b0 \u0110\u1ea3ng u\u1ef7 </p><p>Ch\u1ee7 t\u1ecbch H\u0110ND </p><p>0388725548</p><p>+Ph\u1ea1m V\u0103n \u0110\u1ee9c<br> Ch\u1ee7 t\u1ecbch UBND </p><p>0983652778<br></p>", "sap_nhap": "Ch\u01b0 M\u1ed1, Ia Bro\u0103i, Ia Kd\u0103m, Ia Tul", "dtich_km2": "587.51", "ma_xa": 105, "tru_so": "<p>B\u00f4n Biah B, x\u00e3 Ia Tul</p>", "url": "https://baogialai.com.vn/dia-phuong/xa-ia-tul/105.html", "ten_xa": "X\u00e3 Ia Tul", "order": 100}, "geometry": {"type": "Polygon", "coordinates": [[[108.57541, 13.61585], [108.57306, 13.6219], [108.57132, 13.62281], [108.57081, 13.62453], [108.5683, 13.62738], [108.55366, 13.63016], [108.54469, 13.62581], [108.5377, 13.62543], [108.52224, 13.61251], [108.52215, 13.61362], [108.52044, 13.61542], [108.51684, 13.61332], [108.51543, 13.61382], [108.51228, 13.61256], [108.50058, 13.61135], [108.49357, 13.60286], [108.48957, 13.59578], [108.48941, 13.59443], [108.49195, 13.58847], [108.49178, 13.58687], [108.48403, 13.581], [108.48361, 13.57918], [108.4814, 13.57662], [108.48181, 13.57104], [108.48978, 13.5683], [108.49051, 13.56673], [108.48999, 13.56447], [108.48921, 13.5637], [108.48512, 13.56325], [108.48284, 13.55924], [108.47823, 13.55563], [108.47001, 13.5515], [108.4676, 13.54729], [108.46626, 13.54134], [108.46361, 13.54088], [108.46339, 13.53609], [108.4743, 13.5316], [108.47551, 13.53029], [108.47555, 13.52658], [108.46425, 13.4987], [108.46372, 13.49376], [108.46433, 13.4899], [108.45725, 13.48501], [108.45256, 13.47771], [108.45219, 13.47546], [108.4531, 13.47226], [108.4563, 13.46954], [108.46579, 13.46833], [108.46845, 13.46709], [108.47232, 13.4599], [108.47295, 13.45696], [108.46724, 13.4467], [108.466, 13.44247], [108.46574, 13.43601], [108.46044, 13.42753], [108.46127, 13.41932], [108.46401, 13.41427], [108.46439, 13.41134], [108.45952, 13.4054], [108.46034, 13.4048], [108.45982, 13.40243], [108.45454, 13.39773], [108.45385, 13.39348], [108.45414, 13.39051], [108.45708, 13.38496], [108.45913, 13.37878], [108.46532, 13.37235], [108.47137, 13.36837], [108.48153, 13.36507], [108.48577, 13.36288], [108.49011, 13.36377], [108.49239, 13.36544], [108.49457, 13.3692], [108.49466, 13.37247], [108.49378, 13.37524], [108.48989, 13.37783], [108.48473, 13.37849], [108.48354, 13.38041], [108.48531, 13.38325], [108.48914, 13.38344], [108.49346, 13.38276], [108.49692, 13.38096], [108.50179, 13.37313], [108.5063, 13.37316], [108.50778, 13.37247], [108.51052, 13.36759], [108.51237, 13.36153], [108.51379, 13.36009], [108.516, 13.36057], [108.51887, 13.36631], [108.52171, 13.36826], [108.52299, 13.36794], [108.52425, 13.36637], [108.52437, 13.3624], [108.52742, 13.36591], [108.53036, 13.36597], [108.53555, 13.36837], [108.53618, 13.37033], [108.54009, 13.37519], [108.54041, 13.37772], [108.54213, 13.37935], [108.54313, 13.37786], [108.54647, 13.37834], [108.5478, 13.38107], [108.55312, 13.38203], [108.55632, 13.38692], [108.55824, 13.38636], [108.56057, 13.38871], [108.56098, 13.39045], [108.56348, 13.39368], [108.57301, 13.39936], [108.5766, 13.40583], [108.57664, 13.40921], [108.57868, 13.41454], [108.5778, 13.41711], [108.57913, 13.41833], [108.58387, 13.42023], [108.58549, 13.41908], [108.58763, 13.41906], [108.59025, 13.41716], [108.59188, 13.41886], [108.59337, 13.41914], [108.59318, 13.42249], [108.59519, 13.42269], [108.59853, 13.42207], [108.60048, 13.42074], [108.60061, 13.41844], [108.60592, 13.41867], [108.60962, 13.41793], [108.61511, 13.42341], [108.61738, 13.42428], [108.61838, 13.42398], [108.6203, 13.4191], [108.62398, 13.42006], [108.62668, 13.41878], [108.62811, 13.41942], [108.63092, 13.41864], [108.63182, 13.41911], [108.63335, 13.42259], [108.63324, 13.42559], [108.6345, 13.42609], [108.63635, 13.42558], [108.63744, 13.4241], [108.64018, 13.42458], [108.64233, 13.42692], [108.64377, 13.43093], [108.64528, 13.43197], [108.64641, 13.43178], [108.64925, 13.42898], [108.65053, 13.42879], [108.65202, 13.43009], [108.65338, 13.43134], [108.65292, 13.4356], [108.65495, 13.43982], [108.66077, 13.44013], [108.66411, 13.44236], [108.66876, 13.44271], [108.67297, 13.44971], [108.67248, 13.45137], [108.67582, 13.45661], [108.67831, 13.45869], [108.68472, 13.46104], [108.68674, 13.46494], [108.69229, 13.46518], [108.69502, 13.4676], [108.69714, 13.46799], [108.6989, 13.46499], [108.70375, 13.46365], [108.7082, 13.4609], [108.71126, 13.46071], [108.71285, 13.46184], [108.71346, 13.46383], [108.71307, 13.4689], [108.71485, 13.47052], [108.71512, 13.47404], [108.7129, 13.47596], [108.71069, 13.47614], [108.70784, 13.4825], [108.7037, 13.48492], [108.7029, 13.48631], [108.70356, 13.48799], [108.70864, 13.49349], [108.70879, 13.4991], [108.71311, 13.50132], [108.71231, 13.50943], [108.71326, 13.51061], [108.71369, 13.51675], [108.71445, 13.51818], [108.72741, 13.5195], [108.72797, 13.5208], [108.72738, 13.52349], [108.73057, 13.5252], [108.73311, 13.52884], [108.73479, 13.53701], [108.73297, 13.5381], [108.73224, 13.53974], [108.73379, 13.54168], [108.7358, 13.54876], [108.73956, 13.55147], [108.73914, 13.55675], [108.74155, 13.55687], [108.72519, 13.57704], [108.71038, 13.57724], [108.69567, 13.58331], [108.66733, 13.58552], [108.65659, 13.58976], [108.65542, 13.59413], [108.63955, 13.60902], [108.63069, 13.60809], [108.61737, 13.60829], [108.60193, 13.61169], [108.57541, 13.61585]]]}}, {"type": "Feature", "properties": {"other_info": "<div id=\"economy\"><span class=\"cms\">Kinh t\u1ebf: </span><p>Ph\u00e1t tri\u1ec3n kinh t\u1ebf \u0111\u00f4 th\u1ecb - n\u00f4ng th\u00f4n</p></div><div id=\"ethnicity\"><span class=\"cms\">D\u00e2n t\u1ed9c: </span><p>28.00%</p></div>", "dan_so": "25281", "lanh_dao": "<p>+Nguy\u1ec5n Thanh D\u0169ng<br> B\u00ed th\u01b0 \u0110\u1ea3ng u\u1ef7 </p><p>Ch\u1ee7 t\u1ecbch H\u0110ND </p><p>0969739007<br> <br></p><p>+Nguy\u1ec5n M\u1ea1nh C\u01b0\u1eddng<br> Ch\u1ee7 t\u1ecbch UBND </p><p>0975334413</p>", "sap_nhap": "Kbang (th\u1ecb tr\u1ea5n), L\u01a1 Ku, \u0110ak Smar", "dtich_km2": "288.83", "ma_xa": 106, "tru_so": "<p>S\u1ed1 153 \u0111\u01b0\u1eddng Quang Trung, x\u00e3 Kbang</p>", "url": "https://baogialai.com.vn/dia-phuong/xa-kbang/106.html", "ten_xa": "X\u00e3 Kbang", "order": 100}, "geometry": {"type": "Polygon", "coordinates": [[[108.66463, 14.24591], [108.66538, 14.25156], [108.66166, 14.2491], [108.65832, 14.24999], [108.65304, 14.24915], [108.64373, 14.24384], [108.6396, 14.24326], [108.63755, 14.24196], [108.63517, 14.2418], [108.63269, 14.24298], [108.6299, 14.24155], [108.62502, 14.2423], [108.6222, 14.24095], [108.62097, 14.23894], [108.61712, 14.23869], [108.61414, 14.23739], [108.60981, 14.23916], [108.60843, 14.23842], [108.60784, 14.2391], [108.60707, 14.23818], [108.60412, 14.23846], [108.604, 14.23758], [108.60235, 14.23725], [108.60199, 14.23485], [108.60005, 14.23481], [108.59951, 14.23592], [108.5981, 14.23642], [108.59681, 14.23579], [108.59611, 14.23428], [108.59325, 14.23348], [108.59249, 14.23464], [108.59385, 14.23685], [108.59328, 14.23775], [108.59437, 14.23979], [108.59321, 14.24018], [108.59209, 14.23914], [108.58828, 14.24194], [108.58785, 14.24335], [108.58498, 14.24298], [108.58456, 14.24194], [108.58364, 14.24208], [108.58278, 14.24115], [108.57865, 14.24242], [108.57693, 14.24212], [108.57631, 14.24099], [108.57481, 14.24381], [108.57321, 14.24474], [108.57347, 14.24551], [108.57016, 14.24637], [108.56747, 14.24885], [108.566, 14.24878], [108.56533, 14.25025], [108.56173, 14.25024], [108.56028, 14.25157], [108.55723, 14.2509], [108.55745, 14.25176], [108.55599, 14.2526], [108.55558, 14.25117], [108.55405, 14.2501], [108.55441, 14.24934], [108.55305, 14.2492], [108.55232, 14.24616], [108.54824, 14.24547], [108.5455, 14.24624], [108.54547, 14.24401], [108.54378, 14.24255], [108.54017, 14.24305], [108.53961, 14.24593], [108.5382, 14.24618], [108.53817, 14.24418], [108.53204, 14.24226], [108.52851, 14.23837], [108.52664, 14.23883], [108.52134, 14.23263], [108.51951, 14.2385], [108.52044, 14.24018], [108.52208, 14.24107], [108.52022, 14.24213], [108.51477, 14.24358], [108.51382, 14.24279], [108.51235, 14.24389], [108.51228, 14.24554], [108.50934, 14.24511], [108.51143, 14.24084], [108.51069, 14.23708], [108.51133, 14.23607], [108.5088, 14.23582], [108.50806, 14.23686], [108.50548, 14.23484], [108.49847, 14.23935], [108.49623, 14.24226], [108.49606, 14.24582], [108.49396, 14.24671], [108.49282, 14.24414], [108.49305, 14.24269], [108.48819, 14.24131], [108.48789, 14.23772], [108.48341, 14.23636], [108.48408, 14.23331], [108.47825, 14.23189], [108.47525, 14.22951], [108.47374, 14.22653], [108.46988, 14.22348], [108.46836, 14.2212], [108.46879, 14.21844], [108.46804, 14.2175], [108.46227, 14.21556], [108.461, 14.21422], [108.45949, 14.21419], [108.45544, 14.21196], [108.44568, 14.21347], [108.4432, 14.21253], [108.44111, 14.21322], [108.43916, 14.2121], [108.43782, 14.20769], [108.44037, 14.2013], [108.43976, 14.20018], [108.44019, 14.19566], [108.44443, 14.18806], [108.44743, 14.18768], [108.44749, 14.1865], [108.44607, 14.18319], [108.44311, 14.17977], [108.44262, 14.17739], [108.439, 14.17461], [108.43609, 14.17111], [108.4348, 14.1668], [108.43874, 14.16453], [108.44058, 14.15845], [108.4401, 14.15659], [108.44254, 14.15469], [108.44338, 14.14849], [108.44408, 14.14769], [108.44276, 14.14527], [108.44412, 14.14324], [108.44609, 14.13649], [108.45023, 14.13502], [108.45186, 14.1312], [108.4531, 14.13024], [108.45301, 14.12883], [108.45838, 14.13018], [108.46039, 14.12996], [108.46251, 14.12714], [108.46236, 14.12612], [108.46419, 14.12297], [108.467, 14.122], [108.47216, 14.12207], [108.47278, 14.11954], [108.4766, 14.11528], [108.4797, 14.11551], [108.48066, 14.1139], [108.48294, 14.11337], [108.48469, 14.11652], [108.48991, 14.11884], [108.49402, 14.11599], [108.49867, 14.11503], [108.50121, 14.11192], [108.50353, 14.11192], [108.50516, 14.11525], [108.50633, 14.11542], [108.50748, 14.11437], [108.51156, 14.11755], [108.51527, 14.11926], [108.52256, 14.12007], [108.52529, 14.11851], [108.53054, 14.11742], [108.53155, 14.11611], [108.53664, 14.12045], [108.53904, 14.121], [108.54174, 14.12289], [108.54595, 14.12273], [108.54829, 14.12141], [108.55228, 14.12176], [108.55422, 14.12407], [108.55592, 14.12442], [108.5562, 14.12576], [108.55801, 14.12569], [108.55761, 14.12741], [108.56079, 14.12849], [108.56172, 14.1431], [108.56285, 14.14447], [108.56381, 14.14424], [108.56591, 14.14543], [108.56925, 14.15043], [108.56944, 14.15235], [108.57064, 14.15237], [108.57655, 14.14945], [108.57579, 14.14552], [108.57809, 14.14478], [108.57749, 14.14324], [108.57924, 14.14353], [108.58038, 14.14259], [108.57757, 14.13533], [108.58021, 14.13272], [108.58444, 14.13261], [108.58714, 14.13429], [108.58725, 14.12911], [108.58994, 14.12807], [108.59044, 14.12702], [108.59446, 14.12788], [108.60021, 14.12693], [108.60606, 14.1242], [108.60765, 14.12422], [108.60794, 14.12583], [108.6088, 14.12609], [108.61262, 14.12554], [108.61582, 14.12736], [108.61566, 14.12909], [108.61651, 14.12941], [108.61603, 14.13071], [108.61779, 14.13212], [108.61669, 14.13285], [108.62111, 14.13954], [108.62355, 14.14951], [108.6292, 14.14968], [108.63054, 14.15087], [108.63093, 14.15439], [108.6328, 14.15436], [108.63329, 14.15545], [108.63508, 14.15529], [108.63805, 14.15812], [108.64078, 14.15767], [108.64208, 14.15827], [108.64307, 14.16023], [108.64747, 14.16165], [108.64798, 14.16226], [108.64593, 14.16385], [108.64567, 14.1653], [108.64912, 14.16517], [108.64942, 14.1669], [108.64995, 14.16555], [108.65062, 14.1656], [108.65077, 14.16781], [108.65229, 14.16833], [108.65305, 14.17004], [108.65247, 14.17091], [108.65493, 14.17196], [108.65498, 14.17261], [108.65628, 14.17223], [108.65724, 14.17083], [108.66109, 14.17278], [108.66297, 14.17274], [108.66346, 14.17526], [108.66548, 14.17583], [108.66718, 14.17762], [108.66857, 14.17766], [108.67181, 14.18171], [108.6733, 14.18199], [108.67379, 14.18343], [108.6756, 14.18327], [108.67669, 14.18406], [108.67582, 14.1853], [108.67716, 14.18855], [108.67982, 14.18892], [108.68135, 14.19157], [108.68171, 14.19406], [108.68036, 14.19613], [108.681, 14.1979], [108.67982, 14.2], [108.68038, 14.20248], [108.67804, 14.20326], [108.67741, 14.20536], [108.67439, 14.20749], [108.67735, 14.21656], [108.67628, 14.22337], [108.67557, 14.22429], [108.67019, 14.22511], [108.66988, 14.23036], [108.66487, 14.23407], [108.66726, 14.23893], [108.66789, 14.24302], [108.66762, 14.24399], [108.66463, 14.24591]]]}}, {"type": "Feature", "properties": {"other_info": "<div id=\"economy\"><span class=\"cms\">Kinh t\u1ebf: </span><p>Ph\u00e1t tri\u1ec3n kinh t\u1ebf n\u00f4ng th\u00f4n</p></div><div id=\"ethnicity\"><span class=\"cms\">D\u00e2n t\u1ed9c: </span><p>57.00%</p></div>", "dan_so": "22686", "lanh_dao": "<p>+L\u00ea Th\u1ecb Hu\u1ec7<br> B\u00ed th\u01b0 \u0110\u1ea3ng u\u1ef7 </p><p>Ch\u1ee7 t\u1ecbch H\u0110ND </p><p>0367859801</p><p>+L\u01b0\u01a1ng Nam Xu\u1ea5t Th\u1ebf<br> Ch\u1ee7 t\u1ecbch UBND </p><p>0907904647</p>", "sap_nhap": "Hnol, Trang, KDang", "dtich_km2": "178.88", "ma_xa": 107, "tru_so": "<p>Th\u00f4n Botgrek, x\u00e3 KDang</p>", "url": "https://baogialai.com.vn/dia-phuong/xa-kdang/107.html", "ten_xa": "X\u00e3 KDang", "order": 100}, "geometry": {"type": "Polygon", "coordinates": [[[108.20938, 14.07345], [108.20446, 14.07319], [108.2063, 14.07501], [108.20399, 14.07747], [108.20368, 14.08121], [108.2021, 14.079], [108.20278, 14.07656], [108.2005, 14.07484], [108.20003, 14.07204], [108.19717, 14.07328], [108.19477, 14.07333], [108.19195, 14.07183], [108.19085, 14.0728], [108.18996, 14.07198], [108.18064, 14.07318], [108.17749, 14.07166], [108.17661, 14.06973], [108.1772, 14.06873], [108.17527, 14.06556], [108.17651, 14.0632], [108.17505, 14.06265], [108.17547, 14.06111], [108.17495, 14.05871], [108.17415, 14.05832], [108.17448, 14.05738], [108.17313, 14.05706], [108.17408, 14.05653], [108.16992, 14.03962], [108.16877, 14.03901], [108.16447, 14.03974], [108.16295, 14.03357], [108.164, 14.03129], [108.16201, 14.02961], [108.16011, 14.02116], [108.15584, 14.01881], [108.15821, 13.99347], [108.16127, 13.98948], [108.15951, 13.98888], [108.17788, 13.9526], [108.1754, 13.95246], [108.17306, 13.94773], [108.17462, 13.94682], [108.17487, 13.945], [108.17289, 13.94504], [108.17109, 13.94194], [108.16555, 13.93854], [108.16507, 13.92656], [108.16147, 13.9191], [108.16112, 13.91615], [108.15917, 13.9125], [108.15306, 13.90748], [108.15222, 13.89936], [108.13707, 13.87416], [108.13499, 13.86872], [108.13408, 13.86899], [108.13403, 13.86721], [108.13173, 13.86748], [108.12639, 13.86618], [108.12385, 13.86235], [108.12228, 13.86157], [108.12834, 13.84881], [108.13034, 13.8486], [108.13578, 13.84583], [108.14314, 13.84428], [108.1444, 13.84508], [108.14503, 13.84455], [108.14875, 13.84805], [108.15281, 13.84826], [108.15462, 13.84986], [108.15768, 13.85064], [108.15803, 13.84969], [108.1594, 13.84976], [108.16112, 13.84791], [108.16177, 13.84562], [108.16433, 13.84397], [108.16555, 13.84416], [108.16478, 13.84314], [108.16697, 13.83681], [108.17427, 13.83683], [108.17588, 13.83599], [108.17554, 13.8344], [108.17971, 13.83644], [108.17792, 13.84055], [108.17885, 13.84321], [108.18111, 13.84308], [108.18685, 13.83976], [108.18831, 13.83982], [108.18848, 13.84117], [108.18763, 13.8424], [108.18931, 13.84517], [108.18586, 13.84806], [108.18927, 13.85117], [108.19079, 13.85143], [108.19271, 13.84881], [108.19663, 13.84858], [108.20539, 13.85106], [108.20771, 13.85529], [108.20962, 13.85706], [108.21129, 13.85698], [108.21255, 13.85522], [108.2146, 13.8546], [108.21643, 13.85534], [108.21888, 13.86029], [108.22389, 13.86355], [108.22487, 13.86517], [108.22395, 13.86688], [108.21899, 13.86873], [108.2185, 13.87002], [108.22329, 13.87004], [108.22563, 13.8708], [108.22862, 13.87512], [108.2309, 13.88125], [108.23296, 13.8838], [108.23323, 13.88829], [108.236, 13.88941], [108.23743, 13.88912], [108.23982, 13.8912], [108.24351, 13.89187], [108.24505, 13.89442], [108.24418, 13.8979], [108.23715, 13.90512], [108.23485, 13.90502], [108.23227, 13.90722], [108.2372, 13.91342], [108.23721, 13.91515], [108.23606, 13.91696], [108.2341, 13.91786], [108.23197, 13.91759], [108.22789, 13.91253], [108.22365, 13.91279], [108.2223, 13.91459], [108.22279, 13.91611], [108.2241, 13.91692], [108.2269, 13.91774], [108.23042, 13.91759], [108.23111, 13.91853], [108.23069, 13.92008], [108.22627, 13.92207], [108.22578, 13.92738], [108.22779, 13.92905], [108.23135, 13.9277], [108.23253, 13.92809], [108.23285, 13.92977], [108.23076, 13.93907], [108.23157, 13.94025], [108.23508, 13.94139], [108.23582, 13.94253], [108.23457, 13.94394], [108.22902, 13.94222], [108.22319, 13.94351], [108.2233, 13.94595], [108.22674, 13.94518], [108.22787, 13.94603], [108.228, 13.94863], [108.22707, 13.94929], [108.22668, 13.95218], [108.22703, 13.95446], [108.22503, 13.95756], [108.22602, 13.95897], [108.23287, 13.95682], [108.23404, 13.95902], [108.23311, 13.96118], [108.23439, 13.96159], [108.23351, 13.96379], [108.23241, 13.96451], [108.23308, 13.96639], [108.23172, 13.96694], [108.23103, 13.96831], [108.22844, 13.96907], [108.22825, 13.97042], [108.22612, 13.97123], [108.22546, 13.97435], [108.22698, 13.98322], [108.22507, 13.98642], [108.22466, 13.99059], [108.22358, 13.99193], [108.22337, 13.99731], [108.22182, 14.00034], [108.21878, 14.00367], [108.22022, 14.01108], [108.21972, 14.01286], [108.22498, 14.0145], [108.22499, 14.0154], [108.2243, 14.01546], [108.224, 14.01738], [108.2225, 14.01691], [108.22192, 14.01947], [108.22097, 14.01938], [108.22047, 14.02097], [108.21917, 14.02025], [108.21776, 14.02373], [108.21638, 14.02314], [108.21587, 14.02717], [108.21463, 14.02819], [108.21277, 14.02817], [108.2121, 14.02999], [108.21239, 14.03342], [108.21448, 14.03624], [108.21373, 14.03663], [108.21476, 14.04061], [108.21306, 14.04308], [108.2123, 14.0495], [108.21064, 14.0536], [108.21106, 14.05515], [108.21034, 14.05576], [108.21273, 14.05909], [108.21262, 14.06308], [108.21523, 14.06539], [108.21607, 14.07351], [108.21484, 14.07464], [108.21245, 14.07506], [108.20938, 14.07345]]]}}, {"type": "Feature", "properties": {"other_info": "<div id=\"economy\"><span class=\"cms\">Kinh t\u1ebf: </span><p>Ph\u00e1t tri\u1ec3n kinh t\u1ebf n\u00f4ng th\u00f4n</p></div>", "dan_so": "14008", "lanh_dao": "<p>+H\u1ed3 Minh \u0110\u1ee9c<br> B\u00ed th\u01b0 \u0110\u1ea3ng u\u1ef7 </p><p>Ch\u1ee7 t\u1ecbch H\u0110ND </p><p>0914308276</p><p>+Nguy\u1ec5n V\u0103n Thi\u1ec7n<br> Ch\u1ee7 t\u1ecbch UBND </p><p>0913222489</p>", "sap_nhap": "\u00c2n Ngh\u0129a, Bok T\u1edbi", "dtich_km2": "202.7", "ma_xa": 108, "tru_so": "<p>Th\u00f4n Kim S\u01a1n, x\u00e3 Kim S\u01a1n (Tr\u1ee5 s\u1edf x\u00e3 \u00c2n Ngh\u0129a tr\u01b0\u1edbc \u0111\u00e2y)<br></p>", "url": "https://baogialai.com.vn/dia-phuong/xa-kim-son/108.html", "ten_xa": "X\u00e3 Kim S\u01a1n", "order": 100}, "geometry": {"type": "Polygon", "coordinates": [[[108.83832, 14.35375], [108.83279, 14.35303], [108.83162, 14.35379], [108.82674, 14.35348], [108.82447, 14.35175], [108.82218, 14.35162], [108.81921, 14.34978], [108.81748, 14.35083], [108.81574, 14.35023], [108.81153, 14.35289], [108.80857, 14.35269], [108.80761, 14.35342], [108.80474, 14.35316], [108.80293, 14.35177], [108.7979, 14.35224], [108.79616, 14.3513], [108.79409, 14.35283], [108.79122, 14.35163], [108.79032, 14.34988], [108.78584, 14.34701], [108.78623, 14.34605], [108.78961, 14.34617], [108.79282, 14.34447], [108.79383, 14.33964], [108.79507, 14.33762], [108.79499, 14.3341], [108.79672, 14.33088], [108.80063, 14.32893], [108.80261, 14.32511], [108.80533, 14.32365], [108.80531, 14.3189], [108.8037, 14.31344], [108.80384, 14.31029], [108.80274, 14.30594], [108.80106, 14.30367], [108.80332, 14.3006], [108.80247, 14.29451], [108.80651, 14.28698], [108.80808, 14.28544], [108.80539, 14.27892], [108.8057, 14.27715], [108.80496, 14.27585], [108.80679, 14.27187], [108.80591, 14.2699], [108.80596, 14.26745], [108.80626, 14.26551], [108.80765, 14.26506], [108.80774, 14.26315], [108.81058, 14.26007], [108.80968, 14.25687], [108.81182, 14.24634], [108.80982, 14.24514], [108.81087, 14.24154], [108.81319, 14.24109], [108.81796, 14.2378], [108.81581, 14.23589], [108.81738, 14.23349], [108.81526, 14.23123], [108.81588, 14.23005], [108.81471, 14.22639], [108.82318, 14.21883], [108.82605, 14.21292], [108.82488, 14.21149], [108.8247, 14.2082], [108.8263, 14.20503], [108.82857, 14.20353], [108.82925, 14.20158], [108.82909, 14.20047], [108.82514, 14.19944], [108.82515, 14.19548], [108.82348, 14.19444], [108.82555, 14.19182], [108.82917, 14.18975], [108.82902, 14.1867], [108.83161, 14.18494], [108.8332, 14.18495], [108.83357, 14.18259], [108.8364, 14.18023], [108.84037, 14.1828], [108.8407, 14.18112], [108.84226, 14.17928], [108.83996, 14.17565], [108.84059, 14.17294], [108.83914, 14.17168], [108.83992, 14.16713], [108.83803, 14.16454], [108.83829, 14.16232], [108.84098, 14.15922], [108.84783, 14.15438], [108.84972, 14.15443], [108.85056, 14.15319], [108.85225, 14.15292], [108.85317, 14.15139], [108.85613, 14.15002], [108.85702, 14.14861], [108.85707, 14.14586], [108.85829, 14.14415], [108.86156, 14.14303], [108.86328, 14.14529], [108.86554, 14.14371], [108.86643, 14.14423], [108.86886, 14.14286], [108.873, 14.14728], [108.87238, 14.14955], [108.87319, 14.15301], [108.87111, 14.15412], [108.8725, 14.15772], [108.87025, 14.15907], [108.87027, 14.1598], [108.86819, 14.15959], [108.87257, 14.16341], [108.87431, 14.16699], [108.87794, 14.16157], [108.88068, 14.16047], [108.88108, 14.15825], [108.88453, 14.15564], [108.88454, 14.1591], [108.88824, 14.16225], [108.88872, 14.16687], [108.89158, 14.1698], [108.89207, 14.17541], [108.89396, 14.17706], [108.89446, 14.17974], [108.89902, 14.18184], [108.90025, 14.18883], [108.89996, 14.19155], [108.90593, 14.19402], [108.90815, 14.1935], [108.90958, 14.19407], [108.91883, 14.194], [108.92049, 14.19546], [108.92261, 14.1959], [108.92745, 14.19407], [108.92783, 14.19526], [108.93247, 14.19777], [108.93593, 14.20457], [108.939, 14.20616], [108.93879, 14.21028], [108.94239, 14.21166], [108.94596, 14.2193], [108.94996, 14.22207], [108.94762, 14.22688], [108.94461, 14.22974], [108.94372, 14.23187], [108.93903, 14.23188], [108.93654, 14.23425], [108.93515, 14.23944], [108.93359, 14.23999], [108.93334, 14.24289], [108.93195, 14.24283], [108.93094, 14.24388], [108.9301, 14.24664], [108.92869, 14.24788], [108.92854, 14.2512], [108.92674, 14.25272], [108.92464, 14.25264], [108.92365, 14.25354], [108.91856, 14.25461], [108.91861, 14.26062], [108.91457, 14.266], [108.91398, 14.26875], [108.91139, 14.27015], [108.90852, 14.27832], [108.90712, 14.27879], [108.90419, 14.27628], [108.90104, 14.27826], [108.89916, 14.28281], [108.90012, 14.28341], [108.90296, 14.28926], [108.9055, 14.29178], [108.89973, 14.29167], [108.8953, 14.29337], [108.89122, 14.29344], [108.88908, 14.29525], [108.8847, 14.2968], [108.88542, 14.29716], [108.8842, 14.2976], [108.88399, 14.29954], [108.88483, 14.302], [108.88222, 14.30135], [108.87304, 14.30394], [108.87219, 14.30601], [108.86941, 14.30674], [108.86823, 14.30887], [108.86439, 14.31006], [108.86251, 14.3097], [108.86027, 14.31229], [108.85397, 14.31657], [108.85309, 14.31839], [108.85416, 14.32269], [108.85231, 14.32267], [108.8508, 14.3239], [108.85033, 14.32557], [108.85221, 14.32794], [108.8522, 14.33298], [108.85453, 14.33556], [108.85402, 14.33728], [108.8516, 14.34037], [108.84964, 14.34489], [108.84536, 14.34586], [108.84452, 14.34686], [108.84449, 14.35009], [108.83832, 14.35375]]]}}, {"type": "Feature", "properties": {"other_info": "<div id=\"economy\"><span class=\"cms\">Kinh t\u1ebf: </span><p>Ph\u00e1t tri\u1ec3n kinh t\u1ebf n\u00f4ng th\u00f4n</p></div><div id=\"ethnicity\"><span class=\"cms\">D\u00e2n t\u1ed9c: </span><p>90.00%</p></div>", "dan_so": "9971", "lanh_dao": "<p>+Nguy\u1ec5n V\u0103n Ch\u1ea5t<br> B\u00ed th\u01b0 \u0110\u1ea3ng u\u1ef7 </p><p>Ch\u1ee7 t\u1ecbch H\u0110ND </p><p>0387767799</p><p>+V\u00f5 Ng\u1ecdc Tu\u1ea5n<br> Ch\u1ee7 t\u1ecbch UBND </p><p>0983225680</p>", "sap_nhap": "\u0110ak Tr\u00f4i, Kon Chi\u00eang", "dtich_km2": "273.51", "ma_xa": 109, "tru_so": "<p>L\u00e0ng Git, x\u00e3 Kon Chi\u00eang</p>", "url": "https://baogialai.com.vn/dia-phuong/xa-kon-chieng/109.html", "ten_xa": "X\u00e3 Kon Chi\u00eang", "order": 100}, "geometry": {"type": "Polygon", "coordinates": [[[108.36815, 13.86931], [108.36907, 13.87038], [108.36619, 13.86861], [108.36365, 13.86422], [108.36171, 13.86331], [108.35996, 13.86331], [108.35736, 13.86486], [108.35297, 13.86313], [108.351, 13.86364], [108.34859, 13.86215], [108.33728, 13.8625], [108.33395, 13.86433], [108.32588, 13.86269], [108.3265, 13.85934], [108.32394, 13.85838], [108.32312, 13.8547], [108.32087, 13.85453], [108.31748, 13.85177], [108.31691, 13.85041], [108.31262, 13.84822], [108.31121, 13.84642], [108.3091, 13.83974], [108.30531, 13.83762], [108.30322, 13.83428], [108.30048, 13.83333], [108.30028, 13.83256], [108.29797, 13.83556], [108.29605, 13.83676], [108.29447, 13.83609], [108.29368, 13.83651], [108.29249, 13.83294], [108.28936, 13.83137], [108.28602, 13.83217], [108.28448, 13.83347], [108.28163, 13.83381], [108.28009, 13.83182], [108.27292, 13.82963], [108.27158, 13.83105], [108.2691, 13.83157], [108.26839, 13.83339], [108.26644, 13.83373], [108.26602, 13.83112], [108.26423, 13.83071], [108.26331, 13.8318], [108.2615, 13.83155], [108.26182, 13.83246], [108.26089, 13.8328], [108.26149, 13.83357], [108.2603, 13.83565], [108.25738, 13.83602], [108.25694, 13.83424], [108.25841, 13.83165], [108.25861, 13.82857], [108.25413, 13.82253], [108.25519, 13.82031], [108.25432, 13.81703], [108.25606, 13.81658], [108.2563, 13.81583], [108.25604, 13.81487], [108.2528, 13.81372], [108.25366, 13.81024], [108.25201, 13.80815], [108.25511, 13.80728], [108.25515, 13.80565], [108.25669, 13.80335], [108.259, 13.80494], [108.26196, 13.80459], [108.26112, 13.80324], [108.25824, 13.80256], [108.25943, 13.8006], [108.2582, 13.79858], [108.25595, 13.79734], [108.25494, 13.79501], [108.25092, 13.79679], [108.25132, 13.79495], [108.25348, 13.79248], [108.25331, 13.79131], [108.25049, 13.78866], [108.24703, 13.78738], [108.24528, 13.78582], [108.24556, 13.78524], [108.24784, 13.78544], [108.24803, 13.78463], [108.24733, 13.78055], [108.24481, 13.77406], [108.24463, 13.77194], [108.24626, 13.77086], [108.24653, 13.76973], [108.24611, 13.76765], [108.24364, 13.76501], [108.24444, 13.7622], [108.24269, 13.76177], [108.23826, 13.76282], [108.23789, 13.76185], [108.23921, 13.76056], [108.23807, 13.75783], [108.23506, 13.75833], [108.19972, 13.75622], [108.19014, 13.75021], [108.1877, 13.74279], [108.18586, 13.72497], [108.18365, 13.71458], [108.18274, 13.6926], [108.18341, 13.68647], [108.18278, 13.68171], [108.21925, 13.68619], [108.23341, 13.68404], [108.23919, 13.69696], [108.25148, 13.70656], [108.26352, 13.704], [108.27568, 13.69716], [108.29429, 13.67853], [108.3054, 13.6744], [108.31831, 13.67696], [108.31929, 13.67625], [108.32163, 13.67639], [108.32256, 13.67774], [108.32396, 13.67669], [108.32517, 13.67728], [108.32796, 13.67661], [108.32913, 13.67854], [108.33066, 13.67773], [108.33056, 13.67879], [108.33214, 13.67922], [108.33368, 13.67744], [108.33326, 13.67575], [108.33417, 13.67543], [108.33387, 13.67475], [108.33483, 13.67423], [108.3352, 13.67519], [108.33613, 13.67416], [108.33567, 13.67304], [108.33629, 13.67206], [108.33669, 13.67467], [108.33824, 13.67444], [108.34041, 13.67623], [108.34212, 13.67631], [108.34282, 13.67821], [108.34188, 13.67894], [108.34292, 13.67983], [108.34393, 13.67907], [108.34447, 13.67991], [108.34659, 13.68015], [108.34649, 13.68186], [108.35079, 13.68288], [108.35449, 13.68792], [108.3589, 13.68994], [108.36928, 13.69113], [108.36959, 13.6925], [108.37341, 13.69208], [108.37525, 13.69264], [108.37485, 13.6931], [108.3785, 13.6938], [108.3768, 13.69602], [108.37539, 13.69661], [108.37421, 13.69615], [108.37315, 13.69717], [108.37432, 13.69869], [108.37413, 13.70012], [108.37627, 13.6992], [108.37797, 13.70272], [108.37787, 13.70897], [108.37555, 13.70976], [108.37501, 13.71104], [108.37347, 13.71157], [108.3703, 13.71484], [108.37277, 13.71732], [108.37236, 13.71993], [108.36982, 13.72339], [108.3689, 13.72883], [108.36684, 13.72929], [108.36604, 13.73352], [108.36334, 13.73512], [108.35987, 13.74023], [108.3593, 13.74457], [108.35557, 13.75548], [108.35466, 13.75634], [108.35346, 13.76209], [108.35314, 13.7734], [108.35556, 13.77647], [108.3598, 13.7781], [108.36073, 13.78111], [108.36383, 13.78419], [108.3613, 13.78682], [108.36197, 13.78924], [108.36407, 13.79109], [108.36236, 13.79489], [108.36253, 13.80062], [108.36726, 13.80236], [108.36747, 13.806], [108.36637, 13.80754], [108.36629, 13.8097], [108.36776, 13.81218], [108.3674, 13.81349], [108.36826, 13.81618], [108.37012, 13.8184], [108.36925, 13.81924], [108.36987, 13.82366], [108.36762, 13.82586], [108.36744, 13.82858], [108.36456, 13.83084], [108.36456, 13.83309], [108.3669, 13.83424], [108.36586, 13.83861], [108.36479, 13.83972], [108.36618, 13.84399], [108.36364, 13.84725], [108.37361, 13.85015], [108.37155, 13.85124], [108.36978, 13.85534], [108.36907, 13.86057], [108.36758, 13.86245], [108.36764, 13.86405], [108.36897, 13.86458], [108.36964, 13.86693], [108.36815, 13.86931]]]}}, {"type": "Feature", "properties": {"other_info": "<div id=\"economy\"><span class=\"cms\">Kinh t\u1ebf: </span><p>Ph\u00e1t tri\u1ec3n kinh t\u1ebf n\u00f4ng th\u00f4n</p></div><div id=\"ethnicity\"><span class=\"cms\">D\u00e2n t\u1ed9c: </span><p>34.00%</p></div>", "dan_so": "22529", "lanh_dao": "<p>+Tr\u1ea7n Minh Ch\u1ea5n<br> B\u00ed th\u01b0 \u0110\u1ea3ng u\u1ef7 </p><p>Ch\u1ee7 t\u1ecbch H\u0110ND </p><p>0903588022<br> <br></p><p>+Nguy\u1ec5n V\u0103n Trung<br> Ch\u1ee7 t\u1ecbch UBND </p><p>0982000104<br></p>", "sap_nhap": "\u0110ak Krong, Hneng, Nam Yang, Kon Gang", "dtich_km2": "145.84", "ma_xa": 110, "tru_so": "<p>Th\u00f4n Tam \u0110i\u1ec7p, x\u00e3 Kon Gang</p>", "url": "https://baogialai.com.vn/dia-phuong/xa-kon-gang/110.html", "ten_xa": "X\u00e3 Kon Gang", "order": 100}, "geometry": {"type": "Polygon", "coordinates": [[[108.10213, 14.16461], [108.10211, 14.16362], [108.0996, 14.16281], [108.09543, 14.15875], [108.09245, 14.15449], [108.0926, 14.15238], [108.0904, 14.15085], [108.09139, 14.14888], [108.09084, 14.14675], [108.08519, 14.14476], [108.08481, 14.14283], [108.08655, 14.13834], [108.08606, 14.13633], [108.08724, 14.13037], [108.0884, 14.12867], [108.08878, 14.12519], [108.08989, 14.12406], [108.09212, 14.11646], [108.09543, 14.11083], [108.09734, 14.11], [108.1027, 14.10245], [108.10393, 14.1027], [108.10426, 14.10121], [108.10665, 14.10043], [108.10976, 14.09677], [108.10745, 14.09094], [108.10547, 14.08865], [108.10348, 14.08645], [108.10114, 14.08539], [108.09326, 14.07583], [108.08739, 14.0712], [108.08685, 14.06939], [108.08544, 14.06939], [108.08166, 14.06477], [108.08147, 14.06161], [108.08281, 14.06143], [108.08246, 14.05792], [108.0839, 14.05777], [108.08372, 14.05556], [108.08492, 14.05536], [108.08415, 14.05289], [108.08571, 14.0526], [108.08501, 14.04987], [108.08542, 14.0488], [108.08773, 14.04759], [108.08658, 14.04562], [108.08805, 14.04507], [108.08953, 14.04291], [108.08762, 14.03929], [108.08925, 14.03748], [108.08879, 14.03587], [108.09019, 14.03394], [108.08867, 14.03327], [108.08923, 14.03184], [108.08793, 14.03276], [108.08513, 14.03034], [108.08389, 14.03084], [108.08444, 14.03021], [108.08376, 14.02928], [108.0816, 14.03089], [108.07852, 14.02813], [108.07613, 14.02777], [108.07509, 14.02596], [108.07511, 14.02397], [108.0764, 14.02394], [108.07863, 14.02167], [108.0794, 14.02286], [108.08033, 14.0215], [108.08151, 14.02242], [108.08129, 14.0216], [108.08325, 14.02067], [108.07897, 14.01673], [108.07522, 14.01762], [108.07551, 14.01211], [108.07357, 14.01202], [108.07318, 14.01058], [108.07353, 14.00991], [108.07555, 14.01025], [108.0758, 14.00864], [108.07838, 14.00719], [108.07669, 14.00573], [108.07819, 14.00284], [108.08259, 14.00291], [108.08275, 14.0041], [108.08923, 14.00431], [108.09044, 13.9979], [108.09465, 13.99488], [108.09451, 13.99388], [108.09645, 13.99407], [108.09649, 13.99295], [108.10513, 13.995], [108.11667, 13.99944], [108.12025, 13.99928], [108.12545, 13.99598], [108.12613, 13.99653], [108.12607, 13.99552], [108.13, 13.99777], [108.13025, 13.99932], [108.12836, 14.00095], [108.1349, 14.00813], [108.12978, 14.0115], [108.13243, 14.01434], [108.13383, 14.01757], [108.13082, 14.01893], [108.13131, 14.01973], [108.13364, 14.01895], [108.13492, 14.02229], [108.1438, 14.0206], [108.14538, 14.02111], [108.1453, 14.02179], [108.14767, 14.02092], [108.14764, 14.02203], [108.15114, 14.02199], [108.15108, 14.02289], [108.15254, 14.02326], [108.15326, 14.02016], [108.15803, 14.02099], [108.15834, 14.02228], [108.16035, 14.0222], [108.16201, 14.02961], [108.164, 14.03129], [108.16295, 14.03357], [108.16447, 14.03974], [108.16877, 14.03901], [108.16992, 14.03962], [108.17408, 14.05653], [108.17313, 14.05706], [108.17448, 14.05738], [108.17415, 14.05832], [108.17495, 14.05871], [108.17547, 14.06111], [108.17505, 14.06265], [108.17651, 14.0632], [108.17527, 14.06556], [108.1772, 14.06873], [108.17661, 14.06973], [108.17731, 14.07145], [108.18007, 14.07317], [108.18996, 14.07198], [108.19085, 14.0728], [108.19195, 14.07183], [108.19477, 14.07333], [108.19717, 14.07328], [108.20003, 14.07204], [108.2005, 14.07484], [108.20278, 14.07656], [108.2021, 14.079], [108.20368, 14.08121], [108.20327, 14.08266], [108.2011, 14.08374], [108.20086, 14.08663], [108.199, 14.08699], [108.19867, 14.08831], [108.19638, 14.09025], [108.1957, 14.08985], [108.19436, 14.09149], [108.19146, 14.09568], [108.1893, 14.10095], [108.19126, 14.10293], [108.19091, 14.10521], [108.1923, 14.10945], [108.19119, 14.11296], [108.19237, 14.11615], [108.18724, 14.11747], [108.18703, 14.11959], [108.18157, 14.1217], [108.18011, 14.1257], [108.17355, 14.12448], [108.17236, 14.12958], [108.16978, 14.13186], [108.16685, 14.13729], [108.16616, 14.14089], [108.16663, 14.14271], [108.16925, 14.14282], [108.17119, 14.14405], [108.17015, 14.14477], [108.16914, 14.1495], [108.16629, 14.14984], [108.16581, 14.15053], [108.16824, 14.15474], [108.16756, 14.15613], [108.16929, 14.15849], [108.1734, 14.15795], [108.17605, 14.15858], [108.17207, 14.15859], [108.17179, 14.15978], [108.16853, 14.16072], [108.16551, 14.15979], [108.16446, 14.16041], [108.16392, 14.15959], [108.16285, 14.16065], [108.15831, 14.16119], [108.15477, 14.15841], [108.15061, 14.1571], [108.14886, 14.15399], [108.14648, 14.15289], [108.14283, 14.1536], [108.13922, 14.15599], [108.1343, 14.15753], [108.12801, 14.1542], [108.1214, 14.15605], [108.11719, 14.16036], [108.11654, 14.15626], [108.10928, 14.15671], [108.10662, 14.15884], [108.10442, 14.16262], [108.10213, 14.16461]]]}}, {"type": "Feature", "properties": {"other_info": "<div id=\"economy\"><span class=\"cms\">Kinh t\u1ebf: </span><p>Ph\u00e1t tri\u1ec3n kinh t\u1ebf n\u00f4ng th\u00f4n</p></div><div id=\"ethnicity\"><span class=\"cms\">D\u00e2n t\u1ed9c: </span><p>33.00%</p></div>", "dan_so": "17468", "lanh_dao": "<p>+Nguy\u1ec5n V\u0103n D\u0169ng<br> B\u00ed th\u01b0 \u0110\u1ea3ng u\u1ef7 </p><p>Ch\u1ee7 t\u1ecbch H\u0110ND </p><p>0905030089<br> <br></p><p>+Tr\u1ea7n Trung Tr\u1ef1c<br> Ch\u1ee7 t\u1ecbch UBND </p><p>0328753700</p>", "sap_nhap": "\u0110\u00f4ng, Ngh\u0129a An, K\u00f4ng B\u01a1 La", "dtich_km2": "133.42", "ma_xa": 111, "tru_so": "<p>T\u1ec9nh l\u1ed9 669, x\u00e3 K\u00f4ng B\u01a1 La</p>", "url": "https://baogialai.com.vn/dia-phuong/xa-kong-bo-la/111.html", "ten_xa": "X\u00e3 K\u00f4ng B\u01a1 La", "order": 100}, "geometry": {"type": "Polygon", "coordinates": [[[108.67423, 14.18331], [108.6732, 14.18188], [108.67181, 14.18171], [108.66857, 14.17766], [108.66718, 14.17762], [108.66548, 14.17583], [108.66346, 14.17526], [108.66297, 14.17274], [108.66109, 14.17278], [108.65724, 14.17083], [108.65628, 14.17223], [108.65498, 14.17261], [108.65493, 14.17196], [108.65258, 14.171], [108.65305, 14.17004], [108.65229, 14.16833], [108.65077, 14.16781], [108.65062, 14.1656], [108.64995, 14.16555], [108.64942, 14.1669], [108.64912, 14.16517], [108.64714, 14.16569], [108.64559, 14.16517], [108.646, 14.16376], [108.64798, 14.16226], [108.64734, 14.16156], [108.64307, 14.16023], [108.64208, 14.15827], [108.64078, 14.15767], [108.63805, 14.15812], [108.63508, 14.15529], [108.63329, 14.15545], [108.6328, 14.15436], [108.63093, 14.15439], [108.63054, 14.15087], [108.6292, 14.14968], [108.62355, 14.14951], [108.62111, 14.13954], [108.61669, 14.13285], [108.61779, 14.13212], [108.61603, 14.13071], [108.61651, 14.12941], [108.61566, 14.12909], [108.61582, 14.12736], [108.61262, 14.12554], [108.6088, 14.12609], [108.60794, 14.12583], [108.60765, 14.12422], [108.60606, 14.1242], [108.60021, 14.12693], [108.59446, 14.12788], [108.59044, 14.12702], [108.58994, 14.12807], [108.58725, 14.12911], [108.58714, 14.13429], [108.58444, 14.13261], [108.58021, 14.13272], [108.57757, 14.13533], [108.58038, 14.14259], [108.57924, 14.14353], [108.57749, 14.14324], [108.57809, 14.14478], [108.57579, 14.14552], [108.57644, 14.14955], [108.57413, 14.15021], [108.57272, 14.15181], [108.56944, 14.15235], [108.56925, 14.15043], [108.56591, 14.14543], [108.56381, 14.14424], [108.56285, 14.14447], [108.56157, 14.14272], [108.56079, 14.12849], [108.55761, 14.12741], [108.55801, 14.12569], [108.5562, 14.12576], [108.55592, 14.12442], [108.55422, 14.12407], [108.55201, 14.12163], [108.55221, 14.1194], [108.55432, 14.11793], [108.55456, 14.11658], [108.55332, 14.11158], [108.55746, 14.10959], [108.55987, 14.10285], [108.56232, 14.09995], [108.56325, 14.10141], [108.56572, 14.10127], [108.56621, 14.10311], [108.56839, 14.10282], [108.56935, 14.09947], [108.5704, 14.09993], [108.57044, 14.09815], [108.5714, 14.09798], [108.57139, 14.09705], [108.57709, 14.09492], [108.57734, 14.09275], [108.58004, 14.0938], [108.58056, 14.09514], [108.58424, 14.09194], [108.58587, 14.09232], [108.58616, 14.09118], [108.58688, 14.09164], [108.58732, 14.09081], [108.58974, 14.09148], [108.59026, 14.0904], [108.59322, 14.08966], [108.59319, 14.08855], [108.59442, 14.08805], [108.5946, 14.08688], [108.59359, 14.08618], [108.59326, 14.08689], [108.59141, 14.08716], [108.59034, 14.0864], [108.58829, 14.0809], [108.58607, 14.07879], [108.58716, 14.07524], [108.58563, 14.07419], [108.58648, 14.0729], [108.58521, 14.07198], [108.58505, 14.07044], [108.58588, 14.0701], [108.58232, 14.06259], [108.58352, 14.06177], [108.58364, 14.06032], [108.58497, 14.05985], [108.58478, 14.05793], [108.58716, 14.05454], [108.58668, 14.0541], [108.58753, 14.05254], [108.58657, 14.05117], [108.58713, 14.04947], [108.5895, 14.04786], [108.58973, 14.04689], [108.58993, 14.04304], [108.58849, 14.04195], [108.59016, 14.03904], [108.5901, 14.03621], [108.58924, 14.0354], [108.59027, 14.03325], [108.58895, 14.03279], [108.58774, 14.03091], [108.58737, 14.02792], [108.58827, 14.02716], [108.58878, 14.0248], [108.5878, 14.02376], [108.58685, 14.01989], [108.58802, 14.01813], [108.59094, 14.01729], [108.59099, 14.01649], [108.59472, 14.01672], [108.59517, 14.01807], [108.59782, 14.0192], [108.59779, 14.01773], [108.59914, 14.01618], [108.60162, 14.01607], [108.60201, 14.01372], [108.60539, 14.01152], [108.60481, 14.00993], [108.60584, 14.00892], [108.60977, 14.01295], [108.61668, 14.01423], [108.61791, 14.01594], [108.61908, 14.01611], [108.6191, 14.01923], [108.62038, 14.01767], [108.62146, 14.01824], [108.62353, 14.01726], [108.62786, 14.02073], [108.63177, 14.0213], [108.63467, 14.02437], [108.63631, 14.02474], [108.6363, 14.02612], [108.64164, 14.02725], [108.64261, 14.02913], [108.64805, 14.02852], [108.64965, 14.02706], [108.65165, 14.02689], [108.65567, 14.03098], [108.66152, 14.03269], [108.6606, 14.03767], [108.65557, 14.05021], [108.65477, 14.05591], [108.6519, 14.06002], [108.65321, 14.06612], [108.65015, 14.07297], [108.64741, 14.07676], [108.64705, 14.0794], [108.64759, 14.07871], [108.64864, 14.07972], [108.64899, 14.07911], [108.65043, 14.07983], [108.65039, 14.08056], [108.65126, 14.08039], [108.65238, 14.08245], [108.65365, 14.08313], [108.65466, 14.08612], [108.65764, 14.08812], [108.65801, 14.09275], [108.6597, 14.09355], [108.65874, 14.09996], [108.66155, 14.10767], [108.66298, 14.1075], [108.66407, 14.10993], [108.66471, 14.10938], [108.66718, 14.10983], [108.66721, 14.11115], [108.66853, 14.11153], [108.66844, 14.11345], [108.67057, 14.11436], [108.67134, 14.11661], [108.67366, 14.1161], [108.67512, 14.11848], [108.6748, 14.12075], [108.68051, 14.12176], [108.67999, 14.12444], [108.68231, 14.12475], [108.68205, 14.12776], [108.68685, 14.12855], [108.6847, 14.13132], [108.68328, 14.14097], [108.67673, 14.15006], [108.67809, 14.15187], [108.67901, 14.15669], [108.6787, 14.16112], [108.66999, 14.16016], [108.66508, 14.16503], [108.66705, 14.16655], [108.67275, 14.17436], [108.67686, 14.17746], [108.67667, 14.17994], [108.67442, 14.18102], [108.67423, 14.18331]]]}}, {"type": "Feature", "properties": {"other_info": "<div id=\"economy\"><span class=\"cms\">Kinh t\u1ebf: </span><p>Ph\u00e1t tri\u1ec3n kinh t\u1ebf \u0111\u00f4 th\u1ecb - n\u00f4ng th\u00f4n</p></div><div id=\"ethnicity\"><span class=\"cms\">D\u00e2n t\u1ed9c: </span><p>60.00%</p></div>", "dan_so": "20,936", "lanh_dao": "<p>+V\u00f5 Nguy\u00ean Nam<br> B\u00ed th\u01b0 \u0110\u1ea3ng u\u1ef7 </p><p>Ch\u1ee7 t\u1ecbch H\u0110ND </p><p>0914821901</p><p>+\u0110\u1eb7ng Th\u1ebf Quy\u1ec1n<br> Ch\u1ee7 t\u1ecbch UBND </p><p>0977897070</p>", "sap_nhap": "th\u1ecb tr\u1ea5n K\u00f4ng Chro, X\u00e3 Yang Trung v\u00e0 X\u00e3 Yang Nam", "dtich_km2": "200.79", "ma_xa": 112, "tru_so": "<p>\u0110\u01b0\u1eddng L\u00ea H\u1ed3ng Phong, x\u00e3 K\u00f4ng Chro</p>", "url": "https://baogialai.com.vn/dia-phuong/xa-kong-chro/112.html", "ten_xa": "X\u00e3 K\u00f4ng Chro", "order": 100}, "geometry": {"type": "Polygon", "coordinates": [[[108.47849, 13.83401], [108.47533, 13.83406], [108.4709, 13.83222], [108.4702, 13.83321], [108.46916, 13.83165], [108.46724, 13.83113], [108.46546, 13.83146], [108.46374, 13.83307], [108.46354, 13.82972], [108.46427, 13.82734], [108.46584, 13.82519], [108.46768, 13.82481], [108.46856, 13.82266], [108.47034, 13.8225], [108.46985, 13.8217], [108.47081, 13.82008], [108.46942, 13.81689], [108.47078, 13.81604], [108.46846, 13.81484], [108.46898, 13.81215], [108.46621, 13.81026], [108.46798, 13.8049], [108.46645, 13.80469], [108.4657, 13.80283], [108.46267, 13.80195], [108.46299, 13.80091], [108.46168, 13.79972], [108.46145, 13.79727], [108.4591, 13.79556], [108.45824, 13.79369], [108.45972, 13.79307], [108.46007, 13.79137], [108.45998, 13.78912], [108.45834, 13.78585], [108.45814, 13.78218], [108.45928, 13.78151], [108.46262, 13.78328], [108.46325, 13.78075], [108.46547, 13.77974], [108.46661, 13.77741], [108.46482, 13.77616], [108.46378, 13.77411], [108.46429, 13.77158], [108.46539, 13.77105], [108.4656, 13.76973], [108.46715, 13.77094], [108.46838, 13.76818], [108.47022, 13.76745], [108.47018, 13.76607], [108.47199, 13.76562], [108.47248, 13.762], [108.47413, 13.76175], [108.47383, 13.75976], [108.47531, 13.75999], [108.47551, 13.75675], [108.47649, 13.75606], [108.47582, 13.75512], [108.47659, 13.75345], [108.47822, 13.75233], [108.47686, 13.75059], [108.47907, 13.74983], [108.47908, 13.7476], [108.48331, 13.74915], [108.48466, 13.74778], [108.48895, 13.74867], [108.49237, 13.74795], [108.49301, 13.74937], [108.49643, 13.7474], [108.49832, 13.74902], [108.5008, 13.74748], [108.50159, 13.74832], [108.50317, 13.74803], [108.50234, 13.74777], [108.50257, 13.74684], [108.50059, 13.7461], [108.49988, 13.74419], [108.49628, 13.74302], [108.49704, 13.74174], [108.49538, 13.74125], [108.49386, 13.73862], [108.49207, 13.73788], [108.49099, 13.73519], [108.49052, 13.7336], [108.49147, 13.73134], [108.49373, 13.73025], [108.49592, 13.73046], [108.49709, 13.72842], [108.49539, 13.7223], [108.49381, 13.72197], [108.49307, 13.7172], [108.48307, 13.71624], [108.46548, 13.7105], [108.46492, 13.70638], [108.46663, 13.70463], [108.46754, 13.70156], [108.46489, 13.69409], [108.46454, 13.69044], [108.46238, 13.68767], [108.46318, 13.68647], [108.46211, 13.68333], [108.46659, 13.67646], [108.46765, 13.67325], [108.46564, 13.67037], [108.46733, 13.66707], [108.46912, 13.66547], [108.46624, 13.66099], [108.46246, 13.65804], [108.45894, 13.64975], [108.46281, 13.64968], [108.46206, 13.6405], [108.46416, 13.63799], [108.46437, 13.63629], [108.46715, 13.63445], [108.46757, 13.63168], [108.46619, 13.62932], [108.47015, 13.62536], [108.47143, 13.62535], [108.47179, 13.62614], [108.47591, 13.61881], [108.47913, 13.61561], [108.47877, 13.61482], [108.4802, 13.61297], [108.48335, 13.61488], [108.48802, 13.61556], [108.49004, 13.61493], [108.49234, 13.61195], [108.49457, 13.61288], [108.49495, 13.61219], [108.49651, 13.61217], [108.49851, 13.60925], [108.50083, 13.61148], [108.51228, 13.61256], [108.51543, 13.61382], [108.51684, 13.61332], [108.52044, 13.61542], [108.52215, 13.61362], [108.52224, 13.61251], [108.5377, 13.62543], [108.54469, 13.62581], [108.55414, 13.63058], [108.55236, 13.63401], [108.55353, 13.63664], [108.55511, 13.63802], [108.5537, 13.64187], [108.55585, 13.64392], [108.55417, 13.64592], [108.55477, 13.64832], [108.55426, 13.64993], [108.55289, 13.64913], [108.55028, 13.65136], [108.55241, 13.65392], [108.55291, 13.66274], [108.56125, 13.67001], [108.56486, 13.67468], [108.56514, 13.67866], [108.56399, 13.68163], [108.56727, 13.68898], [108.55951, 13.70056], [108.55696, 13.70794], [108.55755, 13.71126], [108.55995, 13.71347], [108.5609, 13.71911], [108.56045, 13.72279], [108.55687, 13.72856], [108.5451, 13.74226], [108.54268, 13.74714], [108.53764, 13.75037], [108.53708, 13.75182], [108.53753, 13.75701], [108.52899, 13.76685], [108.53274, 13.76631], [108.54019, 13.7685], [108.54297, 13.76705], [108.54516, 13.76844], [108.54663, 13.77252], [108.55085, 13.77333], [108.55607, 13.77238], [108.55755, 13.77356], [108.55748, 13.77457], [108.55626, 13.77579], [108.55623, 13.77748], [108.5551, 13.77928], [108.55394, 13.77948], [108.55349, 13.7786], [108.55238, 13.78036], [108.55148, 13.78033], [108.55173, 13.78165], [108.55017, 13.78502], [108.54708, 13.78652], [108.54586, 13.78938], [108.54386, 13.79031], [108.54355, 13.79223], [108.54436, 13.79282], [108.54311, 13.79357], [108.54196, 13.79635], [108.54, 13.79679], [108.5382, 13.79875], [108.53616, 13.8026], [108.53636, 13.80757], [108.53866, 13.81873], [108.53344, 13.82039], [108.53128, 13.81974], [108.52939, 13.82115], [108.52502, 13.82088], [108.5199, 13.81936], [108.51719, 13.81593], [108.5153, 13.81021], [108.51143, 13.81015], [108.51072, 13.80916], [108.50993, 13.81013], [108.51179, 13.81371], [108.51289, 13.81395], [108.51517, 13.81764], [108.51514, 13.8187], [108.51254, 13.82197], [108.51462, 13.82511], [108.51285, 13.82555], [108.51328, 13.82701], [108.51241, 13.82771], [108.51317, 13.82851], [108.51108, 13.83086], [108.51002, 13.83079], [108.5096, 13.83194], [108.50849, 13.83162], [108.50688, 13.83337], [108.50511, 13.83182], [108.50372, 13.83283], [108.50303, 13.83202], [108.50139, 13.83228], [108.49923, 13.83379], [108.49664, 13.83227], [108.49444, 13.83256], [108.49305, 13.83187], [108.49147, 13.83291], [108.49024, 13.83209], [108.48938, 13.83252], [108.48899, 13.83145], [108.48371, 13.83363], [108.48204, 13.83172], [108.48075, 13.8315], [108.47904, 13.83257], [108.47849, 13.83401]]]}}, {"type": "Feature", "properties": {"other_info": "<div id=\"economy\"><span class=\"cms\">Kinh t\u1ebf: </span><p>Ph\u00e1t tri\u1ec3n kinh t\u1ebf n\u00f4ng th\u00f4n</p></div><div id=\"ethnicity\"><span class=\"cms\">D\u00e2n t\u1ed9c: </span><p>88.00%</p></div>", "dan_so": "5,615", "lanh_dao": "<p>+Nguy\u1ec5n C\u00f4ng \u0110\u1ea1o<br> B\u00ed th\u01b0 \u0110\u1ea3ng u\u1ef7 </p><p>Ch\u1ee7 t\u1ecbch H\u0110ND </p><p>0976640279</p><p>+L\u00ea Duy Ki\u00ean<br> Ch\u1ee7 t\u1ecbch UBND </p><p>0986387347<br></p>", "sap_nhap": "Krong", "dtich_km2": "311.18", "ma_xa": 113, "tru_so": "<p>L\u00e0ng S\u01a1 Lam, x\u00e3 Krong</p>", "url": "https://baogialai.com.vn/dia-phuong/xa-krong/113.html", "ten_xa": "X\u00e3 Krong", "order": 100}, "geometry": {"type": "Polygon", "coordinates": [[[108.48128, 14.37584], [108.48074, 14.37939], [108.47956, 14.37788], [108.47636, 14.37655], [108.47469, 14.37408], [108.47151, 14.37331], [108.4694, 14.37324], [108.46315, 14.37683], [108.46121, 14.37592], [108.46008, 14.37437], [108.45695, 14.37502], [108.45613, 14.37422], [108.45624, 14.37299], [108.45038, 14.3732], [108.45069, 14.3712], [108.44977, 14.36878], [108.44291, 14.36959], [108.44248, 14.36872], [108.43991, 14.36924], [108.43926, 14.36826], [108.43553, 14.36928], [108.43218, 14.36826], [108.43206, 14.36956], [108.42917, 14.36935], [108.4277, 14.3704], [108.42456, 14.36775], [108.41998, 14.36682], [108.41706, 14.36819], [108.41238, 14.36861], [108.40971, 14.36774], [108.4076, 14.36887], [108.40264, 14.36886], [108.40068, 14.37105], [108.39599, 14.37031], [108.39933, 14.36829], [108.39905, 14.36624], [108.39715, 14.36504], [108.3971, 14.36136], [108.39478, 14.3572], [108.3948, 14.35424], [108.39334, 14.3534], [108.39365, 14.35071], [108.39291, 14.35032], [108.39193, 14.3514], [108.38973, 14.34923], [108.38645, 14.34847], [108.38523, 14.34491], [108.38446, 14.33986], [108.38645, 14.33209], [108.38447, 14.33049], [108.38604, 14.32937], [108.38596, 14.32843], [108.38429, 14.32836], [108.38198, 14.32695], [108.38337, 14.31579], [108.38238, 14.31321], [108.38258, 14.31002], [108.38152, 14.30868], [108.38151, 14.30498], [108.38067, 14.30321], [108.37473, 14.29737], [108.37494, 14.2961], [108.37339, 14.29481], [108.37418, 14.29086], [108.37063, 14.28731], [108.37139, 14.28539], [108.36945, 14.28386], [108.36961, 14.28106], [108.36648, 14.27837], [108.36756, 14.27741], [108.36706, 14.27379], [108.37044, 14.27186], [108.36605, 14.26699], [108.36603, 14.26542], [108.36324, 14.26413], [108.35917, 14.26415], [108.35879, 14.26283], [108.3569, 14.26147], [108.35508, 14.25688], [108.35373, 14.25762], [108.35237, 14.25727], [108.35022, 14.25864], [108.34346, 14.25864], [108.3416, 14.25619], [108.34229, 14.25445], [108.34208, 14.25157], [108.33889, 14.24863], [108.34256, 14.24469], [108.34233, 14.24416], [108.33906, 14.24291], [108.33633, 14.24435], [108.33563, 14.24185], [108.33238, 14.24181], [108.32699, 14.23931], [108.3261, 14.23796], [108.32688, 14.23547], [108.32384, 14.23423], [108.32374, 14.23216], [108.32613, 14.23126], [108.32722, 14.22998], [108.33209, 14.22928], [108.33382, 14.23014], [108.33717, 14.22892], [108.33867, 14.22507], [108.33814, 14.22264], [108.3401, 14.22144], [108.34009, 14.22004], [108.34473, 14.21573], [108.34603, 14.21596], [108.34604, 14.21354], [108.34828, 14.20829], [108.34951, 14.20841], [108.35123, 14.21], [108.35327, 14.20991], [108.35484, 14.20768], [108.35794, 14.20572], [108.36131, 14.20788], [108.36207, 14.20755], [108.36249, 14.20087], [108.36338, 14.19948], [108.363, 14.19729], [108.36461, 14.19355], [108.36593, 14.19432], [108.367, 14.19353], [108.36823, 14.18481], [108.36767, 14.18164], [108.37044, 14.17826], [108.36989, 14.17523], [108.3704, 14.17399], [108.37322, 14.17315], [108.37366, 14.17167], [108.37486, 14.1711], [108.37708, 14.17232], [108.37872, 14.17194], [108.37925, 14.16958], [108.38154, 14.1692], [108.38216, 14.16725], [108.37892, 14.16516], [108.38383, 14.16352], [108.38418, 14.16023], [108.3861, 14.15917], [108.38609, 14.15667], [108.38722, 14.15537], [108.3935, 14.1552], [108.39329, 14.15888], [108.39623, 14.16044], [108.39993, 14.16114], [108.40155, 14.16263], [108.40243, 14.16684], [108.40494, 14.16843], [108.4068, 14.16747], [108.40867, 14.16442], [108.41263, 14.16367], [108.41491, 14.16452], [108.41717, 14.16785], [108.41917, 14.16914], [108.42116, 14.16921], [108.42264, 14.16813], [108.42754, 14.16969], [108.43056, 14.16786], [108.43148, 14.16876], [108.43549, 14.16883], [108.43609, 14.17111], [108.439, 14.17461], [108.44262, 14.17739], [108.44311, 14.17977], [108.44607, 14.18319], [108.44749, 14.1865], [108.44743, 14.18768], [108.44443, 14.18806], [108.44019, 14.19566], [108.43976, 14.20018], [108.44037, 14.2013], [108.43782, 14.20769], [108.43953, 14.21238], [108.44111, 14.21322], [108.4432, 14.21253], [108.44568, 14.21347], [108.45015, 14.21233], [108.45184, 14.21281], [108.45433, 14.21176], [108.46804, 14.2175], [108.46879, 14.21844], [108.46836, 14.2212], [108.46988, 14.22348], [108.47374, 14.22653], [108.47525, 14.22951], [108.47825, 14.23189], [108.48408, 14.23331], [108.48341, 14.23636], [108.48789, 14.23772], [108.48819, 14.24131], [108.49305, 14.24269], [108.49282, 14.24414], [108.49396, 14.24671], [108.49606, 14.24582], [108.49623, 14.24226], [108.49847, 14.23935], [108.50548, 14.23484], [108.50806, 14.23686], [108.5088, 14.23582], [108.51133, 14.23607], [108.51069, 14.23708], [108.51143, 14.24084], [108.50934, 14.24511], [108.51228, 14.24554], [108.51235, 14.24389], [108.51382, 14.24279], [108.51557, 14.24512], [108.515, 14.24797], [108.51391, 14.24897], [108.51404, 14.25288], [108.51543, 14.25654], [108.51429, 14.26067], [108.51465, 14.26301], [108.512, 14.26407], [108.51167, 14.26505], [108.51297, 14.27312], [108.51303, 14.2756], [108.51224, 14.27679], [108.51404, 14.28281], [108.51212, 14.28578], [108.51178, 14.29283], [108.51242, 14.29821], [108.51924, 14.29853], [108.52215, 14.30104], [108.5269, 14.30123], [108.52793, 14.30386], [108.52905, 14.30471], [108.53243, 14.30366], [108.53328, 14.30545], [108.53278, 14.30703], [108.53485, 14.30648], [108.53613, 14.30759], [108.53706, 14.3071], [108.53645, 14.3136], [108.53516, 14.31475], [108.5387, 14.31566], [108.54076, 14.31736], [108.5394, 14.32035], [108.53968, 14.32194], [108.53686, 14.32445], [108.53654, 14.3268], [108.53339, 14.32649], [108.53304, 14.32768], [108.52871, 14.33075], [108.52781, 14.33284], [108.52812, 14.3365], [108.52538, 14.33837], [108.52354, 14.34102], [108.5201, 14.34284], [108.51555, 14.34115], [108.51536, 14.34326], [108.51315, 14.34457], [108.51102, 14.34462], [108.50946, 14.34371], [108.5097, 14.34607], [108.50848, 14.34782], [108.50356, 14.34885], [108.50255, 14.3518], [108.50141, 14.35218], [108.50056, 14.35579], [108.4981, 14.3604], [108.49872, 14.36534], [108.49647, 14.36719], [108.49425, 14.37152], [108.49298, 14.37078], [108.48958, 14.37088], [108.49181, 14.37397], [108.48638, 14.37638], [108.48128, 14.37584]]]}}, {"type": "Feature", "properties": {"other_info": "<div id=\"economy\"><span class=\"cms\">Kinh t\u1ebf: </span><p>Ph\u00e1t tri\u1ec3n kinh t\u1ebf n\u00f4ng th\u00f4n</p></div><div id=\"ethnicity\"><span class=\"cms\">D\u00e2n t\u1ed9c: </span><p>83.00%</p></div>", "dan_so": "17,666", "lanh_dao": "<p>+Ho\u00e0ng Th\u1ecb Lan Anh<br> B\u00ed th\u01b0 \u0110\u1ea3ng u\u1ef7 </p><p>Ch\u1ee7 t\u1ecbch H\u0110ND </p><p>0934902556</p><p>+L\u00ea L\u1ee3i<br> Ch\u1ee7 t\u1ecbch UBND </p><p>0982221489<br></p>", "sap_nhap": "\u0110\u00ea Ar, Kon Th\u1ee5p, L\u01a1 Pang", "dtich_km2": "316.16", "ma_xa": 114, "tru_so": "<p>L\u00e0ng Chuk, x\u00e3 L\u01a1 Pang</p>", "url": "https://baogialai.com.vn/dia-phuong/xa-lo-pang/114.html", "ten_xa": "X\u00e3 L\u01a1 Pang", "order": 100}, "geometry": {"type": "Polygon", "coordinates": [[[108.31213, 14.00402], [108.30819, 14.00639], [108.30629, 14.00587], [108.30439, 14.0007], [108.3044, 13.99847], [108.30215, 13.99539], [108.29811, 13.99414], [108.29551, 13.99242], [108.2924, 13.99452], [108.28949, 13.99458], [108.28691, 13.98904], [108.2885, 13.98224], [108.28804, 13.98119], [108.28597, 13.98184], [108.28487, 13.98547], [108.28288, 13.98674], [108.28051, 13.98531], [108.27867, 13.97954], [108.27721, 13.97994], [108.2765, 13.98321], [108.27457, 13.98524], [108.27169, 13.98411], [108.27216, 13.98171], [108.27153, 13.98049], [108.26732, 13.98219], [108.26682, 13.9796], [108.27007, 13.97677], [108.27123, 13.97349], [108.27097, 13.97136], [108.25916, 13.97102], [108.25727, 13.97026], [108.25491, 13.96669], [108.24956, 13.96376], [108.24928, 13.96188], [108.25069, 13.95721], [108.2497, 13.95403], [108.24889, 13.95377], [108.24636, 13.95529], [108.24296, 13.95856], [108.24104, 13.96167], [108.23966, 13.9619], [108.23911, 13.95796], [108.23568, 13.95474], [108.23552, 13.95014], [108.23471, 13.94833], [108.23142, 13.94706], [108.22834, 13.94461], [108.22483, 13.94605], [108.22298, 13.94564], [108.22325, 13.94344], [108.22656, 13.94233], [108.22992, 13.94233], [108.23424, 13.94394], [108.23545, 13.94357], [108.23582, 13.94253], [108.23508, 13.94139], [108.23157, 13.94025], [108.23076, 13.93907], [108.23285, 13.92977], [108.23253, 13.92809], [108.23135, 13.9277], [108.22779, 13.92905], [108.22578, 13.92738], [108.22627, 13.92207], [108.23069, 13.92008], [108.23111, 13.91853], [108.23042, 13.91759], [108.2269, 13.91774], [108.22366, 13.91671], [108.22239, 13.91432], [108.22377, 13.91275], [108.22789, 13.91253], [108.23197, 13.91759], [108.2341, 13.91786], [108.23606, 13.91696], [108.23721, 13.91515], [108.2372, 13.91342], [108.23227, 13.90722], [108.23485, 13.90502], [108.23702, 13.90524], [108.24359, 13.89858], [108.245, 13.89411], [108.24345, 13.89184], [108.23982, 13.8912], [108.23743, 13.88912], [108.236, 13.88941], [108.23323, 13.88829], [108.23296, 13.8838], [108.2309, 13.88125], [108.22862, 13.87512], [108.22563, 13.8708], [108.22329, 13.87004], [108.2185, 13.87002], [108.21899, 13.86873], [108.22395, 13.86688], [108.22487, 13.86517], [108.22389, 13.86355], [108.21888, 13.86029], [108.21608, 13.85506], [108.215, 13.85457], [108.21261, 13.85519], [108.21169, 13.85676], [108.20962, 13.85706], [108.20771, 13.85529], [108.20539, 13.85106], [108.19663, 13.84858], [108.19271, 13.84881], [108.19079, 13.85143], [108.18927, 13.85117], [108.18586, 13.84806], [108.18931, 13.84517], [108.18763, 13.8424], [108.18849, 13.84113], [108.18814, 13.83969], [108.18111, 13.84308], [108.17863, 13.84307], [108.17792, 13.84055], [108.17972, 13.83694], [108.17944, 13.83583], [108.1773, 13.83542], [108.17419, 13.8333], [108.17474, 13.82844], [108.17415, 13.82654], [108.16645, 13.81577], [108.16265, 13.81272], [108.16245, 13.81172], [108.16438, 13.80797], [108.16537, 13.80743], [108.16745, 13.80794], [108.16799, 13.80726], [108.16545, 13.80402], [108.16592, 13.80076], [108.16063, 13.789], [108.16186, 13.78737], [108.16625, 13.78566], [108.16893, 13.78701], [108.17331, 13.78611], [108.1762, 13.77998], [108.17588, 13.7785], [108.17374, 13.77757], [108.17102, 13.77739], [108.16967, 13.77864], [108.16793, 13.77772], [108.16516, 13.77217], [108.16956, 13.77007], [108.17193, 13.77048], [108.1751, 13.76976], [108.17619, 13.76825], [108.17683, 13.76461], [108.17389, 13.76155], [108.17339, 13.75777], [108.16897, 13.75625], [108.16931, 13.75437], [108.17168, 13.75228], [108.17508, 13.75049], [108.17707, 13.75079], [108.17757, 13.74999], [108.18083, 13.74931], [108.18354, 13.75044], [108.19014, 13.75021], [108.19972, 13.75622], [108.23506, 13.75833], [108.23827, 13.75789], [108.23921, 13.7607], [108.23794, 13.76176], [108.23808, 13.76265], [108.23957, 13.763], [108.24269, 13.76177], [108.24422, 13.762], [108.24459, 13.76282], [108.24369, 13.76517], [108.24632, 13.76827], [108.24639, 13.77065], [108.24457, 13.77247], [108.24735, 13.78062], [108.24802, 13.78493], [108.24528, 13.78582], [108.24703, 13.78738], [108.25049, 13.78866], [108.25331, 13.79131], [108.25348, 13.79248], [108.25132, 13.79495], [108.25092, 13.79679], [108.25494, 13.79501], [108.25595, 13.79734], [108.2582, 13.79858], [108.25943, 13.8006], [108.25824, 13.80256], [108.26112, 13.80324], [108.26196, 13.80459], [108.259, 13.80494], [108.25669, 13.80335], [108.25515, 13.80565], [108.25511, 13.80728], [108.25201, 13.80815], [108.25366, 13.81024], [108.2528, 13.81372], [108.25604, 13.81487], [108.2563, 13.81583], [108.25606, 13.81658], [108.25432, 13.81703], [108.25519, 13.82031], [108.25413, 13.82253], [108.25861, 13.82857], [108.25841, 13.83165], [108.25694, 13.83424], [108.25738, 13.83602], [108.2603, 13.83565], [108.26149, 13.83357], [108.26089, 13.8328], [108.26182, 13.83246], [108.2615, 13.83155], [108.26331, 13.8318], [108.26423, 13.83071], [108.26602, 13.83112], [108.26644, 13.83373], [108.26839, 13.83339], [108.2691, 13.83157], [108.27158, 13.83105], [108.27292, 13.82963], [108.28009, 13.83182], [108.28163, 13.83381], [108.28448, 13.83347], [108.28602, 13.83217], [108.28936, 13.83137], [108.29249, 13.83294], [108.29368, 13.83651], [108.29447, 13.83609], [108.29605, 13.83676], [108.29797, 13.83556], [108.30028, 13.83256], [108.30048, 13.83333], [108.30322, 13.83428], [108.30531, 13.83762], [108.3091, 13.83974], [108.31121, 13.84642], [108.31262, 13.84822], [108.31691, 13.85041], [108.31748, 13.85177], [108.32087, 13.85453], [108.32312, 13.8547], [108.32394, 13.85838], [108.3265, 13.85934], [108.32588, 13.86269], [108.33395, 13.86433], [108.33728, 13.8625], [108.34859, 13.86215], [108.351, 13.86364], [108.35297, 13.86313], [108.35736, 13.86486], [108.35996, 13.86331], [108.36196, 13.86335], [108.36365, 13.86422], [108.36619, 13.86861], [108.36913, 13.87042], [108.36935, 13.87156], [108.36747, 13.87239], [108.36926, 13.87542], [108.36942, 13.87727], [108.36643, 13.88631], [108.36779, 13.88885], [108.36611, 13.89339], [108.36682, 13.89519], [108.36558, 13.89737], [108.36721, 13.89937], [108.37048, 13.9007], [108.37177, 13.90487], [108.37282, 13.90562], [108.37254, 13.90812], [108.3736, 13.9089], [108.37466, 13.91506], [108.37446, 13.91862], [108.37672, 13.92129], [108.37597, 13.92474], [108.37645, 13.92684], [108.37817, 13.92612], [108.38049, 13.92768], [108.38188, 13.93125], [108.38361, 13.93311], [108.3796, 13.94736], [108.37487, 13.95607], [108.37378, 13.96056], [108.3719, 13.96154], [108.37111, 13.9631], [108.37141, 13.96625], [108.37266, 13.96857], [108.37203, 13.97084], [108.36819, 13.97272], [108.36897, 13.97397], [108.36658, 13.97815], [108.36762, 13.982], [108.36905, 13.98244], [108.36906, 13.98444], [108.37109, 13.98904], [108.36971, 13.99054], [108.36799, 13.99056], [108.36184, 13.98498], [108.35762, 13.98415], [108.35582, 13.98263], [108.35293, 13.9776], [108.34543, 13.97596], [108.34422, 13.97459], [108.34155, 13.97546], [108.34115, 13.97635], [108.33877, 13.97667], [108.3373, 13.97884], [108.33627, 13.97859], [108.33531, 13.97696], [108.33124, 13.97564], [108.32855, 13.97882], [108.32814, 13.98081], [108.32524, 13.98248], [108.3233, 13.98926], [108.32165, 13.99231], [108.31619, 13.99734], [108.31668, 13.99806], [108.3147, 13.99978], [108.31213, 14.00402]]]}}, {"type": "Feature", "properties": {"other_info": "<div id=\"economy\"><span class=\"cms\">Kinh t\u1ebf: </span><p>Ph\u00e1t tri\u1ec3n kinh t\u1ebf n\u00f4ng th\u00f4n</p></div><div id=\"ethnicity\"><span class=\"cms\">D\u00e2n t\u1ed9c: </span><p>30.00%</p></div>", "dan_so": "30,302", "lanh_dao": "<p>+L\u00ea Tr\u1ecdng<br> B\u00ed th\u01b0 \u0110\u1ea3ng u\u1ef7 </p><p>Ch\u1ee7 t\u1ecbch H\u0110ND </p><p>0963043579</p><p>+V\u00f5 L\u00ea Xu\u00e2n Thi\u1ec7n<br> Ch\u1ee7 t\u1ecbch UBND </p><p>0982346777</p>", "sap_nhap": "th\u1ecb tr\u1ea5n Kong D\u01a1ng, X\u00e3 \u0110\u0103k Y\u0103, \u0110\u0103k Dj\u0103ng, H\u1ea3i Yang", "dtich_km2": "173.59 ", "ma_xa": 115, "tru_so": "<p>S\u1ed1 31 \u0111\u01b0\u1eddng Tr\u1ea7n Ph\u00fa, x\u00e3 Mang Yang</p>", "url": "https://baogialai.com.vn/dia-phuong/xa-mang-yang/115.html", "ten_xa": "X\u00e3 Mang Yang", "order": 100}, "geometry": {"type": "Polygon", "coordinates": [[[108.18696, 14.15976], [108.18525, 14.15986], [108.18144, 14.1572], [108.1805, 14.15821], [108.17892, 14.15773], [108.17673, 14.15887], [108.1734, 14.15795], [108.16889, 14.15831], [108.16745, 14.15564], [108.16824, 14.15474], [108.16581, 14.15053], [108.16629, 14.14984], [108.16914, 14.1495], [108.17015, 14.14477], [108.17119, 14.14405], [108.16925, 14.14282], [108.16663, 14.14271], [108.16616, 14.14089], [108.16679, 14.13746], [108.16978, 14.13186], [108.17236, 14.12958], [108.17355, 14.12448], [108.18011, 14.1257], [108.18157, 14.1217], [108.18703, 14.11959], [108.18724, 14.11747], [108.19237, 14.11615], [108.19119, 14.11296], [108.1923, 14.10945], [108.19091, 14.10521], [108.19126, 14.10293], [108.1893, 14.10095], [108.19146, 14.09568], [108.19436, 14.09149], [108.1957, 14.08985], [108.19638, 14.09025], [108.19867, 14.08831], [108.199, 14.08699], [108.20086, 14.08663], [108.2011, 14.08374], [108.2034, 14.08251], [108.20349, 14.07874], [108.20443, 14.07661], [108.2063, 14.07501], [108.20446, 14.07319], [108.20938, 14.07345], [108.21245, 14.07506], [108.21484, 14.07464], [108.21607, 14.07351], [108.21523, 14.06539], [108.21262, 14.06308], [108.21273, 14.05909], [108.21034, 14.05576], [108.21106, 14.05515], [108.21064, 14.0536], [108.2123, 14.0495], [108.21306, 14.04308], [108.21476, 14.04061], [108.21373, 14.03663], [108.21448, 14.03624], [108.21239, 14.03342], [108.2121, 14.02999], [108.21277, 14.02817], [108.21463, 14.02819], [108.21587, 14.02717], [108.21638, 14.02314], [108.21776, 14.02373], [108.21917, 14.02025], [108.22047, 14.02097], [108.22097, 14.01938], [108.22192, 14.01947], [108.2225, 14.01691], [108.224, 14.01738], [108.2243, 14.01546], [108.22499, 14.0154], [108.22498, 14.0145], [108.21972, 14.01286], [108.22022, 14.01108], [108.21878, 14.00367], [108.22182, 14.00034], [108.22337, 13.99731], [108.22358, 13.99193], [108.22466, 13.99059], [108.22507, 13.98642], [108.22698, 13.98322], [108.22546, 13.97435], [108.22612, 13.97123], [108.22825, 13.97042], [108.22844, 13.96907], [108.23103, 13.96831], [108.23172, 13.96694], [108.23308, 13.96639], [108.23241, 13.96451], [108.23351, 13.96379], [108.23439, 13.96159], [108.23311, 13.96118], [108.23404, 13.95902], [108.23287, 13.95682], [108.22602, 13.95897], [108.22503, 13.95756], [108.22689, 13.95492], [108.22702, 13.94944], [108.228, 13.94863], [108.22781, 13.94586], [108.22674, 13.94518], [108.22834, 13.94461], [108.23506, 13.94875], [108.23568, 13.95474], [108.23944, 13.95856], [108.2396, 13.96188], [108.24104, 13.96167], [108.2462, 13.95542], [108.24937, 13.95384], [108.25069, 13.95705], [108.24928, 13.96188], [108.24956, 13.96376], [108.25491, 13.96669], [108.25727, 13.97026], [108.25942, 13.97104], [108.2709, 13.97127], [108.27123, 13.97349], [108.27019, 13.97653], [108.26682, 13.9796], [108.26741, 13.98226], [108.27153, 13.98049], [108.27216, 13.98171], [108.27169, 13.98411], [108.27457, 13.98524], [108.2765, 13.98321], [108.27721, 13.97994], [108.27867, 13.97954], [108.28051, 13.98531], [108.28288, 13.98674], [108.28487, 13.98547], [108.28597, 13.98184], [108.28804, 13.98119], [108.2885, 13.98224], [108.28691, 13.98904], [108.28949, 13.99458], [108.2924, 13.99452], [108.29551, 13.99242], [108.29811, 13.99414], [108.30215, 13.99539], [108.3044, 13.99847], [108.30439, 14.0007], [108.30629, 14.00587], [108.30819, 14.00639], [108.31235, 14.00404], [108.31389, 14.00772], [108.31561, 14.00949], [108.31542, 14.02074], [108.31687, 14.02696], [108.31869, 14.02825], [108.31979, 14.03032], [108.32032, 14.03502], [108.3155, 14.0447], [108.3127, 14.04673], [108.31113, 14.05045], [108.30706, 14.05387], [108.30689, 14.05524], [108.30557, 14.05579], [108.30177, 14.05512], [108.29913, 14.05585], [108.29475, 14.05519], [108.28655, 14.06082], [108.28291, 14.06106], [108.28205, 14.06555], [108.2747, 14.06827], [108.27144, 14.07211], [108.26259, 14.07525], [108.26251, 14.07811], [108.26015, 14.08025], [108.25931, 14.08295], [108.25575, 14.08643], [108.25456, 14.08672], [108.25356, 14.08855], [108.25416, 14.09262], [108.25544, 14.09503], [108.26087, 14.09896], [108.26121, 14.10147], [108.2628, 14.10394], [108.26196, 14.1101], [108.25844, 14.11562], [108.25699, 14.11635], [108.25932, 14.117], [108.26139, 14.11924], [108.26447, 14.11802], [108.26527, 14.11847], [108.26453, 14.12083], [108.26519, 14.12296], [108.26476, 14.12453], [108.26411, 14.12554], [108.26267, 14.12571], [108.26156, 14.12751], [108.26295, 14.12936], [108.26091, 14.13058], [108.26236, 14.1312], [108.26189, 14.1316], [108.26313, 14.13342], [108.26277, 14.13474], [108.26385, 14.13449], [108.26268, 14.13683], [108.26077, 14.13718], [108.2612, 14.14071], [108.26319, 14.1449], [108.26212, 14.1465], [108.25655, 14.1512], [108.24984, 14.14954], [108.2489, 14.15029], [108.24654, 14.14928], [108.24623, 14.14725], [108.24418, 14.14622], [108.2433, 14.1429], [108.24127, 14.14196], [108.23969, 14.13947], [108.2368, 14.13796], [108.2336, 14.13748], [108.22881, 14.13432], [108.21825, 14.14381], [108.21266, 14.15717], [108.20172, 14.15667], [108.20125, 14.1578], [108.19951, 14.15749], [108.19804, 14.15594], [108.19649, 14.15599], [108.19363, 14.15768], [108.19041, 14.15667], [108.18696, 14.15976]]]}}, {"type": "Feature", "properties": {"other_info": "<div id=\"other-info-content\"><span class=\"cms\">Th\u00f4ng tin kh\u00e1c: </span><p>Ph\u00e1t tri\u1ec3n kinh t\u1ebf n\u00f4ng th\u00f4n</p></div>", "dan_so": "25651", "lanh_dao": "<p>-Ph\u1ea1m Ng\u1ecdc Th\u00e1i, B\u00ed th\u01b0 \u0110\u1ea3ng u\u1ef7 Ch\u1ee7 t\u1ecbch H\u0110ND 0913413194</p><p>-Nguy\u1ec5n V\u0103n L\u00ea, Ch\u1ee7 t\u1ecbch UBND 0978042712</p>", "sap_nhap": "C\u00e1t H\u01b0ng, C\u00e1t Th\u1eafng, C\u00e1t Ch\u00e1nh", "dtich_km2": "61.42", "ma_xa": 116, "tru_so": "<p>-\u0110\u1ea3ng \u1ee7y:Th\u00f4n M\u1ef9 Long, x\u00e3 Ng\u00f4 M\u00e2y (Tr\u1ee5 s\u1edf x\u00e3 C\u00e1t H\u01b0ng tr\u01b0\u1edbc \u0111\u00e2y)<br>-H\u0110ND-UBND-Trung t\u00e2m PVHCC: Th\u00f4n V\u0129nh Ph\u00fa, x\u00e3 Ng\u00f4 M\u00e2y (Tr\u1ee5 s\u1edf x\u00e3 C\u00e1t Ch\u00e1nh tr\u01b0\u1edbc \u0111\u00e2y)</p><p>-MTTQ: Th\u00f4n M\u1ef9 Long, x\u00e3 Ng\u00f4 M\u00e2y (Tr\u1ee5 s\u1edf x\u00e3 C\u00e1t H\u01b0ng tr\u01b0\u1edbc \u0111\u00e2y)<br> <br><br></p>", "url": "https://baogialai.com.vn/dia-phuong/xa-ngo-may/116.html", "ten_xa": "X\u00e3 Ng\u00f4 M\u00e2y", "order": 100}, "geometry": {"type": "Polygon", "coordinates": [[[109.25005, 13.92697], [109.23453, 13.92748], [109.23366, 13.93036], [109.23158, 13.93261], [109.22056, 13.93441], [109.21761, 13.93185], [109.21661, 13.93362], [109.21468, 13.9348], [109.21369, 13.93842], [109.21148, 13.94072], [109.20758, 13.94283], [109.19915, 13.94418], [109.19739, 13.94604], [109.19304, 13.94723], [109.19434, 13.95209], [109.19325, 13.95798], [109.19542, 13.95737], [109.20078, 13.96439], [109.20256, 13.9651], [109.20439, 13.96354], [109.206, 13.96354], [109.21238, 13.96467], [109.21489, 13.96358], [109.21864, 13.96572], [109.21769, 13.96802], [109.21915, 13.96919], [109.21804, 13.97215], [109.21958, 13.97274], [109.21809, 13.97646], [109.21791, 13.98082], [109.22081, 13.98533], [109.22013, 13.98741], [109.22179, 13.9894], [109.22226, 13.99262], [109.22125, 13.99407], [109.22205, 13.99828], [109.22016, 13.99998], [109.21738, 13.99962], [109.21414, 14.00938], [109.20967, 14.01329], [109.20914, 14.01582], [109.20665, 14.01722], [109.20626, 14.02455], [109.20509, 14.02399], [109.20516, 14.02569], [109.20327, 14.02837], [109.19802, 14.03122], [109.19554, 14.03606], [109.19434, 14.0361], [109.19325, 14.03439], [109.18995, 14.03456], [109.18452, 14.03308], [109.18121, 14.03377], [109.18129, 14.03286], [109.17897, 14.0306], [109.17362, 14.03072], [109.17143, 14.03202], [109.17056, 14.02874], [109.17223, 14.02385], [109.17134, 14.02271], [109.17106, 14.01543], [109.16935, 14.01504], [109.1687, 14.01365], [109.16479, 14.01098], [109.16405, 14.00906], [109.16491, 14.0076], [109.16241, 14.00502], [109.16123, 14.00222], [109.15714, 13.99847], [109.15755, 13.99426], [109.15998, 13.99504], [109.15969, 13.99382], [109.16035, 13.99301], [109.16181, 13.99301], [109.1639, 13.99089], [109.16692, 13.99033], [109.16739, 13.98912], [109.16313, 13.98061], [109.1642, 13.97761], [109.16561, 13.96526], [109.16705, 13.96561], [109.16716, 13.96461], [109.16545, 13.96252], [109.16266, 13.96128], [109.16626, 13.95775], [109.16644, 13.95327], [109.16384, 13.95293], [109.1635, 13.95201], [109.16536, 13.94979], [109.16641, 13.95051], [109.16838, 13.94982], [109.17092, 13.94586], [109.172, 13.94572], [109.1716, 13.94645], [109.17294, 13.94648], [109.17419, 13.94809], [109.17505, 13.94757], [109.17657, 13.94288], [109.17852, 13.94184], [109.17732, 13.94064], [109.17693, 13.93762], [109.17873, 13.93764], [109.18721, 13.93345], [109.19571, 13.93051], [109.19654, 13.92629], [109.19739, 13.9264], [109.19847, 13.92488], [109.19998, 13.92511], [109.20044, 13.92592], [109.20139, 13.92506], [109.20386, 13.92562], [109.20488, 13.92475], [109.20517, 13.92308], [109.20656, 13.92324], [109.20708, 13.92204], [109.20852, 13.92183], [109.20883, 13.92081], [109.21058, 13.9199], [109.21263, 13.92062], [109.2116, 13.92259], [109.21233, 13.92396], [109.21631, 13.92314], [109.21921, 13.92578], [109.22014, 13.92561], [109.22006, 13.92725], [109.22096, 13.92754], [109.22184, 13.92428], [109.22262, 13.92435], [109.2224, 13.92731], [109.2265, 13.92768], [109.22624, 13.92634], [109.23077, 13.92412], [109.23054, 13.92306], [109.23272, 13.92274], [109.23308, 13.9205], [109.23553, 13.91879], [109.23183, 13.91249], [109.23296, 13.91201], [109.23378, 13.91301], [109.23486, 13.91203], [109.23815, 13.90713], [109.23853, 13.90487], [109.24007, 13.9057], [109.24521, 13.90499], [109.24683, 13.90365], [109.2594, 13.9009], [109.25965, 13.90162], [109.2664, 13.90127], [109.25909, 13.91128], [109.25005, 13.92697]]]}}, {"type": "Feature", "properties": {"other_info": "<div id=\"other-info-content\"><span class=\"cms\">Th\u00f4ng tin kh\u00e1c: </span><p>x\u00e3 Nh\u01a1n Ch\u00e2u, c\u00e1ch \u0111\u1ea5t li\u1ec1n Quy Nh\u01a1n 24 km, l\u00e0 x\u00e3 \u0111\u1ea3o, th\u1ebf m\u1ea1nh c\u1ee7a x\u00e3 ch\u1ee7 y\u1ebfu l\u00e0 khai th\u00e1c, nu\u00f4i tr\u1ed3ng v\u00e0 ch\u1ebf bi\u1ebfn h\u1ea3i s\u1ea3n, chi\u1ebfm 65% d\u00e2n s\u1ed1 to\u00e0n x\u00e3, ti\u1ec1m n\u0103ng ph\u00e1t tri\u1ec3n c\u1ee7a x\u00e3 trong th\u1eddi gian t\u1edbi t\u1eadp trung v\u00e0o \u0111\u1ea7u t\u01b0 ph\u00e1t tri\u1ec3n c\u00e1c d\u1ecbch v\u1ee5 du l\u1ecbch, du l\u1ecbch sinh th\u00e1i bi\u1ec3n, k\u1ebft h\u1ee3p v\u1edbi du l\u1ecbch c\u1ed9ng \u0111\u1ed3ng.</p></div>", "dan_so": "2350", "lanh_dao": "<p>-Nguy\u1ec5n Ti\u1ebfn D\u0169ng, B\u00ed th\u01b0 \u0110\u1ea3ng u\u1ef7 Ch\u1ee7 t\u1ecbch H\u0110ND 0986106629</p><p>-D\u01b0\u01a1ng Hi\u1ec7p H\u01b0ng, Ch\u1ee7 t\u1ecbch UBND 0708077929</p>", "sap_nhap": "Nh\u01a1n Ch\u00e2u", "dtich_km2": "3.62", "ma_xa": 117, "tru_so": "<p>\u0110\u1ea3ng \u1ee7y-H\u0110ND-UBND-MTTQ-Trung t\u00e2m PVHCC: UBND x\u00e3 Nh\u01a1n Ch\u00e2u c\u0169 (Th\u00f4n T\u00e2y, x\u00e3 Nh\u01a1n Ch\u00e2u)</p>", "url": "https://baogialai.com.vn/dia-phuong/xa-nhon-chau/117.html", "ten_xa": "X\u00e3 Nh\u01a1n Ch\u00e2u", "order": 100}, "geometry": {"type": "Polygon", "coordinates": [[[109.34402, 13.63469], [109.34274, 13.63442], [109.3411, 13.6353], [109.33987, 13.63433], [109.3392, 13.63498], [109.33799, 13.63434], [109.33788, 13.6322], [109.33887, 13.6298], [109.33758, 13.62708], [109.34046, 13.62225], [109.34071, 13.62034], [109.345, 13.61581], [109.34763, 13.61166], [109.35165, 13.61027], [109.35348, 13.61199], [109.35571, 13.61189], [109.36164, 13.60472], [109.36345, 13.60938], [109.36206, 13.61308], [109.35888, 13.61579], [109.35575, 13.62038], [109.35331, 13.62065], [109.35176, 13.6195], [109.34999, 13.62495], [109.34598, 13.63126], [109.34616, 13.63262], [109.34402, 13.63469]]]}}, {"type": "Feature", "properties": {"other_info": "<div id=\"other-info-content\"><span class=\"cms\">Th\u00f4ng tin kh\u00e1c: </span><p>Ph\u00e1t tri\u1ec3n kinh t\u1ebf \u0111\u00f4 th\u1ecb</p></div>", "dan_so": "51436", "lanh_dao": "<p>-Nguy\u1ec5n Th\u1ecb Tuy\u1ebft, B\u00ed th\u01b0 \u0110\u1ea3ng u\u1ef7 Ch\u1ee7 t\u1ecbch H\u0110ND 0976147078</p><p>-B\u00f9i Qu\u1ed1c Ngh\u1ecb, Ch\u1ee7 t\u1ecbch UBND 0914070219</p>", "sap_nhap": "Ng\u00f4 M\u00e2y (th\u1ecb tr\u1ea5n), C\u00e1t Trinh, C\u00e1t T\u00e2n", "dtich_km2": "83.96", "ma_xa": 118, "tru_so": "<p>-\u0110\u1ea3ng \u1ee7y-H\u0110ND-UBND-MTTQ: S\u1ed1 141 Quang Trung, x\u00e3 Ph\u00f9 C\u00e1t (Tr\u1ee5 s\u1edf UBND huy\u1ec7n Ph\u00f9 C\u00e1t tr\u01b0\u1edbc \u0111\u00e2y)<br>-Trung t\u00e2m PVHCC: \u0110\u01b0\u1eddng \u0110\u00e0o T\u1ea5n, x\u00e3 Ph\u00f9 C\u00e1t (Tr\u1ee5 s\u1edf B\u1ed9 ph\u1eadn ti\u1ebfp nh\u1eadn v\u00e0 tr\u1ea3 k\u1ebft qu\u1ea3 huy\u1ec7n Ph\u00f9 C\u00e1t tr\u01b0\u1edbc \u0111\u00e2y)</p>", "url": "https://baogialai.com.vn/dia-phuong/xa-phu-cat/118.html", "ten_xa": "X\u00e3 Ph\u00f9 C\u00e1t", "order": 100}, "geometry": {"type": "Polygon", "coordinates": [[[109.10776, 14.06207], [109.10373, 14.06355], [109.10272, 14.06187], [109.09472, 14.05654], [109.0893, 14.05704], [109.08937, 14.05183], [109.09066, 14.05033], [109.08862, 14.04697], [109.08877, 14.04513], [109.08677, 14.04281], [109.08209, 14.04207], [109.07852, 14.04256], [109.07472, 14.04046], [109.07221, 14.03747], [109.06713, 14.03596], [109.0663, 14.03346], [109.06337, 14.03256], [109.06196, 14.02986], [109.05632, 14.02986], [109.05661, 14.02804], [109.05279, 14.02792], [109.04684, 14.02622], [109.04367, 14.02632], [109.04367, 14.0254], [109.04176, 14.02605], [109.03877, 14.021], [109.03955, 14.02012], [109.03753, 14.01596], [109.03589, 14.01344], [109.03511, 14.01371], [109.03473, 14.0122], [109.03651, 14.00914], [109.03978, 14.00755], [109.03814, 14.00342], [109.034, 14.00555], [109.03134, 14.00574], [109.03004, 14.00369], [109.02861, 14.00296], [109.02671, 14.00355], [109.02542, 13.99858], [109.02936, 13.99763], [109.02946, 13.9947], [109.02843, 13.9933], [109.02765, 13.99341], [109.02651, 13.9897], [109.02551, 13.9902], [109.02326, 13.98927], [109.023, 13.98721], [109.02408, 13.98532], [109.0218, 13.98403], [109.02157, 13.98263], [109.02308, 13.97842], [109.01943, 13.9764], [109.01891, 13.97568], [109.01966, 13.97403], [109.01444, 13.97001], [109.01438, 13.96803], [109.01594, 13.96646], [109.01789, 13.96632], [109.0186, 13.96316], [109.02043, 13.96105], [109.02137, 13.96306], [109.0282, 13.96229], [109.03154, 13.96101], [109.03277, 13.95859], [109.03566, 13.95709], [109.03925, 13.95776], [109.05101, 13.94016], [109.0513, 13.93821], [109.0523, 13.93818], [109.05346, 13.93973], [109.05724, 13.93977], [109.05819, 13.94046], [109.05934, 13.94218], [109.05893, 13.94414], [109.05949, 13.94517], [109.06075, 13.94494], [109.06158, 13.94689], [109.06432, 13.94689], [109.06435, 13.94568], [109.06666, 13.94521], [109.06791, 13.94607], [109.06893, 13.94314], [109.07424, 13.94411], [109.07218, 13.94879], [109.07109, 13.94871], [109.07065, 13.9509], [109.06934, 13.9508], [109.06846, 13.95195], [109.07176, 13.95359], [109.0725, 13.95495], [109.07306, 13.95361], [109.07443, 13.95417], [109.07466, 13.95324], [109.07727, 13.95278], [109.07757, 13.95198], [109.07824, 13.95213], [109.07838, 13.95341], [109.08198, 13.9528], [109.08361, 13.95487], [109.08548, 13.95899], [109.08478, 13.96009], [109.08133, 13.96001], [109.08362, 13.96644], [109.08353, 13.96804], [109.08256, 13.96864], [109.08405, 13.97124], [109.08382, 13.9739], [109.08808, 13.98066], [109.08439, 13.98412], [109.08466, 13.98493], [109.08243, 13.98597], [109.08329, 13.98696], [109.08294, 13.98802], [109.08529, 13.99142], [109.08967, 13.99207], [109.09069, 13.98969], [109.09121, 13.98989], [109.09267, 13.99229], [109.09562, 13.99441], [109.09775, 13.9949], [109.09941, 13.99928], [109.10085, 14.00073], [109.10473, 14.00176], [109.11127, 14.00781], [109.11666, 14.01018], [109.11799, 14.01145], [109.11963, 14.01531], [109.12113, 14.0156], [109.12541, 14.01439], [109.13209, 14.01709], [109.13136, 14.01974], [109.13422, 14.02192], [109.13494, 14.02382], [109.13682, 14.02512], [109.13923, 14.02879], [109.13393, 14.03479], [109.1337, 14.03591], [109.13582, 14.03882], [109.13524, 14.04278], [109.13867, 14.04454], [109.13834, 14.04503], [109.12831, 14.04453], [109.12435, 14.04353], [109.12375, 14.04276], [109.11653, 14.04592], [109.11553, 14.04708], [109.11541, 14.04966], [109.11958, 14.05201], [109.12077, 14.05448], [109.1188, 14.05632], [109.11142, 14.05878], [109.10995, 14.05853], [109.10926, 14.06096], [109.10776, 14.06207]]]}}, {"type": "Feature", "properties": {"other_info": "<div id=\"other-info-content\"><span class=\"cms\">Th\u00f4ng tin kh\u00e1c: </span><p>Ti\u1ec1m n\u0103ng, th\u1ebf m\u1ea1nh<br> X\u00e3 Ph\u00f9 M\u1ef9 \u0111\u01b0\u1ee3c th\u00e0nh l\u1eadp tr\u00ean c\u01a1 s\u1edf s\u1eafp x\u1ebfp to\u00e0n b\u1ed9 di\u1ec7n t\u00edch t\u1ef1 nhi\u00ean, quy m\u00f4 d\u00e2n s\u1ed1 c\u1ee7a 3 x\u00e3, th\u1ecb tr\u1ea5n g\u1ed3m: Th\u1ecb tr\u1ea5n Ph\u00f9 M\u1ef9, x\u00e3 M\u1ef9 Quang v\u00e0 x\u00e3 M\u1ef9 Ch\u00e1nh T\u00e2y thu\u1ed9c huy\u1ec7n Ph\u00f9 M\u1ef9 (c\u0169). X\u00e3 c\u00f3 t\u1ed5ng di\u1ec7n t\u00edch t\u1ef1 nhi\u00ean 54,47 km2, quy m\u00f4 d\u00e2n s\u1ed1 to\u00e0n x\u00e3 l\u00e0 28.392 ng\u01b0\u1eddi v\u1edbi 6.706 h\u1ed9 d\u00e2n, to\u00e0n x\u00e3 sau s\u00e1p nh\u1eadp c\u00f3 20 th\u00f4n. - L\u00e0 v\u00f9ng ph\u00e1t tri\u1ec3n n\u00f4ng nghi\u1ec7p \u1ee9ng d\u1ee5ng c\u00f4ng ngh\u1ec7 cao, du l\u1ecbch sinh th\u00e1i v\u00e0 c\u00f4ng nghi\u1ec7p ph\u1ee5 tr\u1ee3; c\u00f3 tuy\u1ebfn Qu\u1ed1c l\u1ed9 1, \u0111\u01b0\u1eddng cao t\u1ed1c B\u1eafc \u2013 Nam k\u1ebft n\u1ed1i v\u00e0 trung t\u00e2m c\u00f4ng nghi\u1ec7p, c\u1ee5m c\u00f4ng nghi\u1ec7p Di\u00eam Ti\u00eau. - Quy ho\u1ea1ch ph\u00e1t tri\u1ec3n c\u1ee5m c\u00f4ng nghi\u1ec7p T\u00e2n T\u01b0\u1eddng An, c\u1ee5m c\u00f4ng nghi\u1ec7p Trung Hi\u1ec7p, h\u00ecnh th\u00e0nh khu v\u1ef1c ph\u00e1t tri\u1ec3n n\u00f4ng nghi\u1ec7p \u1ee9ng d\u1ee5ng c\u00f4ng ngh\u1ec7 cao \u1edf ph\u00eda \u0110\u00f4ng. - C\u00f3 c\u00e1c C\u1ee5m c\u00f4ng nghi\u1ec7p Di\u00eam Ti\u00eau (ng\u00e0nh ngh\u1ec1 thu h\u00fat: S\u1ea3n xu\u1ea5t v\u1eadt li\u1ec7u x\u00e2y d\u1ef1ng, ch\u1ebf bi\u1ebfn n\u00f4ng - l\u00e2m s\u1ea3n, d\u1ec7t may v\u00e0 c\u00e1c ng\u00e0nh c\u00f4ng nghi\u1ec7p s\u1ea1ch kh\u00e1c); C\u1ee5m c\u00f4ng nghi\u1ec7p Trung Th\u00e0nh, t\u1ea1o gi\u00e1 tr\u1ecb s\u1ea3n xu\u1ea5t c\u00f4ng nghi\u1ec7p l\u1edbn, g\u00f3p ph\u1ea7n gi\u1ea3i quy\u1ebft vi\u1ec7c l\u00e0m cho lao \u0111\u1ed9ng \u0111\u1ecba ph\u01b0\u01a1ng.</p></div>", "dan_so": "28496", "lanh_dao": "", "sap_nhap": "Ph\u00f9 M\u1ef9 (th\u1ecb tr\u1ea5n), M\u1ef9 Quang, M\u1ef9 Ch\u00e1nh T\u00e2y", "dtich_km2": "54.47", "ma_xa": 119, "tru_so": "<p>-\u0110\u1ea3ng \u1ee7y: S\u1ed1 07 \u0111\u01b0\u1eddng 02 th\u00e1ng 9, x\u00e3 Ph\u00f9 M\u1ef9 (Tr\u1ee5 s\u1edf Huy\u1ec7n \u1ee7y Ph\u00f9 M\u1ef9 tr\u01b0\u1edbc \u0111\u00e2y)<br>-H\u0110ND-UBND: S\u1ed1 09 \u0111\u01b0\u1eddng 02 th\u00e1ng 9, x\u00e3 Ph\u00f9 M\u1ef9 (Tr\u1ee5 s\u1edf H\u0110ND &amp; UBND huy\u1ec7n Ph\u00f9 M\u1ef9 tr\u01b0\u1edbc \u0111\u00e2y)<br>-MTTQ: S\u1ed1 58 \u0111\u01b0\u1eddng Thanh Ni\u00ean, x\u00e3 Ph\u00f9 M\u1ef9<br>-Trung t\u00e2m PVHCC: S\u1ed1 07 \u0111\u01b0\u1eddng Nguy\u1ec5n V\u0103n Tr\u1ed7i, x\u00e3 Ph\u00f9 M\u1ef9</p>", "url": "https://baogialai.com.vn/dia-phuong/xa-phu-my/119.html", "ten_xa": "X\u00e3 Ph\u00f9 M\u1ef9", "order": 100}, "geometry": {"type": "Polygon", "coordinates": [[[109.11461, 14.21246], [109.1142, 14.21372], [109.11083, 14.21296], [109.10887, 14.21081], [109.10363, 14.20905], [109.1028, 14.21], [109.09839, 14.21039], [109.09605, 14.20872], [109.08898, 14.21246], [109.08891, 14.21114], [109.08737, 14.21055], [109.08584, 14.20773], [109.07865, 14.20756], [109.07554, 14.20621], [109.0713, 14.20968], [109.06448, 14.21189], [109.06522, 14.21395], [109.06221, 14.21212], [109.057, 14.21109], [109.05566, 14.20942], [109.05644, 14.20464], [109.0538, 14.20251], [109.0528, 14.20014], [109.05196, 14.19696], [109.05288, 14.19569], [109.05174, 14.19451], [109.05161, 14.192], [109.04978, 14.19204], [109.04847, 14.19117], [109.0473, 14.19237], [109.04521, 14.19258], [109.04473, 14.19199], [109.04305, 14.19286], [109.04011, 14.1917], [109.03917, 14.15294], [109.04589, 14.15221], [109.04742, 14.15526], [109.04937, 14.15539], [109.05233, 14.15429], [109.0537, 14.15235], [109.05362, 14.15039], [109.05536, 14.14861], [109.05523, 14.14774], [109.05376, 14.14834], [109.05294, 14.1464], [109.05848, 14.14247], [109.05976, 14.14475], [109.06084, 14.14356], [109.06519, 14.1419], [109.07118, 14.13731], [109.07081, 14.14046], [109.07193, 14.14376], [109.0719, 14.14646], [109.07324, 14.14858], [109.07374, 14.15336], [109.07525, 14.15543], [109.07574, 14.15842], [109.07821, 14.16211], [109.08143, 14.16193], [109.08479, 14.16642], [109.087, 14.16495], [109.08562, 14.1628], [109.08577, 14.16168], [109.08764, 14.16101], [109.0886, 14.15847], [109.09011, 14.15745], [109.0901, 14.15485], [109.09212, 14.15452], [109.0931, 14.15332], [109.09434, 14.15352], [109.09447, 14.15265], [109.09571, 14.1519], [109.09696, 14.15228], [109.0974, 14.1515], [109.10145, 14.15411], [109.10268, 14.15199], [109.10409, 14.15222], [109.10512, 14.15103], [109.10866, 14.14968], [109.10957, 14.14791], [109.11017, 14.15177], [109.10765, 14.15398], [109.10734, 14.15565], [109.11187, 14.15841], [109.11425, 14.16439], [109.11531, 14.16431], [109.11491, 14.16857], [109.11758, 14.16866], [109.11653, 14.16633], [109.11787, 14.16516], [109.11844, 14.16786], [109.12244, 14.16597], [109.12318, 14.16713], [109.12279, 14.17748], [109.12529, 14.18165], [109.1243, 14.18378], [109.12449, 14.18841], [109.1263, 14.19153], [109.13196, 14.19553], [109.13156, 14.19704], [109.1284, 14.19902], [109.12472, 14.20808], [109.12078, 14.20889], [109.11609, 14.21247], [109.11461, 14.21246]]]}}, {"type": "Feature", "properties": {"other_info": "<div id=\"other-info-content\"><span class=\"cms\">Th\u00f4ng tin kh\u00e1c: </span><p>Ti\u1ec1m n\u0103ng, th\u1ebf m\u1ea1nh<br> Ti\u1ec1m n\u0103ng \u2022 \u0110\u01b0\u1ee3c x\u00e1c \u0111\u1ecbnh l\u00e0 v\u00f9ng sinh th\u00e1i \u2013 du l\u1ecbch trong Quy ho\u1ea1ch t\u1ec9nh B\u00ecnh \u0110\u1ecbnh. \u2022 Ch\u1ee7 tr\u01b0\u01a1ng ph\u00e1t tri\u1ec3n v\u00f9ng duy\u00ean h\u1ea3i mi\u1ec1n Trung, x\u00e2y d\u1ef1ng n\u00f4ng th\u00f4n m\u1edbi n\u00e2ng cao. \u2022 Thu h\u00fat \u0111\u1ea7u t\u01b0 t\u01b0 nh\u00e2n v\u00e0o khu ngh\u1ec9 d\u01b0\u1ee1ng, du l\u1ecbch ven \u0111\u1ea7m, d\u1ecbch v\u1ee5 ven bi\u1ec3n.<br> Th\u1ebf m\u1ea1nh<br> *V\u1ecb tr\u00ed li\u00ean k\u1ebft v\u00f9ng thu\u1eadn l\u1ee3i: c\u00f3 QL1A, \u0111\u01b0\u1eddng s\u1eaft B\u1eafc Nam (c\u00f3 ga V\u1ea1n Ph\u00fa trong t\u01b0\u01a1ng lai c\u00f3 th\u1ec3 h\u00ecnh th\u00e0nh Ga trung chuy\u1ec3n h\u00e0ng h\u00f3a), \u0111\u1ea7m n\u01b0\u1edbc ng\u1ecdt Tr\u00e0 \u1ed4 v\u00e0 tuy\u1ebfn bi\u1ec3n.<br> Qu\u1ed1c l\u1ed9 1A ch\u1ea1y qua trung t\u00e2m x\u00e3 M\u1ef9 L\u1ed9c v\u00e0 M\u1ef9 Ch\u00e2u, k\u1ebft n\u1ed1i li\u00ean v\u00f9ng theo tr\u1ee5c B\u1eafc \u2013 Nam v\u00e0 k\u1ebft n\u1ed1i v\u1edbi x\u00e3 B\u00ecnh D\u01b0\u01a1ng (th\u1ecb tr\u1ea5n B\u00ecnh D\u01b0\u01a1ng c\u0169 \u2013 Trung t\u00e2m kinh t\u1ebf khu v\u1ef1c ph\u00eda b\u1eafc) v\u1edbi chi\u1ec1u d\u00e0i h\u01a1n 5 km.<br> \u0110\u01b0\u1eddng tr\u1ee5c li\u00ean x\u00e3 t\u1eeb M\u1ef9 Ch\u00e2u \u0111i M\u1ef9 \u0110\u1ee9c (\u0111\u01b0\u1eddng huy\u1ec7n, d\u00e0i 10km) k\u1ebft n\u1ed1i t\u1eeb trung t\u00e2m h\u00e0nh ch\u00ednh \u0111\u1ebfn khu v\u1ef1c bi\u1ec3n \u2013 du l\u1ecbch sinh th\u00e1i \u0111\u1ea7m Tr\u00e0 \u1ed4.<br> \u0110\u01b0\u1eddng \u0110T.639 (\u0111\u01b0\u1eddng ven bi\u1ec3n t\u1ec9nh B\u00ecnh \u0110\u1ecbnh): +H\u01b0\u1edbng Nam: k\u1ebft n\u1ed1i C\u1ea3ng Ph\u00f9 M\u1ef9, KCN Ph\u00f9 M\u1ef9 (x\u00e3 Ph\u00f9 M\u1ef9 \u0110\u00f4ng), x\u00e3 An L\u01b0\u01a1ng (M\u1ef9 Th\u00e0nh c\u0169), B\u1ebfn du thuy\u1ec1n, c\u1ea7u \u0110\u1ec1 Gi, khu du l\u1ecbch Trung L\u01b0\u01a1ng \u2013 Ch\u00f9a \u00d4ng N\u00fai \u2013 KKT Nh\u01a1n H\u1ed9i \u2013 trung t\u00e2m H\u00e0nh ch\u00ednh t\u1ec9nh Gia Lai.<br> H\u01b0\u1edbng B\u1eafc: k\u1ebft n\u1ed1i Di t\u00edch B\u1ebfn t\u00e0u Kh\u00f4ng s\u1ed1, c\u00e1c khu du l\u1ecbch bi\u1ec3n Tam Quan \u2013 Ho\u00e0i Nh\u01a1n, khu neo \u0111\u1eadu t\u00e0u thuy\u1ec1n v\u00e0 tr\u00e1nh tr\u00fa b\u00e3o t\u1ec9nh B\u00ecnh \u0110\u1ecbnh (Tam Quan).<br> *T\u00e0i nguy\u00ean thi\u00ean nhi\u00ean \u0111a d\u1ea1ng: c\u00f3 \u0111\u1ea7m n\u01b0\u1edbc ng\u1ecdt l\u1edbn, v\u00f9ng bi\u1ec3n, \u0111\u1ea5t canh t\u00e1c v\u00e0 \u0111\u1ea5t ph\u00e1t tri\u1ec3n d\u1ecbch v\u1ee5. *Nh\u00e2n l\u1ef1c d\u1ed3i d\u00e0o, c\u00f3 truy\u1ec1n th\u1ed1ng s\u1ea3n xu\u1ea5t n\u00f4ng \u2013 ng\u01b0 nghi\u1ec7p, l\u00e0ng ngh\u1ec1 th\u1ee7y s\u1ea3n.<br> C\u1ea3nh quan \u0111\u1eb9p, sinh th\u00e1i nguy\u00ean v\u1eb9n \u2013 ti\u1ec1m n\u0103ng l\u1edbn v\u1ec1 du l\u1ecbch sinh th\u00e1i, ngh\u1ec9 d\u01b0\u1ee1ng.</p></div>", "dan_so": "28766", "lanh_dao": "<p>-L\u01b0\u01a1ng \u0110\u00ecnh Ti\u00ean, B\u00ed th\u01b0 \u0110\u1ea3ng u\u1ef7 Ch\u1ee7 t\u1ecbch H\u0110ND 0905709677</p><p>-\u0110\u1eb7ng \u0110\u00ecnh Tri\u1ec1u, Ch\u1ee7 t\u1ecbch UBND 0942770999</p>", "sap_nhap": "M\u1ef9 \u0110\u1ee9c, M\u1ef9 Ch\u00e2u, M\u1ef9 L\u1ed9c", "dtich_km2": "100.98", "ma_xa": 120, "tru_so": "<p>-\u0110\u1ea3ng \u1ee7y:Th\u00f4n T\u00e2n L\u1ed9c, x\u00e3 Ph\u00f9 M\u1ef9 B\u1eafc (Tr\u1ee5 s\u1edf x\u00e3 M\u1ef9 L\u1ed9c tr\u01b0\u1edbc \u0111\u00e2y)<br>-H\u0110ND-UBND: Th\u00f4n V\u1ea1n An, x\u00e3 Ph\u00f9 M\u1ef9 B\u1eafc (Tr\u1ee5 s\u1edf x\u00e3 M\u1ef9 Ch\u00e2u tr\u01b0\u1edbc \u0111\u00e2y)<br>-MTTQ-Trung t\u00e2m PVHCC:Th\u00f4n V\u1ea1n An, x\u00e3 Ph\u00f9 M\u1ef9 B\u1eafc (Tr\u1ee5 s\u1edf x\u00e3 M\u1ef9 Ch\u00e2u tr\u01b0\u1edbc \u0111\u00e2y)</p>", "url": "https://baogialai.com.vn/dia-phuong/xa-phu-my-bac/120.html", "ten_xa": "X\u00e3 Ph\u00f9 M\u1ef9 B\u1eafc", "order": 100}, "geometry": {"type": "Polygon", "coordinates": [[[109.09252, 14.40714], [109.08914, 14.40473], [109.08734, 14.40037], [109.08364, 14.39814], [109.08477, 14.39442], [109.08602, 14.39309], [109.08619, 14.38572], [109.08282, 14.38224], [109.07817, 14.38003], [109.07662, 14.38013], [109.07551, 14.37884], [109.07794, 14.37329], [109.07596, 14.37149], [109.07276, 14.37006], [109.06982, 14.36748], [109.06676, 14.36638], [109.06511, 14.36438], [109.06037, 14.36165], [109.05585, 14.36155], [109.0496, 14.36508], [109.04675, 14.36523], [109.04407, 14.36123], [109.04397, 14.35898], [109.04281, 14.35766], [109.03593, 14.35859], [109.03322, 14.35683], [109.02989, 14.35767], [109.02658, 14.35577], [109.02777, 14.35408], [109.0271, 14.34923], [109.02911, 14.34509], [109.03227, 14.34255], [109.02941, 14.33703], [109.03121, 14.33282], [109.02075, 14.3284], [109.01651, 14.32263], [109.01428, 14.32095], [109.01694, 14.31281], [109.01799, 14.31155], [109.01724, 14.3038], [109.0191, 14.30175], [109.01826, 14.29987], [109.01848, 14.29614], [109.01521, 14.29099], [109.01613, 14.2873], [109.01572, 14.28278], [109.01867, 14.28205], [109.02173, 14.27898], [109.0221, 14.27618], [109.02525, 14.27251], [109.0266, 14.26864], [109.02892, 14.26711], [109.03152, 14.26905], [109.03342, 14.26896], [109.03519, 14.26686], [109.03821, 14.26712], [109.03966, 14.26502], [109.04531, 14.26368], [109.0476, 14.26574], [109.05035, 14.26547], [109.05253, 14.26691], [109.05579, 14.26703], [109.06071, 14.26967], [109.06232, 14.27254], [109.0663, 14.27433], [109.06647, 14.27651], [109.06903, 14.27719], [109.07022, 14.27893], [109.06964, 14.28096], [109.07091, 14.28269], [109.07058, 14.28337], [109.07418, 14.28594], [109.0741, 14.29034], [109.07477, 14.29022], [109.07494, 14.29126], [109.0763, 14.29203], [109.07524, 14.2943], [109.07549, 14.29713], [109.07868, 14.30068], [109.07697, 14.30213], [109.0764, 14.30495], [109.08155, 14.30692], [109.0822, 14.3088], [109.08433, 14.31012], [109.08378, 14.3108], [109.08454, 14.31237], [109.08352, 14.31426], [109.0852, 14.31375], [109.08634, 14.31419], [109.08649, 14.31555], [109.08756, 14.31615], [109.09147, 14.31661], [109.09398, 14.31662], [109.09439, 14.31583], [109.09624, 14.31604], [109.09638, 14.31673], [109.09859, 14.31613], [109.11484, 14.31691], [109.10574, 14.33055], [109.12011, 14.33807], [109.11936, 14.34025], [109.11625, 14.34293], [109.11574, 14.34452], [109.12057, 14.35004], [109.13374, 14.35133], [109.12406, 14.36946], [109.12088, 14.37942], [109.12146, 14.38163], [109.12318, 14.38279], [109.12426, 14.38497], [109.1227, 14.38721], [109.12301, 14.38887], [109.12426, 14.39014], [109.12572, 14.39023], [109.12603, 14.39187], [109.12753, 14.3936], [109.12725, 14.39517], [109.12649, 14.39379], [109.12015, 14.39158], [109.11802, 14.38952], [109.10936, 14.38931], [109.10873, 14.39114], [109.10375, 14.39539], [109.10335, 14.39686], [109.09903, 14.39856], [109.09767, 14.398], [109.09601, 14.39847], [109.09523, 14.40196], [109.09392, 14.40333], [109.09252, 14.40714]]]}}, {"type": "Feature", "properties": {"other_info": "<div id=\"other-info-content\"><span class=\"cms\">Th\u00f4ng tin kh\u00e1c: </span><p>Ph\u00e1t tri\u1ec3n c\u00f4ng nghi\u1ec7p n\u0103ng l\u01b0\u1ee3ng t\u00e1i t\u1ea1o, n\u0103ng l\u01b0\u1ee3ng m\u1edbi v\u00e0 C\u1ea3ng bi\u1ec3n; Ph\u00e1t tri\u1ec3n du l\u1ecbch d\u1ef1a tr\u00ean l\u1ee3i th\u1ebf kh\u00f4ng gian bi\u1ec3n k\u1ebft h\u1ee3p b\u1ea3o t\u1ed3n c\u00e1c gi\u00e1 tr\u1ecb c\u1ea3nh quan t\u1ef1 nhi\u00ean, \u0111a d\u1ea1ng sinh h\u1ecdc khu v\u1ef1c \u0110\u1ea7m Tr\u00e0 \u1ed4.</p></div>", "dan_so": "43428", "lanh_dao": "<p>-Tr\u1ea7n V\u0103n Ph\u00fac, B\u00ed th\u01b0 \u0110\u1ea3ng u\u1ef7 Ch\u1ee7 t\u1ecbch H\u0110ND 0913434444</p><p>-Tr\u1ea7n Minh Th\u00f4ng, Ch\u1ee7 t\u1ecbch UBND 0936666589</p>", "sap_nhap": "M\u1ef9 An, M\u1ef9 Th\u1ecd, M\u1ef9 Th\u1eafng", "dtich_km2": "85.62", "ma_xa": 121, "tru_so": "<p>-\u0110\u1ea3ng \u1ee7y-H\u0110ND-UBND-Trung t\u00e2m PVHCC:Th\u00f4n Ch\u00e1nh Gi\u00e1o, x\u00e3 Ph\u00f9 M\u1ef9 \u0110\u00f4ng (Tr\u1ee5 s\u1edf x\u00e3 M\u1ef9 An tr\u01b0\u1edbc \u0111\u00e2y)<br>-MTTQ:Th\u00f4n Ch\u00e1nh Tr\u1ef1c, x\u00e3 Ph\u00f9 M\u1ef9 \u0110\u00f4ng (Tr\u1ee5 s\u1edf x\u00e3 M\u1ef9 Th\u1ecd tr\u01b0\u1edbc \u0111\u00e2y)<br> <br><br></p>", "url": "https://baogialai.com.vn/dia-phuong/xa-phu-my-dong/121.html", "ten_xa": "X\u00e3 Ph\u00f9 M\u1ef9 \u0110\u00f4ng", "order": 100}, "geometry": {"type": "MultiPolygon", "coordinates": [[[[109.20214, 14.23222], [109.19952, 14.23323], [109.19952, 14.23245], [109.20124, 14.23126], [109.20214, 14.23222]]], [[[109.21037, 14.2454], [109.2096, 14.24714], [109.20897, 14.24692], [109.21037, 14.2454]]], [[[109.2099, 14.25038], [109.21051, 14.25189], [109.2096, 14.25287], [109.20857, 14.25117], [109.20758, 14.25165], [109.20741, 14.25032], [109.2099, 14.25038]]], [[[109.18276, 14.28177], [109.15277, 14.32184], [109.13374, 14.35133], [109.1209, 14.35018], [109.11914, 14.34878], [109.11575, 14.3444], [109.11625, 14.34293], [109.11936, 14.34025], [109.12011, 14.33807], [109.10574, 14.33055], [109.13334, 14.29103], [109.13333, 14.28759], [109.13655, 14.28576], [109.1366, 14.28462], [109.13771, 14.28389], [109.13968, 14.28012], [109.13871, 14.27947], [109.14047, 14.27743], [109.14165, 14.27407], [109.14029, 14.27259], [109.14028, 14.26418], [109.14107, 14.26292], [109.14004, 14.26116], [109.14202, 14.25985], [109.14215, 14.25494], [109.13619, 14.24897], [109.13436, 14.24525], [109.13039, 14.2443], [109.12744, 14.2463], [109.12207, 14.2464], [109.11974, 14.24049], [109.1179, 14.23806], [109.11896, 14.23521], [109.11787, 14.23096], [109.11526, 14.22709], [109.11605, 14.22064], [109.11476, 14.21743], [109.11577, 14.21567], [109.11415, 14.21321], [109.12078, 14.20889], [109.12472, 14.20808], [109.12849, 14.19887], [109.13156, 14.19704], [109.13164, 14.19487], [109.13464, 14.19296], [109.13951, 14.19304], [109.14464, 14.19112], [109.14877, 14.19534], [109.15263, 14.1957], [109.15344, 14.19791], [109.1551, 14.19942], [109.15631, 14.20306], [109.16048, 14.20328], [109.16278, 14.20492], [109.16661, 14.20301], [109.1677, 14.20773], [109.16746, 14.20959], [109.16612, 14.21042], [109.16655, 14.21267], [109.16892, 14.21267], [109.16957, 14.21327], [109.16864, 14.21395], [109.17041, 14.21407], [109.1723, 14.21635], [109.17579, 14.21535], [109.17552, 14.2144], [109.1766, 14.2138], [109.17687, 14.21241], [109.18197, 14.21098], [109.18142, 14.21951], [109.182, 14.22348], [109.1839, 14.22717], [109.18692, 14.22947], [109.1897, 14.22968], [109.19106, 14.22784], [109.19377, 14.22676], [109.19797, 14.23229], [109.19797, 14.23563], [109.19445, 14.24377], [109.19503, 14.24496], [109.19421, 14.24664], [109.19492, 14.24673], [109.19456, 14.24838], [109.19184, 14.25156], [109.1891, 14.25306], [109.17946, 14.26933], [109.1785, 14.273], [109.17931, 14.2769], [109.18187, 14.27878], [109.1846, 14.27865], [109.18602, 14.28156], [109.1851, 14.28239], [109.18276, 14.28177]]]]}}, {"type": "Feature", "properties": {"other_info": "<div id=\"other-info-content\"><span class=\"cms\">Th\u00f4ng tin kh\u00e1c: </span><p>Ph\u00e1t tri\u1ec3n kinh t\u1ebf \u0111\u00f4 th\u1ecb</p></div>", "dan_so": "27185", "lanh_dao": "<p>-B\u00f9i Quang Nh\u1ef1t, B\u00ed th\u01b0 \u0110\u1ea3ng u\u1ef7 Ch\u1ee7 t\u1ecbch H\u0110ND 0947777829</p><p>-Nguy\u1ec5n Th\u1ecb Thu Ph\u01b0\u01a1ng, Ch\u1ee7 t\u1ecbch UBND 0919425364</p>", "sap_nhap": "M\u1ef9 T\u00e0i, M\u1ef9 Hi\u1ec7p", "dtich_km2": "85.1", "ma_xa": 122, "tru_so": "<p>\u0110\u1ea3ng \u1ee7y- MTTQ:Th\u00f4n V\u0129nh Ph\u00fa 7, x\u00e3 Ph\u00f9 M\u1ef9 Nam (Tr\u1ee5 s\u1edf x\u00e3 M\u1ef9 T\u00e0i tr\u01b0\u1edbc \u0111\u00e2y)<br> H\u0110ND-UBND-Trung t\u00e2m PVHCC: Th\u00f4n \u0110\u1ea1i Thu\u1eadn, x\u00e3 Ph\u00f9 M\u1ef9 Nam (Tr\u1ee5 s\u1edf x\u00e3 M\u1ef9 Hi\u1ec7p tr\u01b0\u1edbc \u0111\u00e2y)<br><br></p>", "url": "https://baogialai.com.vn/dia-phuong/xa-phu-my-nam/122.html", "ten_xa": "X\u00e3 Ph\u00f9 M\u1ef9 Nam", "order": 100}, "geometry": {"type": "Polygon", "coordinates": [[[109.02491, 14.17003], [109.02073, 14.16917], [109.01318, 14.16971], [109.00791, 14.16591], [108.99994, 14.16697], [108.99874, 14.16616], [108.99648, 14.16628], [108.99353, 14.1675], [108.98835, 14.16396], [108.99056, 14.15697], [108.98562, 14.15151], [108.98789, 14.14877], [108.98825, 14.14498], [108.99083, 14.14183], [108.99001, 14.13549], [108.9938, 14.13116], [108.99463, 14.12833], [108.99772, 14.12409], [108.99785, 14.1227], [108.99639, 14.11936], [108.99741, 14.11557], [109.00025, 14.11079], [109.00118, 14.10363], [109.00354, 14.10441], [109.00369, 14.10259], [109.00194, 14.10107], [109.00172, 14.09886], [109.01, 14.09572], [109.01505, 14.09247], [109.01593, 14.08955], [109.01138, 14.08859], [109.01203, 14.08574], [109.01387, 14.08555], [109.01513, 14.08663], [109.02071, 14.08547], [109.02546, 14.08181], [109.02693, 14.08168], [109.02819, 14.08429], [109.02591, 14.08668], [109.0265, 14.08819], [109.03056, 14.08909], [109.03582, 14.09268], [109.04156, 14.09188], [109.04376, 14.09573], [109.04495, 14.09627], [109.04609, 14.09539], [109.04577, 14.09208], [109.0467, 14.09059], [109.04812, 14.09115], [109.04887, 14.0952], [109.0506, 14.09607], [109.05233, 14.09564], [109.05537, 14.09287], [109.05879, 14.09178], [109.06255, 14.08798], [109.06656, 14.08857], [109.07251, 14.09197], [109.07626, 14.0904], [109.07823, 14.09204], [109.08234, 14.09311], [109.08396, 14.09448], [109.08606, 14.10152], [109.08859, 14.10575], [109.08948, 14.11093], [109.09169, 14.11223], [109.09504, 14.11055], [109.10051, 14.11125], [109.09938, 14.11381], [109.10321, 14.11804], [109.10324, 14.12108], [109.10554, 14.12129], [109.10665, 14.12043], [109.10788, 14.11925], [109.10674, 14.1178], [109.10814, 14.11674], [109.10891, 14.11934], [109.11471, 14.12484], [109.11558, 14.12751], [109.11441, 14.13007], [109.11317, 14.13036], [109.11299, 14.13186], [109.11112, 14.13276], [109.10941, 14.13653], [109.10986, 14.13867], [109.1117, 14.13881], [109.11232, 14.14181], [109.11141, 14.14651], [109.10866, 14.14968], [109.10512, 14.15103], [109.10409, 14.15222], [109.10268, 14.15199], [109.10145, 14.15411], [109.0974, 14.1515], [109.09696, 14.15228], [109.09571, 14.1519], [109.09447, 14.15265], [109.09434, 14.15352], [109.0931, 14.15332], [109.09212, 14.15452], [109.0901, 14.15485], [109.09011, 14.15745], [109.0886, 14.15847], [109.08764, 14.16101], [109.08577, 14.16168], [109.08562, 14.1628], [109.087, 14.16495], [109.08596, 14.16591], [109.08412, 14.166], [109.08143, 14.16193], [109.07821, 14.16211], [109.07574, 14.15842], [109.07525, 14.15543], [109.07374, 14.15336], [109.07324, 14.14858], [109.0719, 14.14646], [109.07193, 14.14376], [109.07081, 14.14046], [109.07118, 14.13731], [109.06519, 14.1419], [109.06084, 14.14356], [109.05976, 14.14475], [109.05848, 14.14247], [109.05294, 14.1464], [109.05376, 14.14834], [109.05523, 14.14774], [109.05536, 14.14861], [109.05362, 14.15039], [109.0537, 14.15235], [109.05233, 14.15429], [109.04937, 14.15539], [109.04742, 14.15526], [109.04589, 14.15221], [109.03987, 14.15264], [109.03917, 14.15294], [109.03929, 14.15862], [109.03732, 14.15772], [109.03271, 14.16032], [109.02875, 14.15999], [109.02788, 14.16068], [109.02683, 14.1598], [109.02508, 14.16068], [109.02733, 14.16147], [109.02688, 14.16542], [109.02491, 14.17003]]]}}, {"type": "Feature", "properties": {"other_info": "<div id=\"other-info-content\"><span class=\"cms\">Th\u00f4ng tin kh\u00e1c: </span><p>D\u1ef1 \u00e1n Trung t\u00e2m trung chuy\u1ec3n logistic t\u1ea1i th\u00f4n Ch\u00e1nh Thu\u1eadn, x\u00e3 Ph\u00f9 M\u1ef9 T\u00e2y, t\u1ec9nh Gia Lai</p></div>", "dan_so": "18543", "lanh_dao": "<p>- Nguy\u1ec5n Th\u1ecb Thanh B\u00ecnh, B\u00ed th\u01b0 \u0110\u1ea3ng u\u1ef7 Ch\u1ee7 t\u1ecbch H\u0110ND 0818159679</p><p>- Ng\u00f4 V\u0169 H\u1ea3i, Ch\u1ee7 t\u1ecbch UBND 0914139199</p>", "sap_nhap": "M\u1ef9 Trinh, M\u1ef9 H\u00f2a", "dtich_km2": "97.53", "ma_xa": 123, "tru_so": "<p>-\u0110\u1ea3ng \u1ee7y-H\u0110ND-UBND: Th\u00f4n Trung H\u1ed9i, x\u00e3 Ph\u00f9 M\u1ef9 T\u00e2y (Tr\u1ee5 s\u1edf x\u00e3 M\u1ef9 Trinh tr\u01b0\u1edbc \u0111\u00e2y)<br>-MTTQ: Th\u00f4n An L\u1ea1c 2, x\u00e3 Ph\u00f9 M\u1ef9 T\u00e2y (Tr\u1ee5 s\u1edf x\u00e3 M\u1ef9 H\u00f2a tr\u01b0\u1edbc \u0111\u00e2y)<br>-Trung t\u00e2m PVHCC: Th\u00f4n Trung H\u1ed9i, x\u00e3 Ph\u00f9 M\u1ef9 T\u00e2y (Tr\u1ee5 s\u1edf x\u00e3 M\u1ef9 Trinh tr\u01b0\u1edbc \u0111\u00e2y)</p>", "url": "https://baogialai.com.vn/dia-phuong/xa-phu-my-tay/123.html", "ten_xa": "X\u00e3 Ph\u00f9 M\u1ef9 T\u00e2y", "order": 100}, "geometry": {"type": "Polygon", "coordinates": [[[109.02862, 14.26729], [109.02635, 14.26929], [109.0248, 14.26878], [109.02377, 14.26648], [109.02358, 14.26315], [109.02183, 14.26042], [109.02066, 14.25962], [109.01639, 14.26024], [109.01417, 14.25856], [109.01516, 14.25619], [109.01325, 14.25233], [109.0133, 14.25059], [109.00888, 14.24346], [109.00325, 14.24323], [109.00131, 14.24091], [108.99635, 14.23821], [108.99192, 14.23857], [108.98096, 14.23771], [108.98, 14.23558], [108.97826, 14.23442], [108.9781, 14.23251], [108.97652, 14.23021], [108.97804, 14.22617], [108.97483, 14.22472], [108.97107, 14.22173], [108.97029, 14.21664], [108.9718, 14.21434], [108.97052, 14.20902], [108.96722, 14.20062], [108.96442, 14.19786], [108.96613, 14.19538], [108.96443, 14.19135], [108.96539, 14.18611], [108.97053, 14.17981], [108.97772, 14.17583], [108.981, 14.17552], [108.9823, 14.17247], [108.98563, 14.16893], [108.98835, 14.16396], [108.99388, 14.16759], [108.99648, 14.16628], [108.99874, 14.16616], [108.99994, 14.16697], [109.00791, 14.16591], [109.01318, 14.16971], [109.02073, 14.16917], [109.0249, 14.17004], [109.02688, 14.16542], [109.02733, 14.16147], [109.02508, 14.16068], [109.02683, 14.1598], [109.02788, 14.16068], [109.02875, 14.15999], [109.03271, 14.16032], [109.03741, 14.15772], [109.03929, 14.15862], [109.04011, 14.1917], [109.04305, 14.19286], [109.04473, 14.19199], [109.04521, 14.19258], [109.0473, 14.19237], [109.04847, 14.19117], [109.04978, 14.19204], [109.05161, 14.192], [109.05174, 14.19451], [109.05288, 14.19569], [109.05196, 14.19696], [109.0528, 14.20014], [109.0538, 14.20251], [109.05644, 14.20464], [109.05566, 14.20942], [109.057, 14.21109], [109.06221, 14.21212], [109.06522, 14.21395], [109.06448, 14.21189], [109.0713, 14.20968], [109.0746, 14.20653], [109.07599, 14.20623], [109.07865, 14.20756], [109.08584, 14.20773], [109.08737, 14.21055], [109.08891, 14.21114], [109.08892, 14.21245], [109.09594, 14.20872], [109.09839, 14.21039], [109.1028, 14.21], [109.10363, 14.20905], [109.10887, 14.21081], [109.11083, 14.21296], [109.1142, 14.21372], [109.10714, 14.21947], [109.10315, 14.21952], [109.09715, 14.2219], [109.09379, 14.22233], [109.08939, 14.22625], [109.08816, 14.23008], [109.08523, 14.23031], [109.08321, 14.23249], [109.08184, 14.23605], [109.07984, 14.2371], [109.07634, 14.2372], [109.07713, 14.23831], [109.07663, 14.24126], [109.07389, 14.24334], [109.07261, 14.24721], [109.06833, 14.25073], [109.06772, 14.25285], [109.06593, 14.25437], [109.06105, 14.25596], [109.04921, 14.25394], [109.04779, 14.25606], [109.04643, 14.26059], [109.04737, 14.26191], [109.04603, 14.26393], [109.03987, 14.26492], [109.03877, 14.26694], [109.03519, 14.26686], [109.03342, 14.26896], [109.03152, 14.26905], [109.03063, 14.26787], [109.02862, 14.26729]]]}}, {"type": "Feature", "properties": {"other_info": "<div id=\"ethnicity\"><span class=\"cms\">D\u00e2n t\u1ed9c: </span><p>62,00%</p></div><div id=\"other-info-content\"><span class=\"cms\">Th\u00f4ng tin kh\u00e1c: </span><p>Ph\u00e1t tri\u1ec3n kinh t\u1ebf \u0111\u00f4 th\u1ecb - n\u00f4ng th\u00f4n</p></div>", "dan_so": "49393", "lanh_dao": "<p>-V\u0169 H\u1ed3ng Duy, B\u00ed th\u01b0 \u0110\u1ea3ng u\u1ef7 Ch\u1ee7 t\u1ecbch H\u0110ND 0914171020</p><p>-Nguy\u1ec5n Anh Tu\u1ea5n, Ch\u1ee7 t\u1ecbch UBND 0914070090</p>", "sap_nhap": "Ph\u00fa Thi\u1ec7n (th\u1ecb tr\u1ea5n), Ia Sol, Ia Piar, Ia Yeng", "dtich_km2": "262.87", "ma_xa": 124, "tru_so": "<p>-\u0110\u1ea3ng \u1ee7y: S\u1ed1 07 \u0111\u01b0\u1eddng Quang Trung, x\u00e3 Ph\u00fa Thi\u1ec7n, t\u1ec9nh Gia Lai<br>-H\u0110ND-UBND:&nbsp;S\u1ed1 05 \u0111\u01b0\u1eddng Quang Trung, x\u00e3 Ph\u00fa Thi\u1ec7n<br>-MTTQ: S\u1ed1 03 \u0111\u01b0\u1eddng Quang Trung, x\u00e3 Ph\u00fa Thi\u1ec7n<br>-Trung t\u00e2m PVHCC: S\u1ed1 01 \u0111\u01b0\u1eddng V\u00f5 Nguy\u00ean Gi\u00e1p, x\u00e3 Ph\u00fa Thi\u1ec7n</p>", "url": "https://baogialai.com.vn/dia-phuong/xa-phu-thien/124.html", "ten_xa": "X\u00e3 Ph\u00fa Thi\u1ec7n", "order": 100}, "geometry": {"type": "Polygon", "coordinates": [[[108.35048, 13.60976], [108.34705, 13.60947], [108.34477, 13.60785], [108.34182, 13.60849], [108.34133, 13.60702], [108.34241, 13.60574], [108.34189, 13.60367], [108.34081, 13.6029], [108.34111, 13.59602], [108.3398, 13.59418], [108.3399, 13.59246], [108.3408, 13.59189], [108.33945, 13.591], [108.33989, 13.58832], [108.3388, 13.5867], [108.33937, 13.58509], [108.33761, 13.58438], [108.33282, 13.58502], [108.32803, 13.58371], [108.32783, 13.58155], [108.32574, 13.57967], [108.32304, 13.57932], [108.32123, 13.57529], [108.31912, 13.57304], [108.31989, 13.56214], [108.31498, 13.55383], [108.31286, 13.54198], [108.30686, 13.5387], [108.30519, 13.53933], [108.30318, 13.53883], [108.3026, 13.53524], [108.30153, 13.53573], [108.30012, 13.53368], [108.29806, 13.52178], [108.30004, 13.51849], [108.30238, 13.51758], [108.30129, 13.51541], [108.29694, 13.51305], [108.29423, 13.50981], [108.29293, 13.5101], [108.29128, 13.51238], [108.28768, 13.51234], [108.28621, 13.50977], [108.2853, 13.50495], [108.28371, 13.50461], [108.28138, 13.50616], [108.27617, 13.50326], [108.27373, 13.49871], [108.27149, 13.49823], [108.26843, 13.4946], [108.26678, 13.49093], [108.26406, 13.48971], [108.26425, 13.48797], [108.26252, 13.48748], [108.26233, 13.48671], [108.26075, 13.48762], [108.25901, 13.48701], [108.25681, 13.48405], [108.25714, 13.48328], [108.25421, 13.4824], [108.25329, 13.48037], [108.23642, 13.47764], [108.23274, 13.47573], [108.2319, 13.47449], [108.22854, 13.47468], [108.22707, 13.47195], [108.22306, 13.46998], [108.22327, 13.46634], [108.21785, 13.46176], [108.21345, 13.46155], [108.21269, 13.45907], [108.20207, 13.45175], [108.20432, 13.44957], [108.20766, 13.44928], [108.21152, 13.44752], [108.21595, 13.44857], [108.21652, 13.44624], [108.21603, 13.44549], [108.21775, 13.43926], [108.21796, 13.43246], [108.22024, 13.43217], [108.22082, 13.42864], [108.22389, 13.42359], [108.22061, 13.41956], [108.22131, 13.41687], [108.22068, 13.41496], [108.2254, 13.40962], [108.22226, 13.40793], [108.22299, 13.40386], [108.22403, 13.40276], [108.22427, 13.39855], [108.2259, 13.39728], [108.22471, 13.39673], [108.22403, 13.39508], [108.22423, 13.39162], [108.22075, 13.38753], [108.21893, 13.3865], [108.21284, 13.38646], [108.21035, 13.38719], [108.20967, 13.38605], [108.20868, 13.38603], [108.2092, 13.37662], [108.21307, 13.36816], [108.22017, 13.3725], [108.22228, 13.371], [108.22746, 13.37014], [108.23156, 13.37158], [108.23479, 13.37158], [108.23584, 13.37089], [108.23762, 13.37364], [108.2425, 13.36793], [108.24699, 13.36949], [108.24953, 13.36808], [108.25302, 13.36961], [108.25697, 13.36961], [108.2578, 13.36845], [108.25866, 13.36966], [108.25974, 13.36938], [108.26353, 13.37206], [108.26528, 13.37497], [108.26742, 13.37646], [108.26952, 13.38121], [108.27135, 13.38143], [108.27008, 13.38522], [108.27172, 13.38654], [108.27158, 13.388], [108.26976, 13.3893], [108.26919, 13.39123], [108.26748, 13.39207], [108.26547, 13.39617], [108.2668, 13.39864], [108.26619, 13.401], [108.26717, 13.4025], [108.26992, 13.4024], [108.27214, 13.40401], [108.27232, 13.40506], [108.27431, 13.40495], [108.27522, 13.40555], [108.27596, 13.40831], [108.27771, 13.40825], [108.27963, 13.40985], [108.28136, 13.40666], [108.28621, 13.4111], [108.28944, 13.41172], [108.28974, 13.41286], [108.29099, 13.41349], [108.29459, 13.41375], [108.29494, 13.41586], [108.29729, 13.41768], [108.29701, 13.41848], [108.29899, 13.41928], [108.29851, 13.4199], [108.2992, 13.42115], [108.30811, 13.42684], [108.30837, 13.43052], [108.30968, 13.43206], [108.31255, 13.43343], [108.31208, 13.43451], [108.31877, 13.43773], [108.31861, 13.44193], [108.32134, 13.44457], [108.3213, 13.44802], [108.32777, 13.4547], [108.33167, 13.46303], [108.33333, 13.46263], [108.33398, 13.45898], [108.33645, 13.46015], [108.34041, 13.45988], [108.34536, 13.46254], [108.35081, 13.46758], [108.35206, 13.46934], [108.35145, 13.46972], [108.35197, 13.47144], [108.35294, 13.4723], [108.35567, 13.47223], [108.35739, 13.47384], [108.35982, 13.47398], [108.35753, 13.4794], [108.3628, 13.48072], [108.36354, 13.47987], [108.36678, 13.4796], [108.36593, 13.48177], [108.37306, 13.48215], [108.37563, 13.4837], [108.37798, 13.47991], [108.37937, 13.47992], [108.38026, 13.48084], [108.38767, 13.48184], [108.38979, 13.48586], [108.39223, 13.48694], [108.39291, 13.48439], [108.3912, 13.4807], [108.38639, 13.47941], [108.38549, 13.47662], [108.38903, 13.47145], [108.39477, 13.46925], [108.39678, 13.46099], [108.39889, 13.46106], [108.39956, 13.46218], [108.39887, 13.46498], [108.40147, 13.46583], [108.40515, 13.46259], [108.40342, 13.45928], [108.40399, 13.45776], [108.40621, 13.45801], [108.40839, 13.4607], [108.41492, 13.46019], [108.41209, 13.46386], [108.41589, 13.46667], [108.41584, 13.46849], [108.41482, 13.46927], [108.41602, 13.47067], [108.41594, 13.47202], [108.41668, 13.47266], [108.41982, 13.47146], [108.42085, 13.47234], [108.42006, 13.4747], [108.41852, 13.47352], [108.41492, 13.47364], [108.41377, 13.47464], [108.41491, 13.47727], [108.41678, 13.47809], [108.41631, 13.48034], [108.4149, 13.48219], [108.41433, 13.48604], [108.41509, 13.48611], [108.4153, 13.48921], [108.41663, 13.49017], [108.41533, 13.49255], [108.4162, 13.49533], [108.41708, 13.49534], [108.41699, 13.49756], [108.41884, 13.50012], [108.41768, 13.50116], [108.41814, 13.50335], [108.42034, 13.5043], [108.41976, 13.50625], [108.42049, 13.50642], [108.42025, 13.50747], [108.41934, 13.50822], [108.42059, 13.50903], [108.42236, 13.51251], [108.42396, 13.5132], [108.42383, 13.51468], [108.42245, 13.51494], [108.42256, 13.51654], [108.42318, 13.51664], [108.42432, 13.52011], [108.42392, 13.5228], [108.42528, 13.52319], [108.42623, 13.52575], [108.41392, 13.53361], [108.3954, 13.5404], [108.39206, 13.54093], [108.3927, 13.54476], [108.39436, 13.54509], [108.39564, 13.54845], [108.39644, 13.55359], [108.39573, 13.55495], [108.39619, 13.5633], [108.38718, 13.5709], [108.38782, 13.57246], [108.38761, 13.57597], [108.38893, 13.57673], [108.38957, 13.57954], [108.38962, 13.58347], [108.38705, 13.58417], [108.38705, 13.58573], [108.38577, 13.58692], [108.38621, 13.58771], [108.38835, 13.58799], [108.38657, 13.58966], [108.38727, 13.59046], [108.38625, 13.59119], [108.38834, 13.59283], [108.38782, 13.59594], [108.38647, 13.59557], [108.38612, 13.59633], [108.38697, 13.59776], [108.38653, 13.59884], [108.3841, 13.60082], [108.37576, 13.60254], [108.37526, 13.6021], [108.37325, 13.60341], [108.37145, 13.60354], [108.37104, 13.60468], [108.36833, 13.60487], [108.36791, 13.60581], [108.36653, 13.60549], [108.36637, 13.60657], [108.36348, 13.60668], [108.36376, 13.60758], [108.35943, 13.60926], [108.35676, 13.6087], [108.35048, 13.60976]]]}}, {"type": "Feature", "properties": {"other_info": "<div id=\"ethnicity\"><span class=\"cms\">D\u00e2n t\u1ed9c: </span><p>56,00%</p></div><div id=\"other-info-content\"><span class=\"cms\">Th\u00f4ng tin kh\u00e1c: </span><p>Ph\u00e1t tri\u1ec3n kinh t\u1ebf \u0111\u00f4 th\u1ecb - n\u00f4ng th\u00f4n</p></div>", "dan_so": "37241", "lanh_dao": "<p>-H\u1ed3 V\u0103n Th\u1ea3o, B\u00ed th\u01b0 \u0110\u1ea3ng u\u1ef7 Ch\u1ee7 t\u1ecbch H\u0110ND 0888009059</p><p>-\u0110\u1eb7ng Ho\u00e0i Ch\u00e2u, Ch\u1ee7 t\u1ecbch UBND 0813090977</p>", "sap_nhap": "Ph\u00fa T\u00fac (th\u1ecb tr\u1ea5n), Ph\u00fa C\u1ea7n, Ch\u01b0 Ng\u1ecdc, Ia Mlah, \u0110\u1ea5t B\u1eb1ng", "dtich_km2": "357.97", "ma_xa": 125, "tru_so": "<p>\u0110\u1ea3ng \u1ee7y-H\u0110ND-UBND-MTTQ: S\u1ed1 45 \u0111\u01b0\u1eddng Tr\u1ea7n H\u01b0ng \u0110\u1ea1o, x\u00e3 Ph\u00fa T\u00fac, t\u1ec9nh Gia Lai</p><p>- Trung t\u00e2m PVHCC: C\u01a1 s\u1edf 1: S\u1ed1 24A \u0111\u01b0\u1eddng Tr\u1ea7n H\u01b0ng \u0110\u1ea1o, x\u00e3 Ph\u00fa T\u00fac C\u01a1 s\u1edf 2: Bu\u00f4n Ch\u00ednh H\u00f2a, x\u00e3 Ph\u00fa T\u00fac</p>", "url": "https://baogialai.com.vn/dia-phuong/xa-phu-tuc/125.html", "ten_xa": "X\u00e3 Ph\u00fa T\u00fac", "order": 100}, "geometry": {"type": "Polygon", "coordinates": [[[108.81694, 13.34966], [108.81466, 13.35073], [108.81471, 13.35365], [108.8107, 13.35441], [108.80836, 13.35727], [108.81019, 13.3603], [108.8064, 13.36701], [108.80706, 13.37622], [108.80523, 13.38032], [108.80503, 13.38954], [108.8043, 13.39089], [108.80775, 13.39332], [108.80691, 13.40039], [108.80274, 13.39575], [108.79987, 13.39398], [108.79548, 13.38777], [108.79035, 13.3855], [108.7926, 13.38439], [108.79397, 13.38235], [108.79483, 13.38009], [108.79402, 13.3776], [108.79498, 13.37556], [108.7927, 13.37153], [108.79153, 13.36538], [108.78907, 13.36292], [108.7833, 13.35938], [108.78217, 13.34553], [108.78378, 13.34519], [108.78511, 13.33311], [108.77459, 13.32731], [108.76538, 13.315], [108.75752, 13.30876], [108.75495, 13.30422], [108.74728, 13.30321], [108.74546, 13.30411], [108.74236, 13.3027], [108.74165, 13.29958], [108.73461, 13.2879], [108.7261, 13.27759], [108.7178, 13.26994], [108.71575, 13.2697], [108.7097, 13.27236], [108.70056, 13.27358], [108.69156, 13.26877], [108.69256, 13.26339], [108.69475, 13.26029], [108.69499, 13.25571], [108.69928, 13.25116], [108.69906, 13.24987], [108.69988, 13.24904], [108.6994, 13.24717], [108.70164, 13.2451], [108.70111, 13.24362], [108.70198, 13.24114], [108.70364, 13.23956], [108.70253, 13.23835], [108.70432, 13.2365], [108.70213, 13.23556], [108.70059, 13.23335], [108.69445, 13.23029], [108.69021, 13.23032], [108.68987, 13.23189], [108.68669, 13.23152], [108.6866, 13.23214], [108.68451, 13.23216], [108.68316, 13.23154], [108.68377, 13.23398], [108.68043, 13.23167], [108.67846, 13.23226], [108.67621, 13.23177], [108.67547, 13.23132], [108.67561, 13.22986], [108.67417, 13.22788], [108.6742, 13.22658], [108.66988, 13.22424], [108.66995, 13.22188], [108.66585, 13.21962], [108.66643, 13.21871], [108.66483, 13.21912], [108.66195, 13.21706], [108.6607, 13.21859], [108.66015, 13.21778], [108.65921, 13.2182], [108.66003, 13.21911], [108.65779, 13.21928], [108.65814, 13.2162], [108.66059, 13.21451], [108.66286, 13.21059], [108.66229, 13.20902], [108.66507, 13.20663], [108.66604, 13.20372], [108.66462, 13.20058], [108.6579, 13.19484], [108.65366, 13.18942], [108.65496, 13.18604], [108.66038, 13.18064], [108.66867, 13.17638], [108.67932, 13.16756], [108.6877, 13.16342], [108.69489, 13.16281], [108.70101, 13.1638], [108.70523, 13.16274], [108.70796, 13.15816], [108.7101, 13.14839], [108.71162, 13.14603], [108.71713, 13.14474], [108.72155, 13.14496], [108.73068, 13.14706], [108.74008, 13.15036], [108.74493, 13.14956], [108.74717, 13.148], [108.74708, 13.1457], [108.74463, 13.14296], [108.73385, 13.13783], [108.72595, 13.13098], [108.7233, 13.1262], [108.72387, 13.12398], [108.72525, 13.12248], [108.72948, 13.12138], [108.73408, 13.12164], [108.74396, 13.12559], [108.74963, 13.12904], [108.75179, 13.12909], [108.75499, 13.12754], [108.75876, 13.12397], [108.76036, 13.12056], [108.76009, 13.11532], [108.76432, 13.11735], [108.76836, 13.11718], [108.76916, 13.12006], [108.7681, 13.12228], [108.76056, 13.12476], [108.7608, 13.13204], [108.76162, 13.13366], [108.76384, 13.13517], [108.76708, 13.13441], [108.77319, 13.13568], [108.7773, 13.13772], [108.77745, 13.13947], [108.77562, 13.14489], [108.77681, 13.14675], [108.78082, 13.14638], [108.78271, 13.14243], [108.78628, 13.14121], [108.79081, 13.14727], [108.79292, 13.14195], [108.79579, 13.14111], [108.79693, 13.15197], [108.80359, 13.15149], [108.80297, 13.14782], [108.80378, 13.14571], [108.80456, 13.14549], [108.80589, 13.14703], [108.80784, 13.15364], [108.81067, 13.15512], [108.81368, 13.15886], [108.81508, 13.15908], [108.81815, 13.15712], [108.82045, 13.15691], [108.82318, 13.15313], [108.82465, 13.15468], [108.82539, 13.16195], [108.82703, 13.16371], [108.83018, 13.16519], [108.83579, 13.16176], [108.83973, 13.16234], [108.84238, 13.16451], [108.84238, 13.16569], [108.83911, 13.16843], [108.83854, 13.17036], [108.84269, 13.17357], [108.8443, 13.17603], [108.84375, 13.18002], [108.84539, 13.18247], [108.84676, 13.1825], [108.84837, 13.17946], [108.84953, 13.18042], [108.84967, 13.18623], [108.84839, 13.18927], [108.84872, 13.19069], [108.85497, 13.19329], [108.85385, 13.1962], [108.84886, 13.20045], [108.84757, 13.20337], [108.84765, 13.20504], [108.85046, 13.20761], [108.85171, 13.21033], [108.85135, 13.21393], [108.84957, 13.21665], [108.85053, 13.21793], [108.8536, 13.21802], [108.85439, 13.21872], [108.85467, 13.22096], [108.85638, 13.22357], [108.85981, 13.22372], [108.86243, 13.22563], [108.86471, 13.22525], [108.8704, 13.24661], [108.8704, 13.25759], [108.86805, 13.26133], [108.86979, 13.26701], [108.87127, 13.26805], [108.87147, 13.27684], [108.87315, 13.27973], [108.86821, 13.28857], [108.86669, 13.28898], [108.86143, 13.28719], [108.85996, 13.28791], [108.85857, 13.29059], [108.85608, 13.29128], [108.85593, 13.29254], [108.85229, 13.29707], [108.84631, 13.30799], [108.84604, 13.31052], [108.84385, 13.31375], [108.84372, 13.31568], [108.84023, 13.31911], [108.84092, 13.32183], [108.83964, 13.3249], [108.83636, 13.3285], [108.83432, 13.32952], [108.83312, 13.33157], [108.83125, 13.33161], [108.83063, 13.33345], [108.82764, 13.33649], [108.82734, 13.3401], [108.82485, 13.34369], [108.82169, 13.34393], [108.82068, 13.34605], [108.81791, 13.34754], [108.81694, 13.34966]]]}}, {"type": "Feature", "properties": {"other_info": "<div id=\"ethnicity\"><span class=\"cms\">D\u00e2n t\u1ed9c: </span><p>3,00%</p></div><div id=\"other-info-content\"><span class=\"cms\">Th\u00f4ng tin kh\u00e1c: </span><p>D\u1ef1 \u00e1n CK54:200 ha; Khu d\u00e2n c\u01b0 L\u00fd T\u1ef1 Tr\u1ecdng 35 ha; Khu nh\u00e0 \u1edf XH 12 ha; Kh\u00e1ch s\u1ea1n S\u00ea San 0,4ha; Mi\u1ec7ng v\u00fai l\u1eeda \u00e2m l\u00e0ng \u00d4p 36ha</p></div>", "dan_so": "79466", "lanh_dao": "<p>- Nguy\u1ec5n Xu\u00e2n Ph\u01b0\u1edbc, B\u00ed th\u01b0 \u0110\u1ea3ng u\u1ef7 Ch\u1ee7 t\u1ecbch H\u0110ND 0985020457</p><p>- \u0110\u1eb7ng To\u00e0n Th\u1eafng, Ch\u1ee7 t\u1ecbch UBND 0914099033</p>", "sap_nhap": "T\u00e2y S\u01a1n (th\u00e0nh ph\u1ed1 Pleiku), H\u1ed9i Th\u01b0\u01a1ng, Hoa L\u01b0, Ph\u00f9 \u0110\u1ed5ng, Tr\u00e0 \u0110a", "dtich_km2": "25.0", "ma_xa": 126, "tru_so": "<p>- \u0110\u1ea3ng \u1ee7y-H\u0110ND-UBND-MTTQ-Trung t\u00e2m PVHCC: S\u1ed1 81 \u0111\u01b0\u1eddng H\u00f9ng V\u01b0\u01a1ng, ph\u01b0\u1eddng Pleiku, t\u1ec9nh Gia Lai<br> <br><br></p>", "url": "https://baogialai.com.vn/dia-phuong/phuong-pleiku/126.html", "ten_xa": "Ph\u01b0\u1eddng Pleiku", "order": 100}, "geometry": {"type": "Polygon", "coordinates": [[[108.05336, 14.03318], [108.04894, 14.03355], [108.04673, 14.0324], [108.04748, 14.03048], [108.04708, 14.02776], [108.03854, 14.02698], [108.03858, 14.026], [108.03568, 14.02595], [108.03567, 14.0242], [108.03499, 14.02451], [108.03308, 14.0215], [108.02782, 14.02201], [108.02794, 14.01779], [108.03295, 14.01669], [108.03439, 14.01301], [108.03237, 14.01377], [108.03251, 14.01207], [108.02991, 14.01048], [108.03146, 14.00688], [108.02801, 14.00292], [108.0278, 14.00158], [108.01551, 14.00224], [108.01361, 14.00165], [108.009, 14.0026], [108.00497, 13.99803], [108.00432, 13.99617], [107.99646, 13.99025], [107.99721, 13.98762], [107.99648, 13.98745], [107.99664, 13.98593], [107.99506, 13.98586], [107.99519, 13.9844], [107.99656, 13.98333], [107.99717, 13.98009], [107.99925, 13.98048], [107.99878, 13.97907], [107.99978, 13.97712], [108.00156, 13.97695], [107.99993, 13.97503], [108.00227, 13.97527], [108.00326, 13.97451], [108.00249, 13.97122], [108.00359, 13.96906], [108.00363, 13.96589], [108.0054, 13.96771], [108.00645, 13.97277], [108.00775, 13.97408], [108.0093, 13.97409], [108.01034, 13.97298], [108.0106, 13.97148], [108.00843, 13.9694], [108.00966, 13.96679], [108.01091, 13.96767], [108.01176, 13.9663], [108.01701, 13.96572], [108.02089, 13.96561], [108.02114, 13.97026], [108.02928, 13.97188], [108.03154, 13.97159], [108.03159, 13.97336], [108.03384, 13.9766], [108.03243, 13.97804], [108.03476, 13.98019], [108.03275, 13.9825], [108.03554, 13.98484], [108.03638, 13.98373], [108.03729, 13.98421], [108.03674, 13.9853], [108.03744, 13.98555], [108.03744, 13.98672], [108.03617, 13.98698], [108.03768, 13.98856], [108.03747, 13.99046], [108.03853, 13.99059], [108.03803, 13.98856], [108.03899, 13.98558], [108.04218, 13.98742], [108.04654, 13.987], [108.05028, 13.98798], [108.05579, 13.99112], [108.0552, 13.99213], [108.05133, 13.99089], [108.04737, 13.99212], [108.04702, 13.99627], [108.04778, 13.99804], [108.05107, 13.99845], [108.05501, 13.99719], [108.05882, 13.99486], [108.0633, 13.99673], [108.06317, 13.99848], [108.06176, 13.9999], [108.06265, 14.00066], [108.06298, 14.00543], [108.05927, 14.00731], [108.05957, 14.00837], [108.05799, 14.01027], [108.05684, 14.01543], [108.05743, 14.01969], [108.05648, 14.0251], [108.052, 14.03024], [108.05336, 14.03318]]]}}, {"type": "Feature", "properties": {"other_info": "<div id=\"ethnicity\"><span class=\"cms\">D\u00e2n t\u1ed9c: </span><p>52,00%</p></div><div id=\"other-info-content\"><span class=\"cms\">Th\u00f4ng tin kh\u00e1c: </span><p>Ti\u1ec1m n\u0103ng, th\u1ebf m\u1ea1nh<br> X\u00e3 P\u1edd T\u00f3 \u0111\u01b0\u1ee3c s\u00e1p nh\u1eadp t\u1eeb 02 x\u00e3 (x\u00e3 P\u1edd T\u00f3 v\u00e0 x\u00e3 Ch\u01b0 R\u0103ng) v\u1edbi t\u1ed5ng di\u1ec7n t\u00edch 177,90 km2 v\u00e0 d\u00e2n s\u1ed1 14.302 ng\u01b0\u1eddi. V\u1edbi \u0111i\u1ec1u ki\u1ec7n t\u1ef1 nhi\u00ean, h\u1ea1 t\u1ea7ng, d\u00e2n c\u01b0 v\u00e0 ngu\u1ed3n l\u1ef1c ph\u00e1t tri\u1ec3n \u0111ang ng\u00e0y c\u00e0ng ho\u00e0n thi\u1ec7n, x\u00e3 s\u1edf h\u1eefu m\u1ed9t s\u1ed1 ti\u1ec1m n\u0103ng v\u00e0 th\u1ebf m\u1ea1nh n\u1ed5i b\u1eadt sau: 1. V\u1ecb tr\u00ed \u0111\u1ecba l\u00ed v\u00e0 giao th\u00f4ng thu\u1eadn l\u1ee3i C\u00f3 v\u1ecb tr\u00ed \u0111\u1ecba l\u00ed thu\u1eadn l\u1ee3i, n\u1eb1m tr\u00ean c\u00e1c tuy\u1ebfn \u0111\u01b0\u1eddng t\u1ec9nh l\u1ed9 662, t\u1ec9nh l\u1ed9 666 t\u1ea1o \u0111i\u1ec1u ki\u1ec7n thu\u1eadn l\u1ee3i trong giao l\u01b0u, v\u1eadn chuy\u1ec7n h\u00e0ng h\u00f3a, ph\u00e1t tri\u1ec3n th\u01b0\u01a1ng m\u1ea1i - du l\u1ecbch. 2. C\u01a1 s\u1edf h\u1ea1 t\u1ea7ng H\u1ea1 t\u1ea7ng c\u00f4ng s\u1edf, h\u1ec7 th\u1ed1ng thi\u1ebft ch\u1ebf c\u00f4ng c\u1ed9ng, c\u00e1c \u0111\u01a1n v\u1ecb s\u1ef1 nghi\u1ec7p nh\u01b0 y t\u1ebf, gi\u00e1o d\u1ee5c, v\u0103n h\u00f3a - th\u00f4ng tin t\u1eadp trung kh\u00e1 \u0111\u1ea7y \u0111\u1ee7 t\u1ea1o n\u1ec1n t\u1ea3ng v\u1eefng ch\u1eafc \u0111\u1ec3 ph\u00e1t tri\u1ec3n d\u1ecbch v\u1ee5 h\u00e0nh ch\u00ednh c\u00f4ng, gi\u00e1o d\u1ee5c, y t\u1ebf ch\u1ea5t l\u01b0\u1ee3ng cao. 3. L\u1ef1c l\u01b0\u1ee3ng lao \u0111\u1ed9ng V\u1edbi d\u00e2n s\u1ed1 trung b\u00ecnh l\u00e0 14.302 ng\u01b0\u1eddi (trong \u0111\u00f3 l\u1ef1c l\u01b0\u1ee3ng lao \u0111\u1ed9ng trong \u0111\u1ed9 tu\u1ed5i l\u00e0 7.867 ng\u01b0\u1eddi, chi\u1ebfm 55%), tr\u00ecnh \u0111\u1ed9 d\u00e2n tr\u00ed ng\u00e0y c\u00e0ng n\u00e2ng cao; c\u00f3 l\u1ef1c l\u01b0\u1ee3ng lao \u0111\u1ed9ng tr\u1ebb, s\u1eb5n s\u00e0ng th\u00edch \u1ee9ng v\u1edbi c\u00e1c ng\u00e0nh ngh\u1ec1 m\u1edbi. 4. V\u1ec1 N\u00f4ng nghi\u1ec7p Ng\u00e0nh n\u00f4ng nghi\u1ec7p ph\u00e1t tri\u1ec3n kh\u00e1 to\u00e0n di\u1ec7n; t\u1ed5ng di\u1ec7n t\u00edch gieo tr\u1ed3ng 12.400 ha; c\u00f4ng t\u00e1c chuy\u1ec3n \u0111\u1ed5i c\u01a1 c\u1ea5u c\u00e2y tr\u1ed3ng, \u1ee9ng d\u1ee5ng khoa h\u1ecdc c\u00f4ng ngh\u1ec7 v\u00e0o s\u1ea3n xu\u1ea5t theo ti\u00eau chu\u1ea9n VietGAP, li\u00ean k\u1ebft s\u1ea3n xu\u1ea5t theo chu\u1ed7i gi\u00e1 tr\u1ecb \u0111\u01b0\u1ee3c quan t\u00e2m ch\u1ec9 \u0111\u1ea1o, ph\u00f9 h\u1ee3p v\u1edbi th\u00edch nghi \u0111\u1ea5t \u0111ai, v\u00f9ng s\u1ea3n xu\u1ea5t n\u00f4ng nghi\u1ec7p, t\u1eebng b\u01b0\u1edbc mang l\u1ea1i hi\u1ec7u qu\u1ea3 kinh t\u1ebf, di\u1ec7n t\u00edch, n\u0103ng su\u1ea5t m\u1ed9t s\u1ed1 lo\u1ea1i c\u00e2y tr\u1ed3ng ch\u1ee7 l\u1ef1c \u0111\u1ec1u t\u0103ng kh\u00e1 so v\u1edbi n\u0103m 2020. Ph\u00e1t tri\u1ec3n ch\u0103n nu\u00f4i theo m\u00f4 h\u00ecnh trang tr\u1ea1i t\u1eadp trung c\u00f4ng ngh\u1ec7 cao \u0111\u1ea1t k\u1ebft qu\u1ea3 t\u00edch c\u1ef1c, s\u1ed1 l\u01b0\u1ee3ng \u0111\u00e0n v\u1eadt nu\u00f4i t\u0103ng so v\u1edbi n\u0103m 2020. Ch\u01b0\u01a1ng tr\u00ecnh \u201cM\u1ed7i x\u00e3 m\u1ed9t s\u1ea3n ph\u1ea9m\u201d (OCOP) \u0111\u01b0\u1ee3c ch\u00fa tr\u1ecdng tri\u1ec3n khai, x\u00e3 c\u00f3 hi\u1ec7n c\u00f3 01 H\u1ee3p t\u00e1c x\u00e3, 01 h\u1ed9 gia \u0111\u00ecnh c\u00f3 s\u1ea3n ph\u1ea9m \u0111\u01b0\u1ee3c c\u00f4ng nh\u1eadn s\u1ea3n ph\u1ea9m OCOP ti\u00eau chu\u1ea9n 3 sao. 5. V\u1ec1 c\u00f4ng nghi\u1ec7p - x\u00e2y d\u1ef1ng Ho\u1ea1t \u0111\u1ed9ng x\u00e2y d\u1ef1ng c\u00f3 b\u01b0\u1edbc ph\u00e1t tri\u1ec3n, h\u1ea1 t\u1ea7ng giao th\u00f4ng \u0111\u01b0\u1ee3c ch\u00fa tr\u1ecdng \u0111\u1ea7u t\u01b0, h\u1ea7u h\u1ebft c\u00e1c tuy\u1ebfn \u0111\u01b0\u1eddng giao th\u00f4ng t\u1eeb x\u00e3 \u0111\u1ebfn c\u00e1c th\u00f4n, giao th\u00f4ng n\u1ed9i th\u00f4n, n\u1ed9i \u0111\u1ed3ng c\u01a1 b\u1ea3n \u0111\u00e3 \u0111\u01b0\u1ee3c b\u00ea t\u00f4ng h\u00f3a, c\u1ee9ng ho\u00e1, nhi\u1ec1u tuy\u1ebfn \u0111\u01b0\u1eddng trong khu s\u1ea3n xu\u1ea5t \u0111\u01b0\u1ee3c k\u1ebft n\u1ed1i th\u00f4ng su\u1ed1t, t\u1ea1o \u0111i\u1ec1u ki\u1ec7n thu\u1eadn l\u1ee3i cho giao th\u01b0\u01a1ng, v\u1eadn chuy\u1ec3n h\u00e0ng h\u00f3a, g\u00f3p ph\u1ea7n ph\u00e1t tri\u1ec3n kinh t\u1ebf - x\u00e3 h\u1ed9i, gi\u1ea3i quy\u1ebft vi\u1ec7c l\u00e0m cho ng\u01b0\u1eddi lao \u0111\u1ed9ng t\u1ea1i \u0111\u1ecba ph\u01b0\u01a1ng. 6. Th\u01b0\u01a1ng m\u1ea1i - d\u1ecbch v\u1ee5 To\u00e0n \u0111\u1ecba b\u00e0n x\u00e3 c\u00f3 02 ch\u1ee3, 06 doanh nghi\u1ec7p t\u01b0 nh\u00e2n, 04 h\u1ee3p t\u00e1c x\u00e3, h\u01a1n 450 h\u1ed9 kinh doanh c\u00e1 th\u1ec3 \u0111ang ho\u1ea1t \u0111\u1ed9ng tr\u00ean \u0111\u1ecba b\u00e0n x\u00e3 cung \u1ee9ng nhi\u1ec1u m\u1eb7t h\u00e0ng, h\u00e0ng h\u00f3a \u0111\u00e1p \u1ee9ng \u0111\u1ee7 nhu c\u1ea7u ti\u00eau d\u00f9ng cho nh\u00e2n d\u00e2n tr\u00ean \u0111\u1ecba b\u00e0n v\u00e0 c\u00e1c x\u00e3 l\u00e2n c\u1eadn. \u0110\u00f3ng g\u00f3p t\u00edch c\u1ef1c trong s\u1ea3n xu\u1ea5t, g\u00f3p ph\u1ea7n x\u00f3a \u0111\u00f3i gi\u1ea3m ngh\u00e8o, t\u1ea1o vi\u1ec7c l\u00e0m cho ng\u01b0\u1eddi lao \u0111\u1ed9ng tr\u00ean \u0111\u1ecba b\u00e0n x\u00e3.</p></div>", "dan_so": "14378", "lanh_dao": "<p>- Hu\u1ef3nh V\u0103n Tr\u01b0\u1eddng, B\u00ed th\u01b0 \u0110\u1ea3ng u\u1ef7 Ch\u1ee7 t\u1ecbch H\u0110ND 0914305395</p><p>- Tr\u1ea7n V\u0103n H\u00f9ng, Ch\u1ee7 t\u1ecbch UBND 0988963258</p>", "sap_nhap": "Ch\u01b0 R\u0103ng, P\u1edd T\u00f3", "dtich_km2": "177.9", "ma_xa": 127, "tru_so": "<p>- \u0110\u1ea3ng \u1ee7y: Th\u00f4n B\u00ecnh T\u00e2y, x\u00e3 P\u1edd T\u00f3, t\u1ec9nh Gia Lai<br>- H\u0110ND-UBND-Trung t\u00e2m PVHCC: Th\u00f4n 3, x\u00e3 P\u1edd T\u00f3<br>- MTTQ: Th\u00f4n B\u00ecnh T\u00e2y, x\u00e3 P\u1edd T\u00f3<br> <br></p>", "url": "https://baogialai.com.vn/dia-phuong/xa-po-to/127.html", "ten_xa": "X\u00e3 P\u1edd T\u00f3", "order": 100}, "geometry": {"type": "Polygon", "coordinates": [[[108.46912, 13.66551], [108.46394, 13.6654], [108.46149, 13.66203], [108.45866, 13.66086], [108.45403, 13.665], [108.45081, 13.66384], [108.44717, 13.66643], [108.44358, 13.66769], [108.44231, 13.67033], [108.44, 13.66897], [108.43788, 13.67208], [108.43675, 13.6726], [108.43598, 13.67147], [108.43451, 13.67187], [108.42381, 13.67952], [108.41643, 13.68241], [108.39621, 13.69335], [108.38402, 13.69306], [108.3787, 13.69407], [108.37341, 13.69208], [108.36959, 13.6925], [108.36928, 13.69113], [108.3589, 13.68994], [108.35449, 13.68792], [108.35079, 13.68288], [108.34649, 13.68186], [108.34659, 13.68015], [108.34447, 13.67991], [108.34393, 13.67907], [108.34292, 13.67983], [108.34188, 13.67894], [108.34282, 13.67821], [108.34212, 13.67631], [108.34041, 13.67623], [108.33824, 13.67444], [108.33669, 13.67467], [108.33629, 13.67206], [108.33567, 13.67304], [108.33613, 13.67416], [108.3352, 13.67519], [108.33483, 13.67423], [108.33387, 13.67475], [108.33417, 13.67543], [108.33326, 13.67575], [108.33368, 13.67744], [108.33214, 13.67922], [108.33056, 13.67879], [108.33066, 13.67773], [108.32913, 13.67854], [108.32796, 13.67661], [108.32517, 13.67728], [108.32396, 13.67669], [108.32256, 13.67774], [108.32163, 13.67639], [108.31558, 13.67657], [108.31536, 13.67359], [108.31666, 13.67124], [108.3118, 13.67004], [108.3084, 13.66589], [108.30114, 13.66153], [108.28983, 13.66418], [108.28897, 13.66316], [108.28541, 13.66389], [108.28375, 13.66179], [108.28248, 13.66159], [108.28542, 13.65877], [108.28535, 13.65586], [108.28739, 13.65475], [108.28649, 13.65132], [108.28832, 13.65013], [108.28876, 13.64841], [108.29167, 13.64745], [108.29214, 13.64653], [108.29397, 13.64679], [108.29485, 13.64409], [108.29621, 13.64444], [108.30445, 13.63974], [108.30702, 13.63687], [108.30807, 13.63679], [108.30986, 13.63499], [108.31006, 13.63341], [108.313, 13.63034], [108.31445, 13.62986], [108.32103, 13.62175], [108.32126, 13.61847], [108.32291, 13.61906], [108.32494, 13.61692], [108.32714, 13.61715], [108.33029, 13.61538], [108.33069, 13.61416], [108.33247, 13.61417], [108.33257, 13.61318], [108.33685, 13.61195], [108.33653, 13.61103], [108.34219, 13.60836], [108.34477, 13.60785], [108.34705, 13.60947], [108.35047, 13.60977], [108.35676, 13.6087], [108.35943, 13.60926], [108.36376, 13.60758], [108.36348, 13.60668], [108.36637, 13.60657], [108.36653, 13.60549], [108.36791, 13.60581], [108.36833, 13.60487], [108.37104, 13.60468], [108.37145, 13.60354], [108.37325, 13.60341], [108.37526, 13.6021], [108.37576, 13.60254], [108.3841, 13.60082], [108.38653, 13.59884], [108.38697, 13.59776], [108.38612, 13.59633], [108.38647, 13.59557], [108.38782, 13.59594], [108.38834, 13.59283], [108.38625, 13.59119], [108.38727, 13.59046], [108.38657, 13.58966], [108.38835, 13.58799], [108.38621, 13.58771], [108.38577, 13.58692], [108.38705, 13.58573], [108.38705, 13.58417], [108.38962, 13.58347], [108.38957, 13.57954], [108.38893, 13.57673], [108.38761, 13.57597], [108.38782, 13.57246], [108.38716, 13.57098], [108.38765, 13.5699], [108.39117, 13.5681], [108.39303, 13.56544], [108.3959, 13.56406], [108.396, 13.55436], [108.39884, 13.55729], [108.40041, 13.55754], [108.40186, 13.56159], [108.40663, 13.5619], [108.40911, 13.55956], [108.41159, 13.55893], [108.41315, 13.55974], [108.41445, 13.55905], [108.41508, 13.56015], [108.41779, 13.55893], [108.4189, 13.55911], [108.41885, 13.56252], [108.42109, 13.56437], [108.42266, 13.56386], [108.42281, 13.56182], [108.42409, 13.56101], [108.42628, 13.56257], [108.42846, 13.56123], [108.43211, 13.56177], [108.43354, 13.56432], [108.43766, 13.56182], [108.43832, 13.56263], [108.44285, 13.56319], [108.4425, 13.56424], [108.4454, 13.56464], [108.44805, 13.56764], [108.44896, 13.56677], [108.45389, 13.56951], [108.45205, 13.57365], [108.45309, 13.57342], [108.45433, 13.57483], [108.4539, 13.5752], [108.45482, 13.57694], [108.45428, 13.57952], [108.45509, 13.58128], [108.45722, 13.58283], [108.45693, 13.58431], [108.45764, 13.58501], [108.46038, 13.58452], [108.46461, 13.5862], [108.46518, 13.58708], [108.4654, 13.59109], [108.46315, 13.59635], [108.46471, 13.59985], [108.46414, 13.60131], [108.46551, 13.6068], [108.47039, 13.60887], [108.47041, 13.61173], [108.47288, 13.61885], [108.47389, 13.61869], [108.4779, 13.61207], [108.47918, 13.61162], [108.48008, 13.61306], [108.47877, 13.61482], [108.47913, 13.61561], [108.47591, 13.61881], [108.47179, 13.62614], [108.47143, 13.62535], [108.47015, 13.62536], [108.46619, 13.62932], [108.46757, 13.63168], [108.46715, 13.63445], [108.46437, 13.63629], [108.46416, 13.63799], [108.46206, 13.6405], [108.46281, 13.64968], [108.45894, 13.64975], [108.46246, 13.65804], [108.46624, 13.66099], [108.46912, 13.66551]]]}}, {"type": "Feature", "properties": {"other_info": "<div id=\"other-info-content\"><span class=\"cms\">Th\u00f4ng tin kh\u00e1c: </span><p>Ti\u1ec1m n\u0103ng, th\u1ebf m\u1ea1nh<br> V\u1ecb tr\u00ed trung t\u00e2m gi\u00fap ph\u01b0\u1eddng tr\u1edf th\u00e0nh \u0111i\u1ec3m k\u1ebft n\u1ed1i quan tr\u1ecdng gi\u1eefa c\u00e1c khu v\u1ef1c l\u00e2n c\u1eadn, thu\u1eadn l\u1ee3i cho giao th\u01b0\u01a1ng v\u00e0 ph\u00e1t tri\u1ec3n \u0111\u00f4 th\u1ecb. Ph\u01b0\u1eddng Quy Nh\u01a1n \u0111\u01b0\u1ee3c h\u01b0\u1edfng l\u1ee3i t\u1eeb kh\u00ed h\u1eadu \u00f4n h\u00f2a, v\u1edbi m\u00f9a m\u01b0a v\u00e0 m\u00f9a kh\u00f4 r\u00f5 r\u1ec7t. \u0110i\u1ec1u ki\u1ec7n n\u00e0y ph\u00f9 h\u1ee3p cho c\u1ea3 ph\u00e1t tri\u1ec3n \u0111\u00f4 th\u1ecb v\u00e0 c\u00e1c ho\u1ea1t \u0111\u1ed9ng th\u01b0\u01a1ng m\u1ea1i, d\u1ecbch v\u1ee5.<br> Kinh t\u1ebf c\u1ee7a ph\u01b0\u1eddng Quy Nh\u01a1n ch\u1ee7 y\u1ebfu d\u1ef1a v\u00e0o th\u01b0\u01a1ng m\u1ea1i, d\u1ecbch v\u1ee5 v\u00e0 m\u1ed9t ph\u1ea7n n\u00f4ng nghi\u1ec7p \u0111\u00f4 th\u1ecb. Sau s\u00e1p nh\u1eadp, ph\u01b0\u1eddng \u0111\u00e3 c\u00f3 th\u00eam nhi\u1ec1u c\u01a1 h\u1ed9i \u0111\u1ec3 khai th\u00e1c ti\u1ec1m n\u0103ng kinh t\u1ebf, t\u1eeb vi\u1ec7c ph\u00e1t tri\u1ec3n c\u00e1c khu th\u01b0\u01a1ng m\u1ea1i \u0111\u1ebfn \u0111\u1ea9y m\u1ea1nh du l\u1ecbch v\u00e0 d\u1ecbch v\u1ee5. Ch\u00ednh quy\u1ec1n \u0111\u1ecba ph\u01b0\u01a1ng \u0111ang n\u1ed7 l\u1ef1c t\u1eadn d\u1ee5ng nh\u1eefng l\u1ee3i th\u1ebf n\u00e0y \u0111\u1ec3 \u0111\u01b0a ph\u01b0\u1eddng tr\u1edf th\u00e0nh m\u1ed9t \u0111i\u1ec3m s\u00e1ng kinh t\u1ebf c\u1ee7a t\u1ec9nh Gia Lai.<br> Th\u01b0\u01a1ng m\u1ea1i v\u00e0 d\u1ecbch v\u1ee5: V\u1edbi v\u1ecb tr\u00ed trung t\u00e2m v\u00e0 d\u00e2n s\u1ed1 \u0111\u00f4ng, ph\u01b0\u1eddng Quy Nh\u01a1n l\u00e0 n\u01a1i t\u1eadp trung nhi\u1ec1u ho\u1ea1t \u0111\u1ed9ng th\u01b0\u01a1ng m\u1ea1i, t\u1eeb c\u00e1c ch\u1ee3 truy\u1ec1n th\u1ed1ng \u0111\u1ebfn c\u00e1c trung t\u00e2m mua s\u1eafm hi\u1ec7n \u0111\u1ea1i. C\u00e1c ng\u00e0nh d\u1ecbch v\u1ee5 nh\u01b0 nh\u00e0 h\u00e0ng, kh\u00e1ch s\u1ea1n, homestay \u0111ang ph\u00e1t tri\u1ec3n m\u1ea1nh m\u1ebd g\u00f3p ph\u1ea7n ph\u00e1t tri\u1ec3n kinh t\u1ebf du l\u1ecbch c\u1ee7a t\u1ec9nh.<br> N\u00f4ng nghi\u1ec7p \u0111\u00f4 th\u1ecb v\u00e0 s\u1ea3n xu\u1ea5t nh\u1ecf: D\u00f9 l\u00e0 khu v\u1ef1c \u0111\u00f4 th\u1ecb, ph\u01b0\u1eddng Quy Nh\u01a1n v\u1eabn duy tr\u00ec m\u1ed9t s\u1ed1 ho\u1ea1t \u0111\u1ed9ng n\u00f4ng nghi\u1ec7p nh\u01b0 tr\u1ed3ng rau s\u1ea1ch v\u00e0 hoa, c\u00e2y c\u1ea3nh. C\u00e1c m\u00f4 h\u00ecnh s\u1ea3n xu\u1ea5t nh\u1ecf l\u1ebb n\u00e0y kh\u00f4ng ch\u1ec9 cung c\u1ea5p th\u1ef1c ph\u1ea9m m\u00e0 c\u00f2n t\u1ea1o vi\u1ec7c l\u00e0m cho ng\u01b0\u1eddi d\u00e2n.<br> Du l\u1ecbch v\u00e0 d\u1ecbch v\u1ee5 c\u1ed9ng \u0111\u1ed3ng: V\u1edbi s\u1ef1 giao thoa v\u0103n h\u00f3a v\u00e0 c\u1ea3nh quan \u0111\u00f4 th\u1ecb hi\u1ec7n \u0111\u1ea1i, ph\u01b0\u1eddng Quy Nh\u01a1n c\u00f3 ti\u1ec1m n\u0103ng ph\u00e1t tri\u1ec3n du l\u1ecbch \u0111\u00f4 th\u1ecb v\u00e0 c\u00e1c d\u1ecbch v\u1ee5 c\u1ed9ng \u0111\u1ed3ng. C\u00e1c l\u1ec5 h\u1ed9i v\u0103n h\u00f3a v\u00e0 s\u1ef1 ki\u1ec7n c\u1ed9ng \u0111\u1ed3ng \u0111ang \u0111\u01b0\u1ee3c t\u1ed5 ch\u1ee9c th\u01b0\u1eddng xuy\u00ean \u0111\u1ec3 thu h\u00fat du kh\u00e1ch \u0111\u1ebfn tham quan.<br> H\u1ed7 tr\u1ee3 ph\u00e1t tri\u1ec3n t\u1eeb ch\u00ednh s\u00e1ch: Ch\u00ednh quy\u1ec1n t\u1ec9nh Gia Lai \u0111\u00e3 c\u00f3 nhi\u1ec1u ch\u00ednh s\u00e1ch h\u1ed7 tr\u1ee3 ph\u01b0\u1eddng Quy Nh\u01a1n, t\u1eeb vi\u1ec7c \u0111\u1ea7u t\u01b0 h\u1ea1 t\u1ea7ng \u0111\u1ebfn khuy\u1ebfn kh\u00edch c\u00e1c doanh nghi\u1ec7p nh\u1ecf v\u00e0 v\u1eeba. Nh\u1eefng ch\u01b0\u01a1ng tr\u00ecnh h\u1ed7 tr\u1ee3 kh\u1edfi nghi\u1ec7p v\u00e0 \u0111\u00e0o t\u1ea1o ngh\u1ec1 c\u0169ng \u0111\u01b0\u1ee3c tri\u1ec3n khai \u0111\u1ec3 n\u00e2ng cao thu nh\u1eadp cho ng\u01b0\u1eddi d\u00e2n.</p></div>", "dan_so": "129326", "lanh_dao": "<p>- Nguy\u1ec5n H\u1eefu Kh\u00fac, B\u00ed th\u01b0 \u0110\u1ea3ng u\u1ef7 Ch\u1ee7 t\u1ecbch H\u0110ND 0914222005</p><p>- Nguy\u1ec5n \u0110\u1ee9c To\u00e0n, Ch\u1ee7 t\u1ecbch UBND 0914115114- </p>", "sap_nhap": "\u0110\u00f4\u0301ng \u0110a (th\u00e0nh ph\u1ed1 Quy Nh\u01a1n), H\u1ea3i C\u1ea3ng, Th\u1ecb N\u1ea1i, Tr\u1ea7n Ph\u00fa", "dtich_km2": "21.78", "ma_xa": 128, "tru_so": "<p>S\u1ed1 127 Hai B\u00e0 Tr\u01b0ng, ph\u01b0\u1eddng Quy Nh\u01a1n (Trung t\u00e2m Ph\u1ee5c v\u1ee5 h\u00e0nh ch\u00ednh c\u00f4ng t\u1ec9nh)</p>", "url": "https://baogialai.com.vn/dia-phuong/phuong-quy-nhon/128.html", "ten_xa": "Ph\u01b0\u1eddng Quy Nh\u01a1n", "order": 100}, "geometry": {"type": "Polygon", "coordinates": [[[109.22464, 13.80156], [109.22149, 13.80324], [109.21872, 13.80194], [109.21846, 13.80081], [109.21589, 13.80017], [109.21332, 13.79631], [109.21005, 13.79353], [109.20907, 13.79044], [109.207, 13.78962], [109.20437, 13.78661], [109.19669, 13.78306], [109.19657, 13.78065], [109.2006, 13.77991], [109.20189, 13.78111], [109.20528, 13.78142], [109.21594, 13.77282], [109.22045, 13.77192], [109.22049, 13.76795], [109.21953, 13.76599], [109.22063, 13.76111], [109.22141, 13.76066], [109.22258, 13.76133], [109.2231, 13.76083], [109.23294, 13.7684], [109.24158, 13.77154], [109.24669, 13.77038], [109.251, 13.76786], [109.25179, 13.76287], [109.25049, 13.76151], [109.2513, 13.7606], [109.25288, 13.75949], [109.25476, 13.75944], [109.25494, 13.7585], [109.25616, 13.75897], [109.26054, 13.75723], [109.26041, 13.76083], [109.26466, 13.76548], [109.26763, 13.76743], [109.26666, 13.76997], [109.26737, 13.77231], [109.26697, 13.77597], [109.26948, 13.781], [109.2686, 13.78261], [109.26411, 13.78484], [109.26208, 13.79154], [109.2627, 13.79578], [109.23948, 13.79692], [109.22833, 13.80232], [109.22464, 13.80156]]]}}, {"type": "Feature", "properties": {"other_info": "", "dan_so": "45746", "lanh_dao": "<p>- Tr\u1ea7n Th\u1ecb Nh\u01b0 Hoa, B\u00ed th\u01b0 \u0110\u1ea3ng u\u1ef7 Ch\u1ee7 t\u1ecbch H\u0110ND 0989399408</p><p>- Nguy\u1ec5n Th\u00e1i Di\u1ec5n, Ch\u1ee7 t\u1ecbch UBND 0905065968</p>", "sap_nhap": "Tr\u1ea7n Quang Di\u1ec7u, Nh\u01a1n Ph\u00fa", "dtich_km2": "23.7", "ma_xa": 129, "tru_so": "<p>- \u0110\u1ea3ng \u1ee7y-H\u0110ND-UBND: S\u1ed1 09 Thu\u1eadn Ninh, ph\u01b0\u1eddng Quy Nh\u01a1n B\u1eafc (Tr\u1ee5 s\u1edf ph\u01b0\u1eddng Nh\u01a1n Ph\u00fa tr\u01b0\u1edbc \u0111\u00e2y)<br>- MTTQ: T\u1ed5 7 khu ph\u1ed1 5, ph\u01b0\u1eddng Quy Nh\u01a1n B\u1eafc (Trung t\u00e2m GDNN-GDTX tr\u01b0\u1edbc \u0111\u00e2y)<br>- Trung t\u00e2m PVHCC: S\u1ed1 09 Thu\u1eadn Ninh, ph\u01b0\u1eddng Quy Nh\u01a1n B\u1eafc (Tr\u1ee5 s\u1edf ph\u01b0\u1eddng Nh\u01a1n Ph\u00fa tr\u01b0\u1edbc \u0111\u00e2y)</p>", "url": "https://baogialai.com.vn/dia-phuong/phuong-quy-nhon-bac/129.html", "ten_xa": "Ph\u01b0\u1eddng Quy Nh\u01a1n B\u1eafc", "order": 100}, "geometry": {"type": "Polygon", "coordinates": [[[109.17892, 13.81858], [109.17776, 13.81825], [109.17961, 13.81775], [109.1786, 13.81473], [109.17188, 13.81523], [109.17149, 13.81411], [109.17233, 13.81184], [109.1702, 13.80908], [109.1689, 13.80858], [109.16633, 13.80932], [109.16406, 13.80656], [109.16183, 13.80656], [109.16233, 13.8057], [109.16168, 13.80541], [109.15865, 13.80612], [109.15607, 13.80184], [109.15439, 13.80199], [109.14259, 13.79725], [109.13667, 13.79572], [109.1314, 13.79117], [109.13305, 13.78983], [109.13368, 13.78124], [109.13287, 13.77962], [109.13449, 13.77465], [109.13702, 13.77178], [109.14031, 13.77147], [109.1426, 13.77281], [109.15067, 13.77329], [109.15167, 13.77243], [109.15578, 13.77218], [109.16292, 13.77305], [109.16525, 13.77473], [109.17011, 13.77302], [109.17546, 13.77568], [109.17602, 13.77323], [109.17913, 13.77179], [109.17806, 13.76994], [109.1812, 13.76766], [109.18186, 13.76608], [109.18978, 13.76584], [109.19046, 13.76829], [109.19122, 13.76829], [109.19802, 13.77766], [109.19552, 13.78026], [109.19657, 13.78292], [109.20456, 13.78686], [109.1935, 13.79004], [109.18939, 13.79327], [109.1896, 13.79499], [109.18815, 13.79666], [109.18622, 13.80325], [109.18223, 13.80766], [109.1804, 13.81266], [109.17976, 13.81784], [109.17892, 13.81858]]]}}, {"type": "Feature", "properties": {"other_info": "", "dan_so": "47067", "lanh_dao": "<p>- Hu\u1ef3nh Ng\u1ecdc Ho\u00e0ng, B\u00ed th\u01b0 \u0110\u1ea3ng u\u1ef7 Ch\u1ee7 t\u1ecbch H\u0110ND 0927908179</p><p>- Tr\u1ea7n Vi\u1ec7t Quang, Ch\u1ee7 t\u1ecbch UBND 0935250065</p>", "sap_nhap": "Nh\u01a1n B\u00ecnh, Nh\u01a1n H\u1ed9i, Nh\u01a1n L\u00fd, Nh\u01a1n H\u1ea3i", "dtich_km2": "81.97", "ma_xa": 130, "tru_so": "<p>- \u0110\u1ea3ng \u1ee7y-H\u0110ND-UBND-MTTQ-Trung t\u00e2m PVHCC: Tr\u1ee5 s\u1edf Ban Qu\u1ea3n l\u00fd Khu kinh t\u1ebf t\u1ec9nh B\u00ecnh \u0110\u1ecbnh tr\u01b0\u1edbc \u0111\u00e2y<br> <br><br></p>", "url": "https://baogialai.com.vn/dia-phuong/phuong-quy-nhon-dong/130.html", "ten_xa": "Ph\u01b0\u1eddng Quy Nh\u01a1n \u0110\u00f4ng", "order": 100}, "geometry": {"type": "MultiPolygon", "coordinates": [[[[109.29863, 13.76563], [109.29695, 13.76748], [109.29618, 13.76717], [109.29593, 13.76542], [109.29817, 13.76441], [109.2996, 13.76135], [109.3006, 13.7619], [109.30074, 13.76138], [109.30089, 13.76425], [109.30043, 13.76392], [109.29978, 13.76491], [109.29948, 13.76648], [109.29863, 13.76563]]], [[[109.29685, 13.76927], [109.29576, 13.77079], [109.29629, 13.76805], [109.29685, 13.76927]]], [[[109.30462, 13.88235], [109.30286, 13.88206], [109.30195, 13.87988], [109.30314, 13.87774], [109.30462, 13.88013], [109.30406, 13.88111], [109.30462, 13.88235]]], [[[109.30519, 13.88399], [109.30407, 13.88394], [109.3057, 13.88191], [109.30519, 13.88399]]], [[[109.34803, 13.89839], [109.34857, 13.89583], [109.34859, 13.89673], [109.34933, 13.89654], [109.34803, 13.89839]]], [[[109.35066, 13.89904], [109.34979, 13.89883], [109.35115, 13.89838], [109.35066, 13.89904]]], [[[109.35276, 13.89963], [109.35185, 13.90065], [109.35247, 13.89861], [109.35276, 13.89963]]], [[[109.27319, 13.89371], [109.2664, 13.90127], [109.25965, 13.90162], [109.25681, 13.89323], [109.24892, 13.89352], [109.24829, 13.8911], [109.24621, 13.88931], [109.24745, 13.88322], [109.2477, 13.87689], [109.24972, 13.87109], [109.24768, 13.86411], [109.25179, 13.8541], [109.25307, 13.84816], [109.25179, 13.8404], [109.23962, 13.81753], [109.22914, 13.81909], [109.225, 13.81895], [109.21976, 13.81252], [109.2174, 13.81127], [109.21468, 13.81193], [109.21462, 13.81482], [109.21378, 13.81628], [109.20639, 13.81666], [109.20142, 13.81258], [109.19996, 13.81219], [109.19912, 13.81725], [109.19266, 13.81715], [109.19019, 13.81799], [109.18577, 13.82318], [109.17855, 13.82521], [109.17656, 13.82829], [109.17543, 13.82261], [109.17722, 13.82065], [109.178, 13.82105], [109.17698, 13.81878], [109.17972, 13.81795], [109.1804, 13.81266], [109.18223, 13.80766], [109.18622, 13.80325], [109.18815, 13.79666], [109.1896, 13.79499], [109.18939, 13.79327], [109.1935, 13.79004], [109.19606, 13.78913], [109.20456, 13.78686], [109.20705, 13.78966], [109.20907, 13.79044], [109.21005, 13.79353], [109.21332, 13.79631], [109.21589, 13.80017], [109.21846, 13.80081], [109.21872, 13.80194], [109.22149, 13.80324], [109.22488, 13.80152], [109.22833, 13.80232], [109.23948, 13.79692], [109.2627, 13.79578], [109.26208, 13.79154], [109.26411, 13.78484], [109.2686, 13.78261], [109.26948, 13.781], [109.26697, 13.77597], [109.26737, 13.77231], [109.26666, 13.76997], [109.26763, 13.76743], [109.26466, 13.76548], [109.26041, 13.76083], [109.26054, 13.75723], [109.26561, 13.7578], [109.26754, 13.75705], [109.27414, 13.76114], [109.28033, 13.76232], [109.28251, 13.76158], [109.28493, 13.75684], [109.28828, 13.75377], [109.28835, 13.75529], [109.28927, 13.75474], [109.28845, 13.75594], [109.28966, 13.75598], [109.28823, 13.75776], [109.28966, 13.76414], [109.29319, 13.76721], [109.29124, 13.77028], [109.29241, 13.77207], [109.294, 13.77157], [109.29297, 13.77295], [109.29399, 13.77452], [109.29272, 13.7788], [109.29408, 13.78052], [109.29074, 13.78704], [109.29149, 13.78888], [109.28909, 13.79082], [109.28963, 13.79481], [109.28674, 13.79771], [109.2862, 13.7996], [109.28671, 13.80064], [109.28556, 13.8016], [109.28662, 13.8024], [109.28662, 13.80356], [109.28547, 13.80439], [109.28615, 13.8089], [109.28802, 13.8109], [109.28987, 13.81761], [109.29369, 13.82125], [109.29598, 13.82127], [109.29647, 13.82332], [109.29855, 13.82485], [109.29772, 13.82622], [109.29911, 13.8267], [109.2994, 13.83006], [109.29814, 13.82963], [109.29796, 13.83361], [109.29592, 13.83587], [109.29797, 13.83782], [109.29858, 13.83921], [109.29805, 13.8403], [109.29917, 13.84191], [109.29738, 13.84519], [109.29556, 13.84669], [109.29567, 13.84751], [109.29384, 13.84808], [109.29235, 13.85244], [109.29444, 13.85419], [109.29507, 13.85591], [109.29426, 13.85753], [109.29485, 13.85883], [109.29318, 13.86179], [109.29393, 13.86397], [109.29243, 13.86703], [109.29265, 13.87136], [109.29196, 13.87276], [109.29488, 13.87811], [109.29814, 13.8771], [109.29648, 13.88535], [109.29243, 13.88623], [109.29201, 13.89004], [109.2941, 13.89361], [109.29312, 13.89497], [109.29255, 13.8934], [109.29022, 13.89153], [109.29093, 13.8881], [109.28747, 13.8865], [109.28386, 13.88691], [109.2795, 13.88867], [109.27319, 13.89371]]], [[[109.31875, 13.90091], [109.31762, 13.90418], [109.31681, 13.90235], [109.31732, 13.89996], [109.31875, 13.90091]]]]}}, {"type": "Feature", "properties": {"other_info": "<div id=\"other-info-content\"><span class=\"cms\">Th\u00f4ng tin kh\u00e1c: </span><p>Ti\u1ec1m n\u0103ng, th\u1ebf m\u1ea1nh<br> Ph\u01b0\u1eddng Quy Nh\u01a1n Nam l\u00e0 khu v\u1ef1c n\u1ed9i th\u00e0nh thu\u1ed9c t\u1ec9nh Gia Lai, n\u1eb1m \u1edf ph\u00eda \u0110\u00f4ng Nam c\u1ee7a t\u1ec9nh, gi\u1eef vai tr\u00f2 quan tr\u1ecdng trong chi\u1ebfn l\u01b0\u1ee3c ph\u00e1t tri\u1ec3n kinh t\u1ebf - x\u00e3 h\u1ed9i \u0111\u00f4 th\u1ecb. Trong quy ho\u1ea1ch ph\u00e1t tri\u1ec3n ven bi\u1ec3n c\u1ee7a t\u1ec9nh, ph\u01b0\u1eddng Quy Nh\u01a1n Nam gi\u1eef v\u1ecb tr\u00ed chi\u1ebfn l\u01b0\u1ee3c, l\u00e0 \u0111i\u1ec3m k\u1ebft n\u1ed1i quan tr\u1ecdng gi\u1eefa trung t\u00e2m \u0111\u00f4 th\u1ecb v\u00e0 kh\u00f4ng gian ven bi\u1ec3n. \u0110\u1ecba h\u00ecnh n\u01a1i \u0111\u00e2y tr\u1ea3i d\u00e0i t\u1eeb c\u00e1c khu d\u00e2n c\u01b0 s\u1ea7m u\u1ea5t \u0111\u1ebfn v\u00f9ng ven bi\u1ec3n th\u01a1 m\u1ed9ng, n\u1ed5i b\u1eadt v\u1edbi c\u00e1c danh th\u1eafng nh\u01b0 n\u00fai Xu\u00e2n V\u00e2n, Gh\u1ec1nh R\u00e1ng \u2013 Ti\u00ean Sa,... t\u1ea1o n\u00ean s\u1ef1 giao thoa h\u00e0i h\u00f2a gi\u1eefa c\u1ea3nh quan \u0111\u00f4 th\u1ecb hi\u1ec7n \u0111\u1ea1i v\u00e0 thi\u00ean nhi\u00ean t\u01b0\u01a1i \u0111\u1eb9p.<br> V\u1edbi l\u1ee3i th\u1ebf v\u1ec1 h\u1ea1 t\u1ea7ng giao th\u00f4ng ph\u00e1t tri\u1ec3n v\u00e0 v\u1ecb tr\u00ed ti\u1ebfp gi\u00e1p thu\u1eadn l\u1ee3i v\u1edbi c\u00e1c \u0111\u1ecba ph\u01b0\u01a1ng l\u00e2n c\u1eadn, ph\u01b0\u1eddng Quy Nh\u01a1n Nam c\u00f3 nhi\u1ec1u \u0111i\u1ec1u ki\u1ec7n thu\u1eadn l\u1ee3i \u0111\u1ec3 ho\u1ea1ch \u0111\u1ecbnh c\u00e1c chi\u1ebfn l\u01b0\u1ee3c ph\u00e1t tri\u1ec3n d\u00e0i h\u1ea1n. \u0110\u1ecba ph\u01b0\u01a1ng h\u01b0\u1edbng \u0111\u1ebfn m\u00f4 h\u00ecnh ph\u00e1t tri\u1ec3n b\u1ec1n v\u1eefng, k\u1ebft h\u1ee3p gi\u1eefa t\u0103ng tr\u01b0\u1edfng kinh t\u1ebf v\u00e0 g\u00ecn gi\u1eef gi\u00e1 tr\u1ecb truy\u1ec1n th\u1ed1ng.Ngo\u00e0i ra, Quy Nh\u01a1n Nam v\u1edbi l\u1ee3i th\u1ebf v\u1ec1 ph\u00e1t tri\u1ec3n kinh t\u1ebf \u2013 th\u01b0\u01a1ng m\u1ea1i \u2013 d\u1ecbch v\u1ee5 v\u00e0 du l\u1ecbch \u0111a d\u1ea1ng lo\u1ea1i h\u00ecnh t\u1eeb ngh\u1ec9 d\u01b0\u1ee1ng bi\u1ec3n, kh\u00e1m ph\u00e1 v\u0103n h\u00f3a \u2013 l\u1ecbch s\u1eed \u0111\u1ebfn tr\u1ea3i nghi\u1ec7m khoa h\u1ecdc v\u00e0 s\u00e1ng t\u1ea1o. \u0110\u1ecba ph\u01b0\u01a1ng \u0111ang t\u00edch c\u1ef1c tri\u1ec3n khai nhi\u1ec1u gi\u1ea3i ph\u00e1p \u0111\u1ed3ng b\u1ed9, t\u1eebng b\u01b0\u1edbc hi\u1ec7n th\u1ef1c h\u00f3a m\u1ee5c ti\u00eau tr\u1edf th\u00e0nh m\u1ed9t \u0111\u00f4 th\u1ecb ven bi\u1ec3n hi\u1ec7n \u0111\u1ea1i, v\u0103n minh, h\u1ea1nh ph\u00fac.</p></div>", "dan_so": "73296", "lanh_dao": "<p>- \u0110\u1eb7ng M\u1ea1nh C\u01b0\u1eddng, B\u00ed th\u01b0 \u0110\u1ea3ng u\u1ef7 Ch\u1ee7 t\u1ecbch H\u0110ND 0905131111</p><p>- Nguy\u1ec5n Th\u1ecb B\u00edch Hoa, Ch\u1ee7 t\u1ecbch UBND 0913759467</p>", "sap_nhap": "Ng\u00f4 M\u00e2y (th\u00e0nh ph\u1ed1 Quy Nh\u01a1n), Nguy\u1ec5n V\u0103n C\u1eeb, Quang Trung, Gh\u1ec1nh R\u00e1ng", "dtich_km2": "36.36", "ma_xa": 131, "tru_so": "<p>- \u0110\u1ea3ng \u1ee7y: S\u1ed1 70 H\u00e0n M\u1eb7c T\u1eed, ph\u01b0\u1eddng Quy Nh\u01a1n Nam (Tr\u1ee5 s\u1edf ph\u01b0\u1eddng Gh\u1ec1nh R\u00e1ng tr\u01b0\u1edbc \u0111\u00e2y)<br>- H\u0110ND-UBND: S\u1ed1 148 C\u1ea7n V\u01b0\u01a1ng, ph\u01b0\u1eddng Quy Nh\u01a1n Nam (Tr\u1ee5 s\u1edf C\u00f4ng an ph\u01b0\u1eddng Nguy\u1ec5n V\u0103n C\u1eeb tr\u01b0\u1edbc \u0111\u00e2y)<br>- MTTQ: S\u1ed1 70 H\u00e0n M\u1eb7c T\u1eed, ph\u01b0\u1eddng Quy Nh\u01a1n Nam (Tr\u1ee5 s\u1edf ph\u01b0\u1eddng Gh\u1ec1nh R\u00e1ng tr\u01b0\u1edbc \u0111\u00e2y)<br>- Trung t\u00e2m PVHCC: S\u1ed1 127 Hai B\u00e0 Tr\u01b0ng, ph\u01b0\u1eddng Quy Nh\u01a1n (Trung t\u00e2m Ph\u1ee5c v\u1ee5 h\u00e0nh ch\u00ednh c\u00f4ng t\u1ec9nh)</p>", "url": "https://baogialai.com.vn/dia-phuong/phuong-quy-nhon-nam/131.html", "ten_xa": "Ph\u01b0\u1eddng Quy Nh\u01a1n Nam", "order": 100}, "geometry": {"type": "MultiPolygon", "coordinates": [[[[109.25578, 13.67975], [109.25232, 13.68482], [109.25051, 13.6803], [109.25195, 13.67857], [109.25306, 13.67911], [109.25557, 13.67818], [109.25578, 13.67975]]], [[[109.24122, 13.6822], [109.24057, 13.68588], [109.23781, 13.68441], [109.23825, 13.68172], [109.2391, 13.68271], [109.24122, 13.6822]]], [[[109.20467, 13.78127], [109.20183, 13.78109], [109.2006, 13.77991], [109.19916, 13.78062], [109.19761, 13.78005], [109.19621, 13.78147], [109.19559, 13.78011], [109.19802, 13.77766], [109.19122, 13.76829], [109.19046, 13.76829], [109.18978, 13.76584], [109.18186, 13.76608], [109.18188, 13.76421], [109.18085, 13.76287], [109.18384, 13.75521], [109.18856, 13.75186], [109.19174, 13.7487], [109.19251, 13.7467], [109.19238, 13.74418], [109.19048, 13.73971], [109.18398, 13.73586], [109.18337, 13.73166], [109.18368, 13.7294], [109.18654, 13.72375], [109.18662, 13.7215], [109.18983, 13.71482], [109.19321, 13.712], [109.19236, 13.70793], [109.19331, 13.70596], [109.1925, 13.70084], [109.19331, 13.69725], [109.19155, 13.69673], [109.19043, 13.69359], [109.19953, 13.6953], [109.20007, 13.69415], [109.20323, 13.69372], [109.20353, 13.69096], [109.20516, 13.68832], [109.20501, 13.68575], [109.2076, 13.68106], [109.21213, 13.67902], [109.21429, 13.67952], [109.21597, 13.68151], [109.21856, 13.68153], [109.22121, 13.67958], [109.22733, 13.67765], [109.22901, 13.67613], [109.23034, 13.67317], [109.23378, 13.67091], [109.23369, 13.68123], [109.23133, 13.68508], [109.23297, 13.68731], [109.23119, 13.68863], [109.23091, 13.68763], [109.22946, 13.68752], [109.22679, 13.69046], [109.22496, 13.69938], [109.22408, 13.70018], [109.22411, 13.70257], [109.22291, 13.70327], [109.22277, 13.70643], [109.22183, 13.70755], [109.22198, 13.71178], [109.21785, 13.71464], [109.21819, 13.72594], [109.21946, 13.73369], [109.21789, 13.73999], [109.21571, 13.74238], [109.2143, 13.74557], [109.2176, 13.7536], [109.2231, 13.76083], [109.22063, 13.76111], [109.21952, 13.76619], [109.22049, 13.76795], [109.22045, 13.77192], [109.21594, 13.77282], [109.21051, 13.77671], [109.20786, 13.77998], [109.20467, 13.78127]]]]}}, {"type": "Feature", "properties": {"other_info": "", "dan_so": "24859", "lanh_dao": "<p>- Nguy\u1ec5n \u0110\u1eb7ng Th\u1ecb Thu H\u00f2a, B\u00ed th\u01b0 \u0110\u1ea3ng u\u1ef7 Ch\u1ee7 t\u1ecbch H\u0110ND 0914289357</p><p>- Nguy\u1ec5n Quang Minh, Ch\u1ee7 t\u1ecbch UBND 0934848428</p>", "sap_nhap": "B\u00f9i Th\u1ecb Xu\u00e2n, Ph\u01b0\u1edbc M\u1ef9", "dtich_km2": "118.63", "ma_xa": 132, "tru_so": "<p>- \u0110\u1ea3ng \u1ee7y: Khu ph\u1ed1 Thanh Long, ph\u01b0\u1eddng Quy Nh\u01a1n T\u00e2y (Tr\u1ee5 s\u1edf x\u00e3 Ph\u01b0\u1edbc M\u1ef9 tr\u01b0\u1edbc \u0111\u00e2y)<br>- H\u0110ND: S\u1ed1 242 \u00c2u c\u01a1, ph\u01b0\u1eddng Quy Nh\u01a1n Nam (Tr\u1ee5 s\u1edf ph\u01b0\u1eddng B\u00f9i Th\u1ecb Xu\u00e2n tr\u01b0\u1edbc \u0111\u00e2y)<br>- UBND: S\u1ed1 242 \u00c2u c\u01a1, ph\u01b0\u1eddng Quy Nh\u01a1n Nam (Tr\u1ee5 s\u1edf ph\u01b0\u1eddng B\u00f9i Th\u1ecb Xu\u00e2n tr\u01b0\u1edbc \u0111\u00e2y)<br>- MTTQ: Khu ph\u1ed1 Thanh Long, ph\u01b0\u1eddng Quy Nh\u01a1n T\u00e2y (Tr\u1ee5 s\u1edf x\u00e3 Ph\u01b0\u1edbc M\u1ef9 tr\u01b0\u1edbc \u0111\u00e2y)<br>- Trung t\u00e2m PVHCC: S\u1ed1 242 \u00c2u c\u01a1, ph\u01b0\u1eddng Quy Nh\u01a1n Nam (Tr\u1ee5 s\u1edf ph\u01b0\u1eddng B\u00f9i Th\u1ecb Xu\u00e2n tr\u01b0\u1edbc \u0111\u00e2y)</p>", "url": "https://baogialai.com.vn/dia-phuong/phuong-quy-nhon-tay/132.html", "ten_xa": "Ph\u01b0\u1eddng Quy Nh\u01a1n T\u00e2y", "order": 100}, "geometry": {"type": "Polygon", "coordinates": [[[109.17635, 13.77294], [109.17546, 13.77568], [109.17011, 13.77302], [109.16525, 13.77473], [109.16292, 13.77305], [109.15578, 13.77218], [109.14944, 13.77326], [109.1426, 13.77281], [109.14154, 13.77171], [109.13789, 13.77144], [109.13439, 13.77458], [109.13375, 13.77187], [109.13463, 13.7698], [109.13464, 13.75787], [109.13489, 13.75549], [109.13595, 13.75429], [109.13001, 13.74455], [109.13005, 13.74316], [109.12657, 13.74485], [109.12379, 13.75409], [109.12043, 13.75463], [109.1203, 13.75809], [109.11726, 13.7569], [109.11506, 13.75299], [109.11469, 13.75063], [109.11151, 13.74713], [109.11049, 13.7448], [109.1121, 13.74086], [109.11111, 13.7396], [109.11383, 13.73756], [109.11344, 13.73584], [109.11487, 13.73501], [109.11432, 13.73207], [109.11552, 13.72898], [109.11519, 13.7279], [109.11644, 13.72733], [109.11578, 13.72627], [109.11636, 13.72355], [109.11519, 13.7228], [109.1104, 13.72313], [109.10691, 13.72187], [109.10314, 13.71948], [109.10135, 13.71682], [109.09881, 13.71574], [109.09859, 13.71253], [109.09618, 13.70997], [109.0966, 13.70728], [109.09259, 13.69995], [109.0925, 13.69651], [109.08942, 13.69484], [109.09134, 13.69241], [109.09141, 13.69064], [109.09322, 13.69096], [109.09432, 13.68802], [109.09651, 13.68687], [109.09648, 13.68394], [109.09439, 13.68002], [109.0945, 13.67855], [109.09275, 13.67812], [109.09513, 13.66768], [109.10105, 13.66425], [109.10209, 13.66166], [109.10528, 13.65979], [109.1056, 13.65764], [109.10523, 13.65479], [109.10319, 13.65336], [109.10214, 13.65118], [109.10337, 13.64727], [109.09864, 13.64212], [109.09703, 13.63752], [109.09692, 13.63552], [109.09913, 13.62939], [109.09906, 13.62675], [109.10049, 13.62436], [109.10094, 13.62166], [109.11529, 13.6083], [109.11499, 13.6105], [109.11587, 13.61161], [109.11515, 13.61441], [109.11638, 13.61519], [109.11731, 13.6174], [109.11883, 13.61869], [109.12077, 13.61873], [109.1233, 13.62021], [109.12636, 13.62019], [109.12646, 13.62287], [109.12718, 13.62334], [109.12668, 13.62657], [109.12366, 13.62936], [109.12185, 13.63377], [109.11882, 13.63503], [109.11974, 13.64107], [109.12245, 13.64494], [109.12577, 13.64323], [109.12769, 13.64319], [109.13078, 13.64035], [109.13167, 13.64067], [109.1357, 13.63635], [109.14025, 13.63505], [109.14055, 13.63363], [109.14475, 13.63042], [109.14593, 13.63063], [109.14658, 13.63249], [109.14971, 13.63208], [109.15117, 13.6328], [109.1527, 13.634], [109.15335, 13.63603], [109.15267, 13.63979], [109.15408, 13.6464], [109.15114, 13.65515], [109.1516, 13.65651], [109.15269, 13.65633], [109.15353, 13.65728], [109.1532, 13.65941], [109.15533, 13.66329], [109.15473, 13.66485], [109.15703, 13.66887], [109.15653, 13.67322], [109.15499, 13.6746], [109.15614, 13.67561], [109.15619, 13.67838], [109.15967, 13.67657], [109.1629, 13.67635], [109.16763, 13.67879], [109.16747, 13.6801], [109.16941, 13.68313], [109.17068, 13.68352], [109.17174, 13.68255], [109.17734, 13.6823], [109.18274, 13.68348], [109.18472, 13.68722], [109.1859, 13.68833], [109.18727, 13.68807], [109.18701, 13.6905], [109.19028, 13.69328], [109.19155, 13.69673], [109.19331, 13.69725], [109.1925, 13.70057], [109.19331, 13.70596], [109.19236, 13.70793], [109.19321, 13.712], [109.18983, 13.71482], [109.18662, 13.7215], [109.18654, 13.72375], [109.18368, 13.7294], [109.18337, 13.73166], [109.18398, 13.73586], [109.19048, 13.73971], [109.19238, 13.74418], [109.19251, 13.7467], [109.19174, 13.7487], [109.18856, 13.75186], [109.18384, 13.75521], [109.18085, 13.76287], [109.18204, 13.76516], [109.18152, 13.76729], [109.17806, 13.76994], [109.17903, 13.7719], [109.17635, 13.77294]]]}}, {"type": "Feature", "properties": {"other_info": "<div id=\"ethnicity\"><span class=\"cms\">D\u00e2n t\u1ed9c: </span><p>42,72%</p></div><div id=\"other-info-content\"><span class=\"cms\">Th\u00f4ng tin kh\u00e1c: </span><p>- S\u1ea3n xu\u1ea5t n\u00f4ng nghi\u1ec7p \u0111a d\u1ea1ng:  X\u00e3 S\u01a1n Lang ch\u1ee7 y\u1ebfu ho\u1ea1t \u0111\u1ed9ng \u1edf l\u0129nh v\u1ef1c n\u00f4ng nghi\u1ec7p c\u00f3 th\u1ec3 tr\u1ed3ng nhi\u1ec1u lo\u1ea1i c\u00e2y tr\u1ed3ng, v\u1eadt nu\u00f4i kh\u00e1c nhau, t\u1eeb l\u00faa, rau m\u00e0u, tr\u00e1i c\u00e2y, \u0111\u1ebfn c\u00e1c lo\u1ea1i gia s\u00fac, gia c\u1ea7m. \u0110i\u1ec1u n\u00e0y gi\u00fap \u0111a d\u1ea1ng h\u00f3a s\u1ea3n ph\u1ea9m, gi\u1ea3m thi\u1ec3u r\u1ee7i ro do thi\u00ean tai, d\u1ecbch b\u1ec7nh v\u00e0 \u0111\u00e1p \u1ee9ng nhu c\u1ea7u \u0111a d\u1ea1ng c\u1ee7a th\u1ecb tr\u01b0\u1eddng. - Ngu\u1ed3n lao \u0111\u1ed9ng d\u1ed3i d\u00e0o:  Lao \u0111\u1ed9ng \u1edf x\u00e3 \u0111\u00e3 c\u00f3 kinh nghi\u1ec7m trong s\u1ea3n xu\u1ea5t n\u00f4ng nghi\u1ec7p, c\u00f3 s\u1ee9c kh\u1ecfe t\u1ed1t v\u00e0 s\u1eb5n s\u00e0ng l\u00e0m vi\u1ec7c. \u0110\u00e2y l\u00e0 m\u1ed9t ngu\u1ed3n l\u1ef1c quan tr\u1ecdng \u0111\u1ec3 ph\u00e1t tri\u1ec3n s\u1ea3n xu\u1ea5t n\u00f4ng nghi\u1ec7p, x\u00e2y d\u1ef1ng c\u01a1 s\u1edf h\u1ea1 t\u1ea7ng v\u00e0 ph\u00e1t tri\u1ec3n c\u00e1c ng\u00e0nh ngh\u1ec1 li\u00ean quan. - \u0110i\u1ec1u ki\u1ec7n t\u1ef1 nhi\u00ean v\u00e0 t\u00e0i nguy\u00ean thi\u00ean nhi\u00ean:  + \u0110\u1ea5t: Di\u1ec7n t\u00edch \u0111\u1ea5t m\u00e0u m\u1ee1 ph\u00e2n b\u1ed1 t\u1eadp trung th\u00e0nh v\u00f9ng l\u1edbn tr\u00ean b\u1ec1 m\u1eb7t c\u00e1c cao nguy\u00ean thu\u1eadn l\u1ee3i \u0111\u1ec3 h\u00ecnh th\u00e0nh c\u00e1c v\u00f9ng chuy\u00ean canh c\u00e2y c\u00f4ng nghi\u1ec7p c\u00f3 quy m\u00f4 l\u1edbn. + Kh\u00ed h\u1eadu: Kh\u00ed h\u1eadu c\u1eadn x\u00edch \u0111\u1ea1o thu\u1eadn l\u1ee3i cho c\u00e2y c\u00f4ng nghi\u1ec7p d\u00e0i ng\u00e0y nhi\u1ec7t \u0111\u1edbi (c\u00e0 ph\u00ea, cao su,...); v\u00f9ng n\u00fai cao m\u00e1t m\u1ebb, tr\u1ed3ng \u0111\u01b0\u1ee3c c\u00e2y c\u1eadn nhi\u1ec7t. - \u0110i\u1ec1u ki\u1ec7n kinh t\u1ebf - x\u00e3 h\u1ed9i:  + Ng\u01b0\u1eddi d\u00e2n c\u00f3 nhi\u1ec1u kinh nghi\u1ec7m tr\u1ed3ng c\u00e2y c\u00f4ng nghi\u1ec7p l\u00e2u n\u0103m, tr\u1ed3ng r\u1eebng. + \u0110\u01b0\u1ee3c Nh\u00e0 n\u01b0\u1edbc ch\u00fa tr\u1ecdng \u0111\u1ea7u t\u01b0, \u0111ang thu h\u00fat nhi\u1ec1u d\u1ef1 \u00e1n \u0111\u1ea7u t\u01b0 c\u1ee7a trong v\u00e0 ngo\u00e0i n\u01b0\u1edbc v\u1ec1 c\u01a1 s\u1edf h\u1ea1 t\u1ea7ng v\u00e0 c\u01a1 s\u1edf v\u1ead tch\u1ea5t k\u0129 thu\u1eadt. + Nhu c\u1ea7u l\u1edbn c\u1ee7a th\u1ecb tr\u01b0\u1eddng, \u0111\u1eb7c bi\u1ec7t l\u00e0 th\u1ecb tr\u01b0\u1eddng n\u01b0\u1edbc ngo\u00e0i v\u1ec1 c\u00e1c s\u1ea3n ph\u1ea9m c\u00e2y c\u00f4ng nghi\u1ec7p (c\u00e0 ph\u00ea, cao su, h\u1ed3 ti\u00eau ...). - T\u00e0i nguy\u00ean nh\u00e2n v\u0103n Gi\u1ed1ng nh\u01b0 c\u00e1c d\u00e2n t\u1ed9c kh\u00e1c \u1edf T\u00e2y nguy\u00ean, v\u0103n ho\u00e1 S\u01a1n Lang l\u00e0 n\u1ec1n v\u0103n ho\u00e1 h\u00ecnh th\u00e0nh tr\u00ean c\u01a1 s\u1edf n\u1ec1n kinh t\u1ebf n\u00f4ng nghi\u1ec7p n\u01b0\u01a1ng r\u1eaby, t\u1ef1 c\u1ea5p, t\u1ef1 t\u00fac, ph\u1ee5 thu\u1ed9c nhi\u1ec1u v\u00e0o thi\u00ean nhi\u00ean, g\u1eafn b\u00f3 ho\u00e0 quy\u1ec7n v\u1edbi thi\u00ean nhi\u00ean, mang nhi\u1ec1u d\u1ea5n \u1ea5n c\u1ee7a ch\u1ebf \u0111\u1ed9 m\u1eabu h\u1ec7 v\u00e0 t\u00e0n d\u01b0 c\u1ee7a ch\u1ebf \u0111\u1ed9 c\u00f4ng x\u00e3 th\u1ecb t\u1ed9c nguy\u00ean thu\u1ef7. C\u00e1c gi\u00e1 tr\u1ecb v\u0103n h\u00f3a truy\u1ec1n th\u1ed1ng c\u1ee7a c\u00e1c d\u00e2n t\u1ed9c S\u01a1n Lang ph\u1ea3n \u1ea3nh m\u01a1 \u01b0\u1edbc, nguy\u1ec7n v\u1ecdng \u1ea5m no, sung t\u00fac c\u1ee7a con ng\u01b0\u1eddi n\u00f4ng nghi\u1ec7p. S\u01a1n Lang c\u00f3 nhi\u1ec1u c\u1ed9ng \u0111\u1ed3ng d\u00e2n c\u01b0 c\u00f9ng sinh s\u1ed1ng; trong \u0111\u00f3 d\u00e2n t\u1ed9c b\u1ea3n \u0111\u1ecba l\u00e0 Bahnar v\u00e0 c\u00e1c d\u00e2n t\u1ed9c kh\u00e1c di c\u01b0 t\u1eeb ph\u00eda B\u1eafc. M\u1ed7i d\u00e2n t\u1ed9c c\u00f3 nh\u1eefng phong t\u1ee5c t\u1eadp qu\u00e1n, ti\u1ebfng n\u00f3i v\u00e0 truy\u1ec1n th\u1ed1ng v\u0103n ho\u00e1 ri\u00eang, nh\u01b0ng t\u1ea5t c\u1ea3 c\u00f9ng s\u1ed1ng tr\u00ean m\u1ed9t v\u00f9ng \u0111\u1ea5t, c\u00f9ng ch\u1ed1ng ch\u1ecbu nh\u1eefng y\u1ebfu t\u1ed1 kh\u1eafc nghi\u1ec7t c\u1ee7a thi\u00ean nhi\u00ean, c\u00f9ng s\u00e1t c\u00e1nh \u0111\u1ea5u tranh ch\u1ed1ng k\u1ebb th\u00f9 x\u00e2m l\u01b0\u1ee3c, \u0111\u00e3 g\u00f3p ph\u1ea7n t\u1ea1o n\u00ean m\u1ed9t l\u1ecbch s\u1eed v\u0103n ho\u00e1 \u0111\u1eb7c s\u1eafc. \u0110\u1eb7c bi\u1ec7t, \u0111\u1ed3ng b\u00e0o Bahnar c\u00f3 m\u1ed9t l\u1ecbch s\u1eed v\u0103n ho\u00e1 h\u00e0o h\u00f9ng, ti\u00eau bi\u1ec3u l\u00e0 anh h\u00f9ng N\u00fap. M\u1ed9t n\u1ec1n v\u0103n ho\u00e1 d\u00e2n gian \u0111\u1eb7c s\u1eafc v\u1edbi nh\u1eefng l\u1ec5 h\u1ed9i c\u1ed5 truy\u1ec1n (nh\u01b0 c\u1ed3ng chi\u00eang, b\u1ecf m\u1ea3, m\u1eebng l\u00faa m\u1edbi), l\u1ed1i ki\u1ebfn tr\u00fac, \u0111i\u00eau kh\u1eafc, ch\u1ea1m tr\u1ed5 tinh vi, c\u00e1c m\u1eb7t h\u00e0ng th\u1ee7 c\u00f4ng m\u1ef9 ngh\u1ec7 (d\u1ec7t th\u1ed5 c\u1ea9m, \u0111an l\u00e1t, t\u1ea1c t\u01b0\u1ee3ng ) \u0111\u01b0\u1ee3c nhi\u1ec1u ng\u01b0\u1eddi \u01b0a chu\u1ed9ng. - Danh lam th\u1eafng c\u1ea3nh:  \u0110\u01b0\u1ee3c thi\u00ean nhi\u00ean \u01b0u \u0111\u00e3i, S\u01a1n Lang c\u00f3 nhi\u1ec1u s\u00f4ng su\u1ed1i, ao h\u1ed3, gh\u1ec1nh, th\u00e1c, n\u00fai non t\u1ea1o n\u00ean c\u1ea3nh s\u1eafc thi\u00ean nhi\u00ean hoang s\u01a1, h\u00f9ng v\u0129. S\u01a1n Lang c\u00f2n l\u00e0 n\u01a1i \u0111\u00e2y nu\u00f4i d\u01b0\u1ee1ng l\u00e1 ph\u1ed5i xanh c\u1ee7a th\u1ebf gi\u1edbi - Khu d\u1ef1 tr\u1eef sinh quy\u1ec3n th\u1ebf gi\u1edbi Cao nguy\u00ean Kon H\u00e0 N\u1eebng. V\u1edbi Kh\u00ed h\u1eadu m\u00e1t m\u1ebb, kh\u00f4ng kh\u00ed trong l\u00e0nh, h\u1ec7 sinh th\u00e1i \u0111\u1ed9ng th\u1ef1c v\u1eadt phong ph\u00fa, c\u00f2n b\u1ea3o t\u1ed3n nhi\u1ec1u lo\u00e0i \u0111\u1ed9ng th\u1ef1c v\u1eadt qu\u00fd hi\u1ebfm. Ri\u00eang Khu b\u1ea3o t\u1ed3n thi\u00ean nhi\u00ean Kon Ch\u01b0 R\u0103ng hi\u1ec7n c\u00f2n l\u01b0u gi\u1eef 873 lo\u00e0i th\u1ef1c v\u1eadt (trong \u0111\u00f3 22 lo\u00e0i n\u1eb1m trong S\u00e1ch \u0110\u1ecf Vi\u1ec7t, 7 lo\u00e0i trong s\u00e1ch \u0111\u1ecf qu\u1ed1c t\u1ebf); 421 lo\u00e0i \u0111\u1ed9ng v\u1eadt (Trong \u0111\u00f3: 80 lo\u00e0i th\u00fa; 228 lo\u00e0i chim; 45 lo\u00e0i b\u00f2 s\u00e1t; 35 lo\u00e0i l\u01b0\u1ee1ng c\u01b0; 33 lo\u00e0i c\u00e1); 211 c\u00f4n tr\u00f9ng v\u00e0 66 lo\u00e0i vi n\u1ea5m...Khu b\u1ea3o t\u1ed3n thi\u00ean nhi\u00ean Kon Ch\u01b0 R\u0103ng c\u00f2n s\u1edf h\u1eefu nhi\u1ec1u ng\u1ecdn th\u00e1c \u0111\u1eb9p, h\u00f9ng v\u0129 v\u00e0 huy\u1ec1n b\u00ed, \u0111\u01b0\u1ee3c v\u00ed nh\u01b0 l\u00e0 n\u00e0ng ti\u00ean gi\u1eefa \u0111\u1ea1i ng\u00e0n \u0111\u00f3 l\u00e0 th\u00e1c K50, th\u00e1c 40..nhi\u1ec1u b\u00e3i \u0111\u00e1 v\u1edbi h\u00ecnh th\u00f9 l\u1ea1, k\u1ef3 d\u1ecb, h\u1ea5p d\u1eabn du kh\u00e1ch. Thi\u00ean nhi\u00ean c\u00f2n kh\u00f4ng qu\u00ean ban t\u1eb7ng cho S\u01a1n Lang m\u1ed9t d\u1ea3i \u0111\u1ea5t \u0111\u1ecf bazan m\u00e0u m\u1ee1 th\u00edch h\u1ee3p v\u1edbi nhi\u1ec1u lo\u1ea1i c\u00e2y c\u00f4ng nghi\u1ec7p c\u00f3 gi\u00e1 tr\u1ecb kinh t\u1ebf cao nh\u01b0: C\u00e0 ph\u00ea, h\u1ed3 ti\u00eau, m\u1eafc ca\u2026Ngo\u00e0i ra, \u0111i\u1ec1u ki\u1ec7n kh\u00ed h\u1eadu, th\u1ed5 nh\u01b0\u1ee1ng S\u01a1n Lang ph\u00f9 h\u1ee3p v\u1edbi nhi\u1ec1u lo\u00e0i d\u01b0\u1ee3c li\u1ec7u qu\u00fd hi\u1ebfm nh\u01b0: lan kim tuy\u1ebfn; sa nh\u00e2n, \u0111inh l\u0103ng\u2026nhi\u1ec1u lo\u1ea1i c\u00e2y \u0103n qu\u1ea3 nh\u01b0: cam, qu\u00fdt, s\u1ea7u ri\u00eang, v\u1ea3i, nh\u00e3n\u2026 V\u1edbi nh\u1eefng t\u00e0i nguy\u00ean v\u1ec1 v\u0103n ho\u00e1, con ng\u01b0\u1eddi v\u00e0 thi\u00ean nhi\u00ean, S\u01a1n Lang t\u1ef1 tin, h\u1ee9a h\u1eb9n l\u00e0 v\u00f9ng \u0111\u1ea5t du l\u1ecbch h\u1ea5p d\u1eabn, ph\u00f9 h\u1ee3p v\u1edbi c\u00e1c lo\u1ea1i h\u00ecnh: du l\u1ecbch c\u1ed9ng \u0111\u1ed3ng, du l\u1ecbch sinh th\u00e1i, du l\u1ecbch m\u1ea1o hi\u1ec3m-th\u1ec3 thao, du l\u1ecbch n\u00f4ng nghi\u1ec7p, du l\u1ecbch nghi\u00ean c\u1ee9u\u2026</p></div>", "dan_so": "11106", "lanh_dao": "<p>- Ph\u1ea1m Quang V\u0129nh, B\u00ed th\u01b0 \u0110\u1ea3ng u\u1ef7 Ch\u1ee7 t\u1ecbch H\u0110ND 0905955799</p><p>- Nguy\u1ec5n M\u1ea1nh Tuy\u1ec3n, Ch\u1ee7 t\u1ecbch UBND 0986284950</p>", "sap_nhap": "S\u01a1 Pai, S\u01a1n Lang", "dtich_km2": "451.01", "ma_xa": 133, "tru_so": "", "url": "https://baogialai.com.vn/dia-phuong/xa-son-lang/133.html", "ten_xa": "X\u00e3 S\u01a1n Lang", "order": 100}, "geometry": {"type": "Polygon", "coordinates": [[[108.55549, 14.58602], [108.55082, 14.58543], [108.54952, 14.58807], [108.54717, 14.58941], [108.54298, 14.58749], [108.54075, 14.58404], [108.53855, 14.5826], [108.53578, 14.58258], [108.53159, 14.57785], [108.53164, 14.57349], [108.53064, 14.57222], [108.53026, 14.56734], [108.53086, 14.56612], [108.52921, 14.56245], [108.53122, 14.55941], [108.5317, 14.55683], [108.52994, 14.55443], [108.53064, 14.55257], [108.52862, 14.55073], [108.52776, 14.54823], [108.53136, 14.54412], [108.53066, 14.54066], [108.53292, 14.53662], [108.53265, 14.53492], [108.53392, 14.53323], [108.53374, 14.53145], [108.53529, 14.53002], [108.53308, 14.52671], [108.53608, 14.52166], [108.53777, 14.52102], [108.53788, 14.51655], [108.53692, 14.5155], [108.53318, 14.51668], [108.53057, 14.51571], [108.5268, 14.51053], [108.52305, 14.50999], [108.51835, 14.51174], [108.51657, 14.51163], [108.51411, 14.5096], [108.51025, 14.50803], [108.50955, 14.50657], [108.50723, 14.50486], [108.50554, 14.50163], [108.50624, 14.49587], [108.50748, 14.49388], [108.51026, 14.49366], [108.51353, 14.49192], [108.51771, 14.48348], [108.51924, 14.48172], [108.52139, 14.48134], [108.52889, 14.47239], [108.52563, 14.4695], [108.52561, 14.46517], [108.52479, 14.46258], [108.52264, 14.46274], [108.52145, 14.46122], [108.52378, 14.45722], [108.52299, 14.45449], [108.52388, 14.45215], [108.52364, 14.44981], [108.52659, 14.4485], [108.52554, 14.44578], [108.5221, 14.44495], [108.51994, 14.44313], [108.52293, 14.44049], [108.52024, 14.43673], [108.52111, 14.43187], [108.52021, 14.43052], [108.52021, 14.42839], [108.52189, 14.42615], [108.52185, 14.42509], [108.51982, 14.42355], [108.5197, 14.42241], [108.51865, 14.42252], [108.51756, 14.42119], [108.51863, 14.41609], [108.51776, 14.41473], [108.51377, 14.41212], [108.50989, 14.41157], [108.50509, 14.4067], [108.49929, 14.40321], [108.50144, 14.38779], [108.4993, 14.38269], [108.49477, 14.38137], [108.49093, 14.37868], [108.48643, 14.37734], [108.48638, 14.37638], [108.49181, 14.37397], [108.48958, 14.37088], [108.49298, 14.37078], [108.49425, 14.37152], [108.49647, 14.36719], [108.49872, 14.36534], [108.4981, 14.3604], [108.50056, 14.35579], [108.50141, 14.35218], [108.50255, 14.3518], [108.50356, 14.34885], [108.50848, 14.34782], [108.5097, 14.34607], [108.50946, 14.34371], [108.51102, 14.34462], [108.51315, 14.34457], [108.51536, 14.34326], [108.51555, 14.34115], [108.5201, 14.34284], [108.52408, 14.3406], [108.52538, 14.33837], [108.52812, 14.3365], [108.52781, 14.33284], [108.52871, 14.33075], [108.53304, 14.32768], [108.53339, 14.32649], [108.53654, 14.3268], [108.53686, 14.32445], [108.53961, 14.32213], [108.5394, 14.32035], [108.54081, 14.31746], [108.5387, 14.31566], [108.53516, 14.31475], [108.53645, 14.3136], [108.53706, 14.3071], [108.53613, 14.30759], [108.53485, 14.30648], [108.53278, 14.30703], [108.53328, 14.30545], [108.53243, 14.30366], [108.52937, 14.30481], [108.5281, 14.30411], [108.5269, 14.30123], [108.52215, 14.30104], [108.51924, 14.29853], [108.51242, 14.29821], [108.51178, 14.29283], [108.51212, 14.28578], [108.51404, 14.28281], [108.51224, 14.27679], [108.51303, 14.2756], [108.51297, 14.27312], [108.51167, 14.26505], [108.512, 14.26407], [108.51465, 14.26301], [108.51429, 14.26067], [108.51543, 14.25654], [108.51404, 14.25288], [108.51391, 14.24897], [108.515, 14.24797], [108.51564, 14.24555], [108.51477, 14.24358], [108.52208, 14.24107], [108.52044, 14.24018], [108.51951, 14.2385], [108.52134, 14.23263], [108.52664, 14.23883], [108.52851, 14.23837], [108.53204, 14.24226], [108.53817, 14.24418], [108.5382, 14.24618], [108.53961, 14.24593], [108.54017, 14.24305], [108.54378, 14.24255], [108.54547, 14.24401], [108.5455, 14.24624], [108.54824, 14.24547], [108.55232, 14.24616], [108.55305, 14.2492], [108.55441, 14.24934], [108.55405, 14.2501], [108.55558, 14.25117], [108.55599, 14.2526], [108.55745, 14.25176], [108.55723, 14.2509], [108.56028, 14.25157], [108.56173, 14.25024], [108.56533, 14.25025], [108.566, 14.24878], [108.56747, 14.24885], [108.57016, 14.24637], [108.57347, 14.24551], [108.57321, 14.24474], [108.57481, 14.24381], [108.57631, 14.24099], [108.57693, 14.24212], [108.57865, 14.24242], [108.58278, 14.24115], [108.58364, 14.24208], [108.58456, 14.24194], [108.58498, 14.24298], [108.58785, 14.24335], [108.58828, 14.24194], [108.59209, 14.23914], [108.59321, 14.24018], [108.59437, 14.23979], [108.59328, 14.23775], [108.59385, 14.23685], [108.59249, 14.23464], [108.59325, 14.23348], [108.59611, 14.23428], [108.59681, 14.23579], [108.5981, 14.23642], [108.59951, 14.23592], [108.60005, 14.23481], [108.60199, 14.23485], [108.60235, 14.23725], [108.604, 14.23758], [108.60412, 14.23846], [108.60707, 14.23818], [108.60784, 14.2391], [108.60843, 14.23842], [108.60981, 14.23916], [108.61414, 14.23739], [108.61712, 14.23869], [108.62097, 14.23894], [108.6222, 14.24095], [108.62502, 14.2423], [108.6299, 14.24155], [108.63269, 14.24298], [108.63517, 14.2418], [108.63755, 14.24196], [108.6396, 14.24326], [108.64373, 14.24384], [108.65258, 14.24901], [108.65832, 14.24999], [108.66166, 14.2491], [108.6654, 14.25165], [108.65959, 14.25411], [108.65696, 14.25674], [108.65535, 14.25977], [108.65584, 14.26528], [108.65427, 14.26623], [108.65369, 14.26928], [108.65495, 14.27182], [108.6546, 14.27474], [108.65568, 14.27538], [108.659, 14.27512], [108.6605, 14.28083], [108.65717, 14.28333], [108.65714, 14.28595], [108.65589, 14.28746], [108.65605, 14.29014], [108.6539, 14.29133], [108.65367, 14.29279], [108.64663, 14.29743], [108.64619, 14.30633], [108.64392, 14.30859], [108.64286, 14.31231], [108.64604, 14.31703], [108.64782, 14.3181], [108.6478, 14.32012], [108.6407, 14.32842], [108.64052, 14.33096], [108.63607, 14.33979], [108.6339, 14.34824], [108.63193, 14.35036], [108.62817, 14.35187], [108.62636, 14.35384], [108.62612, 14.35573], [108.62437, 14.35738], [108.63012, 14.36521], [108.63158, 14.36918], [108.6333, 14.37049], [108.6342, 14.37246], [108.6254, 14.3863], [108.6292, 14.38858], [108.61954, 14.40765], [108.61736, 14.40827], [108.61746, 14.41074], [108.61332, 14.41185], [108.6135, 14.41264], [108.61862, 14.41514], [108.61972, 14.41673], [108.61594, 14.42243], [108.61099, 14.4253], [108.61311, 14.4289], [108.61128, 14.43034], [108.60922, 14.43482], [108.61314, 14.43717], [108.6136, 14.43835], [108.60701, 14.44906], [108.60335, 14.45708], [108.60111, 14.45974], [108.60533, 14.45836], [108.61008, 14.45468], [108.6131, 14.45675], [108.61686, 14.45652], [108.61737, 14.45391], [108.62037, 14.44998], [108.62609, 14.44954], [108.63157, 14.44697], [108.63402, 14.44762], [108.64029, 14.4531], [108.63989, 14.45528], [108.64055, 14.45662], [108.63969, 14.45959], [108.64065, 14.46223], [108.63951, 14.46394], [108.64081, 14.46668], [108.64024, 14.46847], [108.64082, 14.47146], [108.6433, 14.47372], [108.64406, 14.47554], [108.64187, 14.4769], [108.63971, 14.48028], [108.63674, 14.48095], [108.63888, 14.48243], [108.63945, 14.4861], [108.63765, 14.48919], [108.6345, 14.49128], [108.63485, 14.49403], [108.63257, 14.49498], [108.63203, 14.496], [108.63235, 14.50202], [108.63615, 14.50385], [108.63682, 14.50628], [108.63273, 14.51097], [108.6328, 14.51382], [108.62963, 14.51748], [108.63147, 14.52077], [108.6314, 14.52246], [108.6344, 14.524], [108.63512, 14.52546], [108.6312, 14.53047], [108.63005, 14.53064], [108.62993, 14.53363], [108.62845, 14.53671], [108.62806, 14.54003], [108.62879, 14.54122], [108.62798, 14.54365], [108.6285, 14.54513], [108.62157, 14.54209], [108.62109, 14.54314], [108.61873, 14.54364], [108.61732, 14.54176], [108.61834, 14.53994], [108.61762, 14.53622], [108.61591, 14.53542], [108.61312, 14.53235], [108.61153, 14.53492], [108.60836, 14.53359], [108.60425, 14.53627], [108.6007, 14.54244], [108.5984, 14.54372], [108.59591, 14.54718], [108.59755, 14.55651], [108.59577, 14.55661], [108.59552, 14.55914], [108.59447, 14.55978], [108.5966, 14.56243], [108.59407, 14.56505], [108.59224, 14.56613], [108.58758, 14.56651], [108.58621, 14.56814], [108.58375, 14.56796], [108.58076, 14.57105], [108.5769, 14.57084], [108.57409, 14.57253], [108.5729, 14.57348], [108.57315, 14.57656], [108.57224, 14.57786], [108.56993, 14.57955], [108.56639, 14.57988], [108.56418, 14.58212], [108.56391, 14.58341], [108.56016, 14.58608], [108.55897, 14.58534], [108.55549, 14.58602]]]}}, {"type": "Feature", "properties": {"other_info": "", "dan_so": "8219", "lanh_dao": "", "sap_nhap": "\u0110\u0103k K\u01a1 Ning, SR\u00f3", "dtich_km2": "343.88", "ma_xa": 134, "tru_so": "", "url": "https://baogialai.com.vn/dia-phuong/xa-sro/134.html", "ten_xa": "X\u00e3 SR\u00f3", "order": 100}, "geometry": {"type": "Polygon", "coordinates": [[[108.69966, 13.84295], [108.6964, 13.84375], [108.69499, 13.84312], [108.68457, 13.83614], [108.68089, 13.83777], [108.67931, 13.83765], [108.67871, 13.83657], [108.67658, 13.83696], [108.67349, 13.83216], [108.67432, 13.82803], [108.67105, 13.82673], [108.67122, 13.82313], [108.66846, 13.82092], [108.66176, 13.8207], [108.66125, 13.81662], [108.66298, 13.81462], [108.66235, 13.81204], [108.65763, 13.80697], [108.65779, 13.80276], [108.65677, 13.80043], [108.65721, 13.79902], [108.65375, 13.79871], [108.6519, 13.79467], [108.64888, 13.79267], [108.64789, 13.79046], [108.65185, 13.78642], [108.6506, 13.78403], [108.65133, 13.78252], [108.65021, 13.78063], [108.64876, 13.78027], [108.64609, 13.77297], [108.64441, 13.77281], [108.64318, 13.76876], [108.63963, 13.76811], [108.63768, 13.76907], [108.63377, 13.76788], [108.63286, 13.76855], [108.63088, 13.76834], [108.62873, 13.76904], [108.62747, 13.77224], [108.61906, 13.77163], [108.61578, 13.77241], [108.61394, 13.77415], [108.6106, 13.77514], [108.60668, 13.76871], [108.60464, 13.76739], [108.60236, 13.76797], [108.60103, 13.76553], [108.59877, 13.76462], [108.59869, 13.76212], [108.59531, 13.76064], [108.59424, 13.75729], [108.59476, 13.75444], [108.5909, 13.75008], [108.58949, 13.74911], [108.58549, 13.75016], [108.58224, 13.74806], [108.58172, 13.74058], [108.57882, 13.73762], [108.57749, 13.7336], [108.57878, 13.72958], [108.57856, 13.72758], [108.5761, 13.72531], [108.57116, 13.71799], [108.56819, 13.7158], [108.55995, 13.71347], [108.55755, 13.71126], [108.5571, 13.70988], [108.55713, 13.70657], [108.55951, 13.70056], [108.56209, 13.69598], [108.56662, 13.69058], [108.56728, 13.68826], [108.56399, 13.68163], [108.56514, 13.67866], [108.56467, 13.67408], [108.56125, 13.67001], [108.55291, 13.66274], [108.55241, 13.65392], [108.55028, 13.65136], [108.55289, 13.64913], [108.55426, 13.64993], [108.55477, 13.64832], [108.55417, 13.64592], [108.55585, 13.64392], [108.5537, 13.64187], [108.55511, 13.63802], [108.55353, 13.63664], [108.55236, 13.63401], [108.55426, 13.63111], [108.55366, 13.63016], [108.5683, 13.62738], [108.57081, 13.62453], [108.57132, 13.62281], [108.57306, 13.6219], [108.57555, 13.6158], [108.60193, 13.61169], [108.61737, 13.60829], [108.63069, 13.60809], [108.63955, 13.60902], [108.65542, 13.59413], [108.65659, 13.58976], [108.66733, 13.58552], [108.66949, 13.5866], [108.67184, 13.59046], [108.67854, 13.59706], [108.67879, 13.60287], [108.68003, 13.60605], [108.68345, 13.60467], [108.68551, 13.6052], [108.68753, 13.61093], [108.69014, 13.61312], [108.69156, 13.61588], [108.69153, 13.61849], [108.69267, 13.62092], [108.69254, 13.62985], [108.69555, 13.63492], [108.69513, 13.63852], [108.69823, 13.64142], [108.69659, 13.65214], [108.69755, 13.65314], [108.69735, 13.656], [108.69913, 13.65737], [108.7, 13.66148], [108.69967, 13.66476], [108.69801, 13.66808], [108.69803, 13.67918], [108.69632, 13.68231], [108.69739, 13.68641], [108.6971, 13.68838], [108.70274, 13.697], [108.70557, 13.69889], [108.70828, 13.69866], [108.71058, 13.70297], [108.71626, 13.70679], [108.71625, 13.71073], [108.71843, 13.7144], [108.72267, 13.71644], [108.72152, 13.7172], [108.72223, 13.71921], [108.72128, 13.72109], [108.72257, 13.72502], [108.72288, 13.72931], [108.71845, 13.74008], [108.72493, 13.74916], [108.72619, 13.74913], [108.72962, 13.75224], [108.73231, 13.75181], [108.7314, 13.75528], [108.73318, 13.7561], [108.73451, 13.75474], [108.73445, 13.75631], [108.73579, 13.75855], [108.73654, 13.75753], [108.73926, 13.75897], [108.74072, 13.75785], [108.74134, 13.75933], [108.74597, 13.75812], [108.74726, 13.75909], [108.74851, 13.75706], [108.75034, 13.76253], [108.74972, 13.76402], [108.75064, 13.76558], [108.74943, 13.76601], [108.74915, 13.76731], [108.75345, 13.76871], [108.75638, 13.76793], [108.75818, 13.7697], [108.75963, 13.76919], [108.7628, 13.77113], [108.76457, 13.77406], [108.76665, 13.77221], [108.76785, 13.7726], [108.76818, 13.77833], [108.76644, 13.78023], [108.76733, 13.78075], [108.76699, 13.78269], [108.76818, 13.78504], [108.76612, 13.78707], [108.76787, 13.78838], [108.76654, 13.7897], [108.76785, 13.79055], [108.76748, 13.79191], [108.76854, 13.79319], [108.77209, 13.79438], [108.77439, 13.79723], [108.77071, 13.79919], [108.76948, 13.79817], [108.7686, 13.79471], [108.76676, 13.79236], [108.75788, 13.7915], [108.75666, 13.79048], [108.75499, 13.79168], [108.75295, 13.791], [108.7527, 13.7896], [108.75179, 13.78911], [108.74899, 13.79067], [108.74733, 13.79526], [108.74682, 13.80046], [108.74319, 13.80498], [108.74052, 13.80328], [108.7395, 13.80338], [108.73897, 13.80515], [108.73728, 13.80437], [108.73696, 13.80338], [108.73821, 13.80164], [108.73688, 13.80135], [108.73618, 13.79894], [108.73356, 13.80105], [108.73245, 13.79921], [108.73042, 13.79961], [108.72982, 13.80073], [108.73106, 13.80232], [108.72983, 13.80441], [108.7309, 13.80641], [108.73123, 13.81051], [108.72735, 13.8112], [108.72745, 13.81373], [108.72596, 13.81597], [108.72581, 13.81761], [108.72236, 13.82209], [108.72254, 13.82401], [108.72148, 13.82492], [108.72128, 13.82402], [108.7205, 13.82396], [108.71927, 13.82539], [108.71941, 13.82638], [108.72036, 13.8259], [108.72129, 13.8266], [108.71971, 13.82792], [108.71976, 13.83031], [108.7133, 13.83323], [108.7109, 13.83754], [108.70826, 13.83871], [108.70747, 13.83996], [108.70362, 13.84039], [108.70004, 13.84201], [108.69966, 13.84295]]]}}, {"type": "Feature", "properties": {"other_info": "", "dan_so": "24858", "lanh_dao": "", "sap_nhap": "Tam Quan, Ho\u00e0i Ch\u00e2u", "dtich_km2": "29.82", "ma_xa": 135, "tru_so": "", "url": "https://baogialai.com.vn/dia-phuong/phuong-tam-quan/135.html", "ten_xa": "Ph\u01b0\u1eddng Tam Quan", "order": 100}, "geometry": {"type": "Polygon", "coordinates": [[[108.95999, 14.60895], [108.95782, 14.6143], [108.95652, 14.61486], [108.95538, 14.61696], [108.95401, 14.61735], [108.95418, 14.61647], [108.9513, 14.6145], [108.95121, 14.61135], [108.94978, 14.61012], [108.94777, 14.61052], [108.94673, 14.60857], [108.94971, 14.60787], [108.94872, 14.60555], [108.94939, 14.60286], [108.95197, 14.60116], [108.95317, 14.60258], [108.95431, 14.60235], [108.9563, 14.59791], [108.9604, 14.59566], [108.96169, 14.59029], [108.96398, 14.58909], [108.96668, 14.58585], [108.96731, 14.58357], [108.96875, 14.58401], [108.9715, 14.583], [108.97445, 14.57977], [108.97669, 14.57957], [108.97821, 14.57665], [108.97999, 14.57538], [108.98166, 14.57693], [108.98286, 14.57611], [108.98619, 14.57679], [108.98947, 14.57302], [108.99059, 14.57269], [108.99292, 14.56925], [108.99731, 14.56711], [108.99661, 14.56445], [109.00109, 14.56377], [109.00389, 14.56218], [109.00646, 14.562], [109.00646, 14.56109], [109.01314, 14.5596], [109.01356, 14.55766], [109.01706, 14.55664], [109.01641, 14.55414], [109.01742, 14.55425], [109.01754, 14.55525], [109.02064, 14.55414], [109.02093, 14.55522], [109.02222, 14.55507], [109.02392, 14.5544], [109.02382, 14.55356], [109.02494, 14.55347], [109.02459, 14.55281], [109.02518, 14.55258], [109.02885, 14.55579], [109.02958, 14.55565], [109.02941, 14.55495], [109.03452, 14.55425], [109.03337, 14.55094], [109.03201, 14.54937], [109.03112, 14.54965], [109.03062, 14.54822], [109.0332, 14.54753], [109.03226, 14.54497], [109.03555, 14.54326], [109.03999, 14.54232], [109.03899, 14.53676], [109.0416, 14.53706], [109.04278, 14.53604], [109.04422, 14.53605], [109.04695, 14.53702], [109.04651, 14.53853], [109.04817, 14.53961], [109.04866, 14.53877], [109.04946, 14.53914], [109.04953, 14.53821], [109.05067, 14.53841], [109.05101, 14.53972], [109.04995, 14.53948], [109.0492, 14.5407], [109.05058, 14.54163], [109.05244, 14.53939], [109.05585, 14.53735], [109.05702, 14.53303], [109.05889, 14.53419], [109.06099, 14.53398], [109.06122, 14.53901], [109.05924, 14.54301], [109.05828, 14.54276], [109.05723, 14.5438], [109.05527, 14.54799], [109.05564, 14.54905], [109.05749, 14.54872], [109.05826, 14.55117], [109.05918, 14.55061], [109.06209, 14.55662], [109.05793, 14.5582], [109.05318, 14.55512], [109.05143, 14.55533], [109.05004, 14.55423], [109.04759, 14.5552], [109.04861, 14.55672], [109.04945, 14.56885], [109.048, 14.5696], [109.04836, 14.57155], [109.04589, 14.57206], [109.0448, 14.57318], [109.0447, 14.57719], [109.04026, 14.57872], [109.04148, 14.58113], [109.03563, 14.57864], [109.03294, 14.57865], [109.03301, 14.57756], [109.03207, 14.57722], [109.02868, 14.57745], [109.02865, 14.57821], [109.02217, 14.57765], [109.01691, 14.57999], [109.01702, 14.58173], [109.01365, 14.58088], [109.01382, 14.58198], [109.01169, 14.58351], [109.00909, 14.58369], [109.00989, 14.58453], [109.00849, 14.58452], [109.0077, 14.58598], [109.00601, 14.58626], [109.00537, 14.58547], [109.00318, 14.58704], [108.99719, 14.58879], [108.99443, 14.58901], [108.99196, 14.58809], [108.98651, 14.59329], [108.98242, 14.59393], [108.97339, 14.60274], [108.97099, 14.60263], [108.9686, 14.60349], [108.96692, 14.6057], [108.9638, 14.60588], [108.9624, 14.60783], [108.95999, 14.60895]]]}}, {"type": "Feature", "properties": {"other_info": "<div id=\"economy\"><span class=\"cms\">Kinh t\u1ebf: </span><p style=\"text-align: justify;\">V\u1ec1 \u0111i\u1ec1u ki\u1ec7n t\u1ef1 nhi\u00ean v\u00e0 v\u1ecb tr\u00ed \u0111\u1ecba l\u00fd, x\u00e3 c\u00f3 di\u1ec7n t\u00edch t\u1ef1 nhi\u00ean r\u1ed9ng, kho\u1ea3ng 100 km\u00b2, ph\u1ea7n l\u1edbn l\u00e0 \u0111\u1ea5t n\u00f4ng nghi\u1ec7p m\u00e0u m\u1ee1, ph\u00f9 h\u1ee3p v\u1edbi ph\u00e1t tri\u1ec3n n\u00f4ng nghi\u1ec7p \u0111a d\u1ea1ng. C\u00e1c tuy\u1ebfn giao th\u00f4ng li\u00ean v\u00f9ng \u0111i qua \u0111\u1ecba b\u00e0n t\u1ea1o \u0111i\u1ec1u ki\u1ec7n thu\u1eadn l\u1ee3i cho giao th\u01b0\u01a1ng, ti\u00eau th\u1ee5 n\u00f4ng s\u1ea3n v\u00e0 thu h\u00fat \u0111\u1ea7u t\u01b0. H\u1ec7 th\u1ed1ng th\u1ee7y l\u1ee3i \u0111\u01b0\u1ee3c \u0111\u1ea7u t\u01b0 n\u00e2ng c\u1ea5p, \u0111\u1ea3m b\u1ea3o n\u01b0\u1edbc t\u01b0\u1edbi, g\u00f3p ph\u1ea7n gi\u1ea3m thi\u1ec3u r\u1ee7i ro thi\u00ean tai trong s\u1ea3n xu\u1ea5t. Trong ph\u00e1t tri\u1ec3n kinh t\u1ebf, c\u00f4ng nghi\u1ec7p - ti\u1ec3u th\u1ee7 c\u00f4ng nghi\u1ec7p tr\u1edf th\u00e0nh tr\u1ee5 c\u1ed9t v\u1edbi 1 khu c\u00f4ng nghi\u1ec7p (KCN) v\u00e0 6 c\u1ee5m c\u00f4ng nghi\u1ec7p (CCN) \u0111\u01b0\u1ee3c quy ho\u1ea1ch h\u01a1n 582 ha, c\u00e1c ng\u00e0nh s\u1ea3n xu\u1ea5t ch\u1ee7 l\u1ef1c nh\u01b0: S\u1ea3n xu\u1ea5t v\u1eadt li\u1ec7u x\u00e2y d\u1ef1ng, may m\u1eb7c, ch\u1ebf bi\u1ebfn g\u1ed7, h\u00e0ng \u0111an nh\u1ef1a gi\u1ea3 m\u00e2y... Nhi\u1ec1u d\u1ef1 \u00e1n l\u1edbn \u0111i v\u00e0o ho\u1ea1t \u0111\u1ed9ng, ti\u00eau bi\u1ec3u l\u00e0 Nh\u00e0 m\u00e1y g\u1ea1ch \u1ed1p l\u00e1t v\u00e0 granite cao c\u1ea5p Kamado (thu\u1ed9c C\u00f4ng ty CP C\u00f4ng nghi\u1ec7p Kamado, v\u1ed1n g\u1ea7n 1.000 t\u1ef7 \u0111\u1ed3ng, c\u00f4ng su\u1ea5t 9 tri\u1ec7u m\u00b2/n\u0103m giai \u0111o\u1ea1n 1), t\u1ea1o vi\u1ec7c l\u00e0m cho kho\u1ea3ng 500 lao \u0111\u1ed9ng v\u1edbi thu nh\u1eadp 7,4 - 7,6 tri\u1ec7u \u0111\u1ed3ng/th\u00e1ng\u2026</p><p style=\"text-align: justify;\">B\u00ean c\u1ea1nh \u0111\u00f3, s\u1ea3n xu\u1ea5t n\u00f4ng nghi\u1ec7p v\u1eabn \u0111\u01b0\u1ee3c quan t\u00e2m. Vi\u1ec7c chuy\u1ec3n \u0111\u1ed5i c\u01a1 c\u1ea5u c\u00e2y tr\u1ed3ng, v\u1eadt nu\u00f4i theo h\u01b0\u1edbng h\u00e0ng h\u00f3a \u0111\u01b0\u1ee3c \u0111\u1ea9y m\u1ea1nh; c\u00e1c m\u00f4 h\u00ecnh rau m\u00e0u, c\u00e2y \u0103n qu\u1ea3, n\u00f4ng nghi\u1ec7p s\u1ea1ch, VietGAP ti\u1ebfp t\u1ee5c m\u1edf r\u1ed9ng, mang l\u1ea1i thu nh\u1eadp kh\u00e1 cho ng\u01b0\u1eddi d\u00e2n. Ch\u0103n nu\u00f4i \u0111\u01b0\u1ee3c ph\u00e1t tri\u1ec3n theo h\u01b0\u1edbng trang tr\u1ea1i, gia tr\u1ea1i, ki\u1ec3m so\u00e1t d\u1ecbch b\u1ec7nh t\u1ed1t. \u0110\u1ebfn n\u0103m 2025, x\u00e3 \u0111\u00e3 c\u00f3 23 s\u1ea3n ph\u1ea9m OCOP \u0111\u1ea1t ti\u00eau chu\u1ea9n 3 tr\u1edf l\u00ean nh\u01b0: rau VietGAP Thu\u1eadn Ngh\u0129a, b\u00e1nh canh rau c\u1ee7 qu\u1ea3 Vidata, n\u1ea5m \u0111\u00f4ng Tr\u00f9ng h\u1ea1 th\u1ea3o B\u0110 Group,\u2026, g\u00f3p ph\u1ea7n n\u00e2ng t\u1ea7m gi\u00e1 tr\u1ecb n\u00f4ng s\u1ea3n \u0111\u1ecba ph\u01b0\u01a1ng.</p></div><div id=\"culture\"><span class=\"cms\">V\u0103n h\u00f3a: </span><p style=\"text-align: justify;\">L\u0129nh v\u1ef1c V\u0103n h\u00f3a - x\u00e3 h\u1ed9i c\u00f3 nhi\u1ec1u ti\u1ebfn b\u1ed9, ch\u1ea5t l\u01b0\u1ee3ng gi\u00e1o d\u1ee5c \u0111\u01b0\u1ee3c n\u00e2ng cao. C\u00e1c tr\u01b0\u1eddng h\u1ecdc ki\u00ean c\u1ed1 h\u00f3a, \u0111\u1ea1t chu\u1ea9n qu\u1ed1c gia. C\u00f4ng t\u00e1c ch\u0103m s\u00f3c s\u1ee9c kh\u1ecfe nh\u00e2n d\u00e2n \u0111\u01b0\u1ee3c quan t\u00e2m. T\u1ef7 l\u1ec7 h\u1ed9 ngh\u00e8o gi\u1ea3m, c\u00e1c ch\u00ednh s\u00e1ch an sinh x\u00e3 h\u1ed9i, ch\u0103m lo h\u1ed9 ngh\u00e8o, gia \u0111\u00ecnh ch\u00ednh s\u00e1ch \u0111\u01b0\u1ee3c th\u1ef1c hi\u1ec7n \u0111\u1ea7y \u0111\u1ee7, k\u1ecbp th\u1eddi. Qu\u1ed1c ph\u00f2ng - an ninh \u0111\u01b0\u1ee3c gi\u1eef v\u1eefng. C\u00f4ng t\u00e1c qu\u00e2n s\u1ef1 \u0111\u1ecba ph\u01b0\u01a1ng tri\u1ec3n khai nghi\u00eam t\u00fac; phong tr\u00e0o To\u00e0n d\u00e2n b\u1ea3o v\u1ec7 an ninh T\u1ed5 qu\u1ed1c \u0111\u01b0\u1ee3c ph\u00e1t huy m\u1ea1nh m\u1ebd; an ninh tr\u1eadt t\u1ef1 \u1ed5n \u0111\u1ecbnh, t\u1ea1o m\u00f4i tr\u01b0\u1eddng thu\u1eadn l\u1ee3i \u0111\u1ec3 ph\u00e1t tri\u1ec3n kinh t\u1ebf - x\u00e3 h\u1ed9i.</p></div><div id=\"tourism\"><span class=\"cms\">Du l\u1ecbch: </span><p style=\"text-align: justify;\">M\u1ed9t th\u1ebf m\u1ea1nh n\u1ed5i b\u1eadt kh\u00e1c l\u00e0 ti\u1ec1m n\u0103ng ph\u00e1t tri\u1ec3n du l\u1ecbch \u2013 d\u1ecbch v\u1ee5. T\u00e2y S\u01a1n n\u1ed5i ti\u1ebfng v\u1edbi c\u00e1c di t\u00edch l\u1ecbch s\u1eed \u2013 v\u0103n h\u00f3a, nh\u01b0 B\u1ea3o t\u00e0ng Quang Trung, di t\u00edch c\u1ea5p gia \u0111\u1ec1n th\u1edd T\u00e2y S\u01a1n Tam Ki\u1ec7t, thu h\u00fat h\u00e0ng ch\u1ee5c ngh\u00ecn l\u01b0\u1ee3t kh\u00e1ch h\u1eb1ng n\u0103m, nh\u1ea5t l\u00e0 m\u00f9a l\u1ec5 h\u1ed9i chi\u1ebfn th\u1eafng \u0110\u1ed1ng \u0110a \u2013 T\u00e2y S\u01a1n. M\u00f4 h\u00ecnh du l\u1ecbch c\u1ed9ng \u0111\u1ed3ng k\u1ebft h\u1ee3p s\u1ea3n xu\u1ea5t n\u00f4ng nghi\u1ec7p s\u1ea1ch t\u1ea1i l\u00e0ng rau Thu\u1eadn Ngh\u0129a \u0111\u01b0\u1ee3c tri\u1ec3n khai hi\u1ec7u qu\u1ea3, g\u00f3p ph\u1ea7n qu\u1ea3ng b\u00e1 s\u1ea3n ph\u1ea9m OCOP v\u00e0 v\u0103n h\u00f3a \u0111\u1ecba ph\u01b0\u01a1ng. Ngo\u00e0i ra c\u00f2n c\u00f3 \u0111\u1ec1n th\u1edd n\u1eef \u0110\u00f4 \u0111\u1ed1c B\u00f9i Th\u1ecb Xu\u00e2n, th\u00e1p Th\u1ee7 Thi\u1ec7n, \u0111\u1eadp d\u00e2ng Ph\u00fa Phong\u2026S\u1ef1 ph\u00e1t tri\u1ec3n c\u1ee7a d\u1ecbch v\u1ee5 du l\u1ecbch k\u00e9o theo s\u1ef1 ph\u00e1t tri\u1ec3n c\u00e1c ng\u00e0nh d\u1ecbch v\u1ee5 kh\u00e1c (nh\u00e0 h\u00e0ng, l\u01b0u tr\u00fa, b\u00e1n h\u00e0ng \u0111\u1eb7c s\u1ea3n, v\u1eadn t\u1ea3i), t\u1ea1o ra ngu\u1ed3n thu m\u1edbi v\u00e0 vi\u1ec7c l\u00e0m cho nh\u00e2n d\u00e2n. Hi\u1ec7n c\u00f3 2.745 c\u01a1 s\u1edf kinh doanh v\u1edbi t\u1ed5ng v\u1ed1n \u0111\u0103ng k\u00fd 365 t\u1ef7 \u0111\u1ed3ng. \u0110\u00e2y s\u1ebd l\u00e0 m\u1ed9t tr\u1ee5 c\u1ed9t b\u1ec1n v\u1eefng \u0111\u00f3ng g\u00f3p v\u00e0o ph\u00e1t tri\u1ec3n kinh t\u1ebf c\u1ee7a x\u00e3 trong nh\u1eefng n\u0103m t\u1edbi.</p></div><div id=\"ethnicity\"><span class=\"cms\">D\u00e2n t\u1ed9c: </span><p style=\"text-align: justify;\">X\u00e3 T\u00e2y S\u01a1n&nbsp;g\u1ed3m 20 th\u00f4n, kh\u1ed1i ph\u1ed1, trong \u0111\u00f3 c\u00f3 1 l\u00e0ng d\u00e2n t\u1ed9c thi\u1ec3u s\u1ed1 Bahnar.</p></div><div id=\"other-info-content\"><span class=\"cms\">Th\u00f4ng tin kh\u00e1c: </span><p style=\"text-align: justify;\">T\u00e2y S\u01a1n \u0111\u1eb7t ra m\u1ee5c ti\u00eau: x\u00e2y d\u1ef1ng \u0111\u1ea3ng b\u1ed9 v\u00e0 h\u1ec7 th\u1ed1ng ch\u00ednh tr\u1ecb trong s\u1ea1ch v\u1eefng m\u1ea1nh to\u00e0n di\u1ec7n; ph\u00e1t huy c\u00e1c gi\u00e1 tr\u1ecb v\u0103n h\u00f3a truy\u1ec1n th\u1ed1ng v\u00e0 s\u1ee9c m\u1ea1nh \u0111\u1ea1i \u0111o\u00e0n k\u1ebft to\u00e0n d\u00e2n; \u0111\u1ea9y m\u1ea1nh \u1ee9ng d\u1ee5ng khoa h\u1ecdc, c\u00f4ng ngh\u1ec7, \u0111\u1ed5i m\u1edbi s\u00e1ng t\u1ea1o, chuy\u1ec3n \u0111\u1ed5i s\u1ed1, chuy\u1ec3n \u0111\u1ed5i xanh, ph\u00e1t tri\u1ec3n kinh t\u1ebf t\u01b0 nh\u00e2n; \u0111\u1ea3m b\u1ea3o qu\u1ed1c ph\u00f2ng, an ninh v\u00e0 an sinh x\u00e3 h\u1ed9i; huy \u0111\u1ed9ng v\u00e0 s\u1eed d\u1ee5ng hi\u1ec7u qu\u1ea3 m\u1ecdi ngu\u1ed3n l\u1ef1c x\u00e2y d\u1ef1ng T\u00e2y S\u01a1n tr\u1edf th\u00e0nh x\u00e3 ph\u00e1t tri\u1ec3n kh\u00e1 c\u1ee7a t\u1ec9nh.</p></div>", "dan_so": "48945", "lanh_dao": "<p>+ Nguy\u1ec5n V\u0103n H\u00f9ng<br> B\u00ed th\u01b0 \u0110\u1ea3ng u\u1ef7-Ch\u1ee7 t\u1ecbch H\u0110ND, S\u0110T 0989976257</p><p>+ Nguy\u1ec5n Th\u1ecb Th\u1ed1ng<br> Ch\u1ee7 t\u1ecbch UBND, S\u0110T 0961492492</p>", "sap_nhap": "Ph\u00fa Phong (th\u1ecb tr\u1ea5n), T\u00e2y Xu\u00e2n, B\u00ecnh Nghi", "dtich_km2": "97.7", "ma_xa": 136, "tru_so": "<p style=\"text-align: justify;\">+&nbsp;\u0110\u1ea3ng \u1ee7y,&nbsp;MTTQ: S\u1ed1 61 Phan \u0110\u00ecnh Ph\u00f9ng, x\u00e3 T\u00e2y S\u01a1n (Tr\u1ee5 s\u1edf Huy\u1ec7n \u1ee7y T\u00e2y S\u01a1n tr\u01b0\u1edbc \u0111\u00e2y)</p><p style=\"text-align: justify;\">+ H\u0110ND, UBND,&nbsp;Trung t\u00e2m PVHCC: S\u1ed1 59 Phan \u0110\u00ecnh Ph\u00f9ng, x\u00e3 T\u00e2y S\u01a1n (Tr\u1ee5 s\u1edf UBND huy\u1ec7n T\u00e2y S\u01a1n tr\u01b0\u1edbc \u0111\u00e2y)</p>", "avatar": "https://cdn.baogialai.com.vn/images/SIr8r9U4TZPgBCjl1gcBbFzzY_7uN3Hpq-ownFePa-LLqfKcvVUhTA8gaDHGjeFzYqLWNQkAoa0MYjRqEif16g/xa-tay-son-gia-lai.jpg.webp", "url": "https://baogialai.com.vn/dia-phuong/xa-tay-son/136.html", "ten_xa": "X\u00e3 T\u00e2y S\u01a1n", "order": 100}, "geometry": {"type": "Polygon", "coordinates": [[[108.92862, 13.92894], [108.91388, 13.93032], [108.9115, 13.92182], [108.91291, 13.91948], [108.91161, 13.91866], [108.91342, 13.91486], [108.90707, 13.91517], [108.90254, 13.91817], [108.90017, 13.91407], [108.89608, 13.91253], [108.89354, 13.9106], [108.88811, 13.909], [108.88743, 13.90778], [108.88788, 13.90401], [108.89371, 13.89873], [108.89615, 13.90098], [108.90156, 13.89974], [108.90397, 13.90085], [108.9047, 13.90554], [108.90653, 13.90778], [108.90819, 13.90621], [108.91036, 13.906], [108.91091, 13.90722], [108.91311, 13.90641], [108.91561, 13.90315], [108.91629, 13.90091], [108.91921, 13.90343], [108.92297, 13.90399], [108.92476, 13.90008], [108.92447, 13.89799], [108.92573, 13.8943], [108.92526, 13.89354], [108.92828, 13.89201], [108.93133, 13.88298], [108.92958, 13.88019], [108.92452, 13.87846], [108.92243, 13.87639], [108.92038, 13.87133], [108.91943, 13.87087], [108.91843, 13.86834], [108.91649, 13.86699], [108.91566, 13.86444], [108.91099, 13.86783], [108.90915, 13.87264], [108.90367, 13.86973], [108.90216, 13.86786], [108.904, 13.86165], [108.90362, 13.85911], [108.90614, 13.85501], [108.90812, 13.84824], [108.90704, 13.84595], [108.90665, 13.84077], [108.9058, 13.83966], [108.90354, 13.83909], [108.90317, 13.83686], [108.90605, 13.83376], [108.91325, 13.83374], [108.91576, 13.83255], [108.92215, 13.83155], [108.92462, 13.82943], [108.92899, 13.82847], [108.93642, 13.82776], [108.93985, 13.8297], [108.94954, 13.83068], [108.95104, 13.82835], [108.9586, 13.82622], [108.96077, 13.82257], [108.9624, 13.82166], [108.96227, 13.82045], [108.96318, 13.81955], [108.96806, 13.81992], [108.97373, 13.82386], [108.97562, 13.82407], [108.97889, 13.8222], [108.98071, 13.8257], [108.99065, 13.82752], [108.99123, 13.82913], [108.99041, 13.83391], [108.99282, 13.8347], [108.9959, 13.83826], [108.99943, 13.83902], [109.00223, 13.84069], [109.0034, 13.84028], [109.00392, 13.8423], [109.00696, 13.84274], [109.00866, 13.84775], [109.00837, 13.85814], [109.00939, 13.85967], [109.00961, 13.86277], [109.01392, 13.86944], [109.01297, 13.87387], [109.01431, 13.8791], [109.01378, 13.88112], [109.01476, 13.8837], [109.00951, 13.88261], [109.00604, 13.88696], [109.00586, 13.89071], [109.00387, 13.89293], [109.00572, 13.89331], [109.00529, 13.89488], [109.00654, 13.89789], [109.00566, 13.90015], [109.00112, 13.90083], [108.99931, 13.902], [108.99683, 13.90456], [108.99685, 13.90634], [108.99266, 13.90675], [108.9891, 13.90847], [108.98467, 13.90843], [108.98351, 13.90773], [108.97871, 13.90831], [108.9636, 13.90767], [108.95558, 13.90839], [108.94934, 13.90744], [108.94215, 13.90824], [108.94277, 13.91097], [108.9447, 13.91384], [108.94491, 13.92175], [108.94131, 13.92194], [108.94127, 13.9232], [108.93995, 13.92362], [108.93905, 13.92335], [108.93864, 13.92128], [108.93454, 13.92062], [108.93104, 13.92217], [108.93036, 13.92323], [108.92676, 13.92437], [108.92862, 13.92894]]]}}, {"type": "Feature", "properties": {"other_info": "<div id=\"economy\"><span class=\"cms\">Kinh t\u1ebf: </span><p style=\"text-align: justify;\">Ng\u01b0\u1eddi d\u00e2n ch\u1ee7 y\u1ebfu s\u1ed1ng b\u1eb1ng ngh\u1ec1 n\u00f4ng, ch\u0103n nu\u00f4i v\u00e0 du l\u1ecbch c\u1ed9ng \u0111\u1ed3ng.</p></div><div id=\"culture\"><span class=\"cms\">V\u0103n h\u00f3a: </span><p style=\"text-align: justify;\">X\u00e3 T\u01a1 Tung s\u1edf h\u1eefu nhi\u1ec1u n\u00e9t \u0111\u1eb7c tr\u01b0ng v\u1ec1 v\u0103n h\u00f3a v\u00e0 thi\u00ean nhi\u00ean. \u0110\u00e2y l\u00e0 n\u01a1i sinh s\u1ed1ng ch\u1ee7 y\u1ebfu c\u1ee7a \u0111\u1ed3ng b\u00e0o d\u00e2n t\u1ed9c Bahnar, v\u1edbi nh\u1eefng l\u1ec5 h\u1ed9i truy\u1ec1n th\u1ed1ng \u0111\u1ed9c \u0111\u00e1o nh\u01b0 l\u1ec5 c\u00fang b\u1ebfn n\u01b0\u1edbc, l\u1ec5 h\u1ed9i c\u1ed3ng chi\u00eang.</p></div><div id=\"tourism\"><span class=\"cms\">Du l\u1ecbch: </span><p style=\"text-align: justify;\">B\u1ea3o t\u1ed3n c\u00e1c gi\u00e1 tr\u1ecb v\u0103n h\u00f3a truy\u1ec1n th\u1ed1ng g\u1eafn v\u1edbi ph\u00e1t tri\u1ec3n du l\u1ecbch c\u1ed9ng \u0111\u1ed3ng</p></div><div id=\"ethnicity\"><span class=\"cms\">D\u00e2n t\u1ed9c: </span><p>T\u1ef7 l\u1ec7 d\u00e2n t\u1ed9c thi\u1ec3u s\u1ed1 chi\u1ebfm tr\u00ean 80%</p></div>", "dan_so": "10952", "lanh_dao": "<p>+ Phan Tr\u1ea7n Th\u1ecd<br> B\u00ed th\u01b0 \u0110\u1ea3ng u\u1ef7-Ch\u1ee7 t\u1ecbch H\u0110ND, S\u0110T 0988853730</p><p>+ L\u00ea Thanh S\u01a1n<br> Ch\u1ee7 t\u1ecbch UBND, S\u0110T 0983533158</p>", "sap_nhap": "K\u00f4ng L\u01a1ng Kh\u01a1ng, T\u01a1 Tung", "dtich_km2": "141.35", "ma_xa": 138, "tru_so": "<p>+ \u0110\u1ea3ng \u1ee7y,&nbsp;H\u0110ND,&nbsp;UBND,&nbsp;MTTQ,&nbsp;Trung t\u00e2m PVHCC: Th\u00f4n Hbang, x\u00e3 T\u01a1 Tung</p>", "avatar": "https://cdn.baogialai.com.vn/images/SIr8r9U4TZPgBCjl1gcBbEcLwlMEZCWR6Ea8FIDapwjA9QmCajdIeiTVxuCM-pvJYqLWNQkAoa0MYjRqEif16g/xa-to-tung-gia-lai.jpg.webp", "url": "https://baogialai.com.vn/dia-phuong/xa-to-tung/138.html", "ten_xa": "X\u00e3 T\u01a1 Tung", "order": 100}, "geometry": {"type": "Polygon", "coordinates": [[[108.467, 14.122], [108.46385, 14.12329], [108.46251, 14.12714], [108.46039, 14.12996], [108.45838, 14.13018], [108.45301, 14.12883], [108.45337, 14.12746], [108.45474, 14.1269], [108.45458, 14.12536], [108.45759, 14.12015], [108.46042, 14.11897], [108.46141, 14.11655], [108.46149, 14.11215], [108.46019, 14.10904], [108.46112, 14.10532], [108.46104, 14.10077], [108.46373, 14.09191], [108.46116, 14.08735], [108.45762, 14.08413], [108.45589, 14.07948], [108.45208, 14.07816], [108.44604, 14.07286], [108.44517, 14.07096], [108.44562, 14.06874], [108.44454, 14.06783], [108.44566, 14.06357], [108.4474, 14.06428], [108.45269, 14.06366], [108.45358, 14.06018], [108.45674, 14.05678], [108.46289, 14.05566], [108.46485, 14.05818], [108.46686, 14.05844], [108.46998, 14.05695], [108.47205, 14.05488], [108.47218, 14.0524], [108.47385, 14.04955], [108.47763, 14.04633], [108.47959, 14.04208], [108.48189, 14.04156], [108.4869, 14.04303], [108.49003, 14.0365], [108.49327, 14.0341], [108.49522, 14.03462], [108.49594, 14.03354], [108.49708, 14.03387], [108.49911, 14.03146], [108.50127, 14.03118], [108.50199, 14.02928], [108.51147, 14.02529], [108.51324, 14.0224], [108.51528, 14.02143], [108.51832, 14.01797], [108.52109, 14.01064], [108.52181, 14.01058], [108.52219, 14.01206], [108.52327, 14.01116], [108.52796, 14.01123], [108.52852, 14.01219], [108.53034, 14.01188], [108.53103, 14.0108], [108.53347, 14.01152], [108.53382, 14.01319], [108.53743, 14.01357], [108.53834, 14.01281], [108.53996, 14.01298], [108.54293, 14.0108], [108.54453, 14.01094], [108.54498, 14.01192], [108.54658, 14.01247], [108.55154, 14.0097], [108.55427, 14.00581], [108.55672, 14.00713], [108.55723, 14.00835], [108.56191, 14.0092], [108.5643, 14.00917], [108.56541, 14.00798], [108.56868, 14.00674], [108.5687, 14.00608], [108.57112, 14.00704], [108.57108, 14.00831], [108.57329, 14.00871], [108.5733, 14.01002], [108.57409, 14.00981], [108.57501, 14.01204], [108.57801, 14.01289], [108.57849, 14.01457], [108.58045, 14.01376], [108.57947, 14.0122], [108.58051, 14.01164], [108.57999, 14.00978], [108.58152, 14.00934], [108.58136, 14.00645], [108.58281, 14.00446], [108.58319, 14.00094], [108.58381, 14.00102], [108.58409, 13.99943], [108.58738, 13.99955], [108.58982, 14.0028], [108.59038, 14.00722], [108.59257, 14.009], [108.59189, 14.0104], [108.59274, 14.01095], [108.59239, 14.013], [108.59369, 14.01305], [108.59318, 14.01466], [108.59435, 14.01419], [108.59517, 14.01596], [108.59488, 14.01693], [108.59094, 14.01651], [108.59094, 14.01729], [108.58802, 14.01813], [108.58685, 14.01989], [108.5878, 14.02376], [108.58878, 14.0248], [108.58827, 14.02716], [108.58737, 14.02792], [108.58774, 14.03091], [108.58895, 14.03279], [108.59027, 14.03325], [108.58924, 14.0354], [108.5901, 14.03621], [108.59016, 14.03904], [108.58849, 14.04195], [108.58993, 14.04304], [108.58973, 14.04689], [108.5895, 14.04786], [108.58713, 14.04947], [108.58657, 14.05117], [108.58753, 14.05254], [108.58668, 14.0541], [108.58716, 14.05454], [108.58478, 14.05793], [108.58497, 14.05985], [108.58364, 14.06032], [108.58352, 14.06177], [108.58232, 14.06259], [108.58588, 14.0701], [108.58505, 14.07044], [108.58521, 14.07198], [108.58648, 14.0729], [108.58563, 14.07419], [108.58716, 14.07524], [108.58607, 14.07879], [108.58829, 14.0809], [108.59037, 14.08643], [108.59126, 14.08715], [108.59326, 14.08689], [108.59359, 14.08618], [108.5946, 14.08688], [108.59442, 14.08805], [108.59319, 14.08855], [108.59322, 14.08966], [108.59026, 14.0904], [108.58974, 14.09148], [108.58732, 14.09081], [108.58688, 14.09164], [108.58616, 14.09118], [108.58587, 14.09232], [108.58467, 14.09173], [108.58056, 14.09514], [108.58004, 14.0938], [108.57734, 14.09275], [108.57709, 14.09492], [108.57139, 14.09705], [108.5714, 14.09798], [108.57044, 14.09815], [108.5704, 14.09993], [108.56935, 14.09947], [108.56839, 14.10282], [108.56621, 14.10311], [108.56572, 14.10127], [108.56325, 14.10141], [108.56232, 14.09995], [108.55987, 14.10285], [108.55746, 14.10959], [108.55332, 14.11158], [108.55456, 14.11658], [108.55432, 14.11793], [108.55221, 14.1194], [108.55201, 14.12163], [108.5482, 14.12142], [108.54595, 14.12273], [108.54174, 14.12289], [108.53904, 14.121], [108.53664, 14.12045], [108.53155, 14.11611], [108.53054, 14.11742], [108.52529, 14.11851], [108.52256, 14.12007], [108.51527, 14.11926], [108.51156, 14.11755], [108.50748, 14.11437], [108.50633, 14.11542], [108.50516, 14.11525], [108.50361, 14.11195], [108.50121, 14.11192], [108.49867, 14.11503], [108.49402, 14.11599], [108.48991, 14.11884], [108.48469, 14.11652], [108.48335, 14.11353], [108.48133, 14.11358], [108.4797, 14.11551], [108.4766, 14.11528], [108.47278, 14.11954], [108.47213, 14.12209], [108.467, 14.122]]]}}, {"type": "Feature", "properties": {"other_info": "<div id=\"economy\"><span class=\"cms\">Kinh t\u1ebf: </span><p style=\"text-align: justify;\">Tuy Ph\u01b0\u1edbc l\u00e0 \u0111\u1ecba ph\u01b0\u01a1ng c\u00f3 l\u1ecbch s\u1eed h\u00ecnh th\u00e0nh v\u00e0 ph\u00e1t tri\u1ec3n l\u00e2u \u0111\u1eddi, c\u00f3 v\u1ecb tr\u00ed \u0111\u1eb7c bi\u1ec7t v\u1ec1 giao th\u00f4ng c\u1ee7a khu v\u1ef1c ph\u00eda \u0110\u00f4ng Nam t\u1ec9nh Gia Lai v\u1edbi c\u00e1c tr\u1ee5c giao th\u00f4ng quan tr\u1ecdng qu\u1ed1c gia, t\u1ec9nh nh\u01b0 QL1A, QL19, QL19 m\u1edbi, \u0111\u01b0\u1eddng ven bi\u1ec3n Qu\u1ed1c gia (C\u00e1t Ti\u1ebfn \u2013 Di\u00eam V\u00e2n), \u0111\u01b0\u1eddng s\u1eaft B\u1eafc Nam, ga Di\u00eau Tr\u00ec... V\u1ecb tr\u00ed giao th\u00f4ng thu\u1eadn l\u1ee3i t\u1ea1o cho Tuy Ph\u01b0\u1edbc c\u00f3 t\u1ed1c \u0111\u1ed9 \u0111\u00f4 th\u1ecb h\u00f3a cao, ph\u00e1t tri\u1ec3n m\u1ea1nh h\u1ec7 th\u1ed1ng th\u01b0\u01a1ng m\u1ea1i, d\u1ecbch v\u1ee5 c\u1ea5p v\u00f9ng, \u0111\u1eb7c bi\u1ec7t sau khi tuy\u1ebfn QL19 m\u1edbi k\u1ebft n\u1ed1i xu\u1ed1ng c\u1ea3ng Quy Nh\u01a1n \u0111\u01b0a v\u00e0o s\u1eed d\u1ee5ng \u0111\u00e3 t\u1ea1o l\u1ee3i th\u1ebf quan tr\u1ecdng cho Tuy Ph\u01b0\u1edbc trong vi\u1ec7c thu h\u00fat c\u00e1c d\u1ef1 \u00e1n \u0111\u1ea7u t\u01b0 quy m\u00f4 l\u1edbn trong c\u00e1c l\u0129nh v\u1ef1c \u0111\u00f4 th\u1ecb, d\u1ecbch v\u1ee5 du l\u1ecbch, kho b\u00e3i, logistic.</p></div><div id=\"tourism\"><span class=\"cms\">Du l\u1ecbch: </span><p style=\"text-align: justify;\">Tuy Ph\u01b0\u1edbc c\u0169ng l\u00e0 v\u00f9ng \u0111\u1ea5t gi\u00e0u truy\u1ec1n th\u1ed1ng l\u1ecbch s\u1eed, v\u1edbi c\u00e1c gi\u00e1 tr\u1ecb v\u0103n ho\u00e1, c\u1ea3nh quan thi\u00ean nhi\u00ean h\u1ebft s\u1ee9c c\u00f3 gi\u00e1 tr\u1ecb, c\u00f3 ti\u1ec1m n\u0103ng ph\u00e1t tri\u1ec3n du l\u1ecbch quan tr\u1ecdng nh\u01b0 h\u1ec7 sinh th\u00e1i \u0111\u1ea7m Th\u1ecb N\u1ea1i, Ti\u1ec3u ch\u1ee7ng vi\u1ec7n L\u00e0ng S\u00f4ng, m\u1ed9t trong 3 n\u01a1i \u0111\u1eb7t nh\u00e0 m\u00e1y in ch\u1eef Qu\u1ed1c ng\u1eef \u0111\u1ea7u ti\u00ean c\u1ee7a Vi\u1ec7t Nam, nem Ch\u1ee3 huy\u1ec7n\u2026</p></div>", "dan_so": "77452", "lanh_dao": "<p>+ L\u00ea Th\u1ecb Vinh H\u01b0\u01a1ng<br> B\u00ed th\u01b0 \u0110\u1ea3ng u\u1ef7-Ch\u1ee7 t\u1ecbch H\u0110ND, S\u0110T 0946922299</p><p>+ Tr\u1ea7n Minh Quang<br> Ch\u1ee7 t\u1ecbch UBND, S\u0110T 0947258889</p>", "sap_nhap": "Tuy Ph\u01b0\u1edbc (th\u1ecb tr\u1ea5n), Di\u00eau Tr\u00ec (th\u1ecb tr\u1ea5n), Ph\u01b0\u01a1\u0301c Thu\u00e2\u0323n, Ph\u01b0\u1edbc Ngh\u0129a, Ph\u01b0\u1edbc L\u1ed9c", "dtich_km2": "53.37", "ma_xa": 139, "tru_so": "<p style=\"text-align: justify;\">+&nbsp;\u0110\u1ea3ng \u1ee7y:&nbsp;S\u1ed1 36 Xu\u00e2n Di\u1ec7u, x\u00e3 Tuy Ph\u01b0\u1edbc (Tr\u1ee5 s\u1edf Huy\u1ec7n \u1ee7y Tuy Ph\u01b0\u1edbc tr\u01b0\u1edbc \u0111\u00e2y)</p><p style=\"text-align: justify;\">+ H\u0110ND, UBND: 290 Nguy\u1ec5n Hu\u1ec7, x\u00e3 Tuy Ph\u01b0\u1edbc (Tr\u1ee5 s\u1edf UBND huy\u1ec7n Tuy Ph\u01b0\u1edbc tr\u01b0\u1edbc \u0111\u00e2y)</p><p style=\"text-align: justify;\">+ MTTQ: S\u1ed1 371 Nguy\u1ec5n Hu\u1ec7, x\u00e3 Tuy Ph\u01b0\u1edbc (Tr\u1ee5 s\u1edf th\u1ecb tr\u1ea5n Tuy Ph\u01b0\u1edbc tr\u01b0\u1edbc \u0111\u00e2y)</p><p style=\"text-align: justify;\">+ Trung t\u00e2m PVHCC: S\u1ed1 238 \u0110\u00e0o T\u1ea5n, x\u00e3 Tuy Ph\u01b0\u1edbc (Trung t\u00e2m Thanh thi\u1ebfu ni\u00ean huy\u1ec7n Tuy Ph\u01b0\u1edbc tr\u01b0\u1edbc \u0111\u00e2y)</p><div id=\"phone-number\"><span class=\"cms\">S\u0110T: </span>0633366</div>", "avatar": "https://cdn.baogialai.com.vn/images/SIr8r9U4TZPgBCjl1gcBbOS--iIl77WMbbFji_5tWWLzWZWWEikjP9krMHuElUJCwuTnSJqHHruuKracMrx2GQ/xa-tuy-phuoc-gia-lai.jpg.webp", "url": "https://baogialai.com.vn/dia-phuong/xa-tuy-phuoc/139.html", "ten_xa": "X\u00e3 Tuy Ph\u01b0\u1edbc", "order": 100}, "geometry": {"type": "Polygon", "coordinates": [[[109.13618, 13.86626], [109.1329, 13.86835], [109.13234, 13.86724], [109.13111, 13.86744], [109.13085, 13.86618], [109.12937, 13.86587], [109.12985, 13.86216], [109.12841, 13.86189], [109.12755, 13.85982], [109.12528, 13.8593], [109.1249, 13.8555], [109.12251, 13.85088], [109.12105, 13.85189], [109.11841, 13.84909], [109.11636, 13.8483], [109.11607, 13.84635], [109.1175, 13.84386], [109.12118, 13.8425], [109.1225, 13.84041], [109.12365, 13.84091], [109.12577, 13.83916], [109.12836, 13.83865], [109.12797, 13.8373], [109.12909, 13.83698], [109.12826, 13.8349], [109.12966, 13.83442], [109.12944, 13.83366], [109.13103, 13.83314], [109.13181, 13.83372], [109.13359, 13.83271], [109.13379, 13.83386], [109.1387, 13.83239], [109.13925, 13.82747], [109.14172, 13.82348], [109.14175, 13.82143], [109.14303, 13.81903], [109.1418, 13.81457], [109.14383, 13.80781], [109.14099, 13.80339], [109.14244, 13.80144], [109.14321, 13.7975], [109.15246, 13.80136], [109.15607, 13.80184], [109.15865, 13.80612], [109.16168, 13.80541], [109.16233, 13.8057], [109.16183, 13.80656], [109.16406, 13.80656], [109.16633, 13.80932], [109.1689, 13.80858], [109.1702, 13.80908], [109.17233, 13.81184], [109.17148, 13.81433], [109.17217, 13.81545], [109.1786, 13.81473], [109.17958, 13.81783], [109.17698, 13.81878], [109.178, 13.82105], [109.17722, 13.82065], [109.17543, 13.82261], [109.17656, 13.82829], [109.17855, 13.82521], [109.18577, 13.82318], [109.19019, 13.81799], [109.19266, 13.81715], [109.19912, 13.81725], [109.19998, 13.81488], [109.19981, 13.81224], [109.20142, 13.81258], [109.20581, 13.8165], [109.21342, 13.81639], [109.21462, 13.81482], [109.21477, 13.81181], [109.2174, 13.81127], [109.21976, 13.81252], [109.225, 13.81895], [109.22914, 13.81909], [109.23962, 13.81753], [109.24871, 13.83491], [109.22692, 13.8492], [109.22001, 13.85222], [109.2186, 13.85427], [109.21656, 13.85392], [109.21692, 13.8559], [109.21608, 13.85647], [109.21265, 13.85667], [109.21084, 13.85181], [109.19293, 13.84974], [109.19375, 13.84641], [109.19084, 13.84653], [109.18755, 13.84516], [109.18727, 13.84844], [109.18329, 13.8523], [109.18165, 13.85765], [109.18032, 13.859], [109.17985, 13.853], [109.17774, 13.8504], [109.1792, 13.8477], [109.17463, 13.84694], [109.16691, 13.85049], [109.16591, 13.85361], [109.1665, 13.85695], [109.16605, 13.85929], [109.16468, 13.85942], [109.16404, 13.86067], [109.16131, 13.86007], [109.16114, 13.85783], [109.15918, 13.85939], [109.15715, 13.85967], [109.15528, 13.85594], [109.15042, 13.8554], [109.1495, 13.85569], [109.14976, 13.85648], [109.14851, 13.8585], [109.14912, 13.85874], [109.14453, 13.8603], [109.14445, 13.86138], [109.1394, 13.86043], [109.13782, 13.86141], [109.13498, 13.8644], [109.13618, 13.86626]]]}}, {"type": "Feature", "properties": {"other_info": "<div id=\"economy\"><span class=\"cms\">Kinh t\u1ebf: </span><p style=\"text-align: justify;\">X\u00e3 Tuy Ph\u01b0\u1edbc B\u1eafc m\u1edbi \u0111\u01b0\u1ee3c k\u1ebf th\u1eeba th\u1ebf m\u1ea1nh ng\u00e0nh n\u00f4ng nghi\u1ec7p c\u1ee7a 2 x\u00e3 Ph\u01b0\u1edbc H\u01b0ng v\u00e0 Ph\u01b0\u1edbc Quang c\u0169 l\u00e0 tr\u01b0\u1edbc \u0111\u00f3 \u0111\u00e3 h\u00ecnh th\u00e0nh nhi\u1ec1u c\u00e1nh \u0111\u1ed3ng m\u1eabu l\u1edbn li\u00ean k\u1ebft s\u1ea3n xu\u1ea5t l\u00faa gi\u1ed1ng mang l\u1ea1i thu nh\u1eadp \u1ed5n \u0111\u1ecbnh cho n\u00f4ng d\u00e2n, v\u00f9ng rau s\u1ea1ch VietGAP, l\u00e0ng hoa T\u00fa Th\u1ee7y\u2026 m\u00e0 \u0111\u1ea7u m\u1ed1i l\u00e0 c\u00e1c HTX N\u00f4ng nghi\u1ec7p Ph\u01b0\u1edbc H\u01b0ng v\u00e0 HTX N\u00f4ng nghi\u1ec7p Ph\u01b0\u1edbc Quang. Trong th\u1eddi gian t\u1edbi, x\u00e3 Tuy Ph\u01b0\u1edbc B\u1eafc s\u1ebd h\u00ecnh th\u00e0nh c\u00e1c HTX N\u00f4ng nghi\u1ec7p \u1ee9ng d\u1ee5ng c\u00f4ng ngh\u1ec7 s\u1ed1, n\u00f4ng nghi\u1ec7p th\u00f4ng minh; v\u1ec1 ch\u0103n nu\u00f4i s\u1ebd m\u1edf r\u1ed9ng ch\u0103n nu\u00f4i theo h\u01b0\u1edbng an to\u00e0n sinh h\u1ecdc g\u1eafn v\u1edbi li\u00ean k\u1ebft ti\u00eau th\u1ee5.</p><p style=\"text-align: justify;\">V\u1ec1 l\u0129nh v\u1ef1c th\u01b0\u01a1ng m\u1ea1i-d\u1ecbch v\u1ee5, x\u00e3 Tuy Ph\u01b0\u1edbc B\u1eafc c\u00f3 \u0111\u1ecbnh h\u01b0\u1edbng \u0111\u1ea7u t\u01b0 x\u00e2y d\u1ef1ng ch\u1ee3 v\u00e0 khu th\u01b0\u01a1ng m\u1ea1i d\u1ecbch v\u1ee5 Qu\u1ea3ng Nghi\u1ec7p, trung t\u00e2m d\u1ecbch v\u1ee5 d\u1ecdc tuy\u1ebfn giao th\u00f4ng \u0110T 636B; ph\u00e1t tri\u1ec3n d\u1ecbch v\u1ee5 l\u01b0u tr\u00fa, \u0103n u\u1ed1ng, logistics ph\u1ee5c v\u1ee5 s\u1ea3n xu\u1ea5t n\u00f4ng nghi\u1ec7p, du l\u1ecbch; h\u00ecnh th\u00e0nh c\u1ee5m c\u00f4ng nghi\u1ec7p \u0111\u1ec3 t\u1ea1o \u0111\u1ed9ng l\u1ef1c t\u0103ng tr\u01b0\u1edfng m\u1edbi.</p></div><div id=\"tourism\"><span class=\"cms\">Du l\u1ecbch: </span><p style=\"text-align: justify;\">Tr\u00ean \u0111\u1ecba b\u00e0n x\u00e3 Tuy Ph\u01b0\u1edbc B\u1eafc c\u00f3 nhi\u1ec1u \u0111i\u1ec3m nh\u1ea5n v\u1ec1 v\u0103n h\u00f3a, l\u1ecbch s\u1eed, t\u00e2m linh nh\u01b0 ch\u00f9a B\u00e0 N\u01b0\u1edbc M\u1eb7n, t\u1ed5 \u0111\u00ecnh Thi\u00ean \u0110\u1ee9c, th\u00e1p B\u00e1nh \u00cdt, l\u00e0ng hoa T\u00fa Th\u1ee7y, di t\u00edch ch\u1eef Qu\u1ed1c ng\u1eef, di t\u00edch v\u1ee5 th\u1ea3m s\u00e1t Nho L\u00e2m, m\u1ed9 c\u00e1c danh nh\u00e2n L\u00ea C\u00f4ng Mi\u1ec5n, L\u00ea \u0110\u1ea1i Cang, \u0110\u00e0o Phan Du\u00e2n...; tr\u00ean n\u1ec1n ti\u1ec1m n\u0103ng n\u00e0y x\u00e3 Tuy Ph\u01b0\u1edbc B\u1eafc s\u1ebd t\u00edch c\u1ef1c khai th\u00e1c du l\u1ecbch tr\u1ea3i nghi\u1ec7m.</p></div>", "dan_so": "49495", "lanh_dao": "<p>+ Hu\u1ef3nh Th\u1ecb Thanh Nguy\u1ec7t<br> B\u00ed th\u01b0 \u0110\u1ea3ng u\u1ef7-Ch\u1ee7 t\u1ecbch H\u0110ND, S\u0110T 0934893114</p><p>+ Nguy\u1ec5n H\u00f9ng T\u00e2n<br> Ch\u1ee7 t\u1ecbch UBND, S\u0110T 0905979268</p>", "sap_nhap": "Ph\u01b0\u1edbc Hi\u1ec7p, Ph\u01b0\u1edbc H\u01b0ng, Ph\u01b0\u1edbc Quang", "dtich_km2": "37.03", "ma_xa": 140, "tru_so": "<p>+ \u0110\u1ea3ng \u1ee7y,&nbsp;MTTQ:&nbsp;Th\u00f4n Giang B\u1eafc, x\u00e3 Tuy Ph\u01b0\u1edbc B\u1eafc (Tr\u1ee5 s\u1edf x\u00e3 Ph\u01b0\u1edbc Hi\u1ec7p tr\u01b0\u1edbc \u0111\u00e2y)</p><p>+ H\u0110ND, UBND,&nbsp;Trung t\u00e2m PVHCC: Th\u00f4n \u0110\u1ecbnh Thi\u1ec7n T\u00e2y, x\u00e3 Tuy Ph\u01b0\u1edbc B\u1eafc (Tr\u1ee5 s\u1edf x\u00e3 Ph\u01b0\u1edbc Quang tr\u01b0\u1edbc \u0111\u00e2y)</p>", "avatar": "https://cdn.baogialai.com.vn/images/SIr8r9U4TZPgBCjl1gcBbOS--iIl77WMbbFji_5tWWICWNP1IlccIefWwcSlna1suCRGiWLSZ1BthX4GWdXImw/xa-tuy-phuoc-bac-gia-lai.jpg.webp", "url": "https://baogialai.com.vn/dia-phuong/xa-tuy-phuoc-bac/140.html", "ten_xa": "X\u00e3 Tuy Ph\u01b0\u1edbc B\u1eafc", "order": 100}, "geometry": {"type": "Polygon", "coordinates": [[[109.16902, 13.92101], [109.16406, 13.92162], [109.16175, 13.91947], [109.15957, 13.92003], [109.15636, 13.91949], [109.15143, 13.91726], [109.14973, 13.91821], [109.1483, 13.91655], [109.15012, 13.91578], [109.14964, 13.91489], [109.15345, 13.91368], [109.15398, 13.91268], [109.15151, 13.91039], [109.14876, 13.9104], [109.14774, 13.90757], [109.14468, 13.907], [109.13833, 13.90743], [109.1359, 13.90527], [109.13243, 13.90679], [109.12617, 13.90621], [109.12337, 13.90717], [109.1208, 13.90288], [109.12355, 13.89989], [109.12486, 13.90062], [109.1264, 13.9001], [109.12596, 13.89877], [109.12672, 13.89767], [109.12604, 13.89721], [109.1259, 13.89429], [109.12102, 13.8939], [109.12024, 13.89184], [109.12183, 13.88728], [109.12488, 13.88689], [109.12593, 13.88579], [109.12874, 13.88511], [109.12675, 13.88039], [109.12583, 13.87998], [109.12674, 13.87975], [109.12599, 13.87618], [109.12702, 13.8749], [109.13168, 13.8751], [109.13583, 13.87282], [109.13598, 13.87125], [109.13743, 13.87162], [109.13725, 13.87083], [109.13619, 13.87098], [109.1334, 13.86857], [109.13618, 13.86626], [109.13498, 13.8644], [109.13782, 13.86141], [109.1394, 13.86043], [109.14445, 13.86138], [109.14453, 13.8603], [109.14912, 13.85874], [109.14851, 13.8585], [109.14976, 13.85648], [109.1495, 13.85569], [109.15121, 13.85536], [109.15528, 13.85594], [109.15715, 13.85967], [109.15918, 13.85939], [109.16114, 13.85783], [109.16131, 13.86007], [109.16379, 13.86077], [109.16468, 13.85942], [109.16605, 13.85929], [109.1665, 13.85695], [109.16591, 13.85361], [109.16691, 13.85049], [109.17385, 13.8471], [109.1788, 13.84728], [109.17904, 13.84902], [109.17774, 13.8504], [109.17985, 13.853], [109.18031, 13.85907], [109.18489, 13.865], [109.18505, 13.86722], [109.18362, 13.86983], [109.18376, 13.8726], [109.18523, 13.8728], [109.18599, 13.87813], [109.18923, 13.87792], [109.18978, 13.88022], [109.19062, 13.88029], [109.19075, 13.88201], [109.19148, 13.88214], [109.19195, 13.88361], [109.19115, 13.88527], [109.19208, 13.88764], [109.18996, 13.88834], [109.19058, 13.88693], [109.18997, 13.88658], [109.18751, 13.88796], [109.18699, 13.88581], [109.18401, 13.88532], [109.18322, 13.88355], [109.18216, 13.88408], [109.18132, 13.88679], [109.18034, 13.88636], [109.18047, 13.88492], [109.17792, 13.88421], [109.17475, 13.88563], [109.1736, 13.88378], [109.17145, 13.88385], [109.16952, 13.88536], [109.16904, 13.8863], [109.1706, 13.8874], [109.17105, 13.89023], [109.17207, 13.8907], [109.17061, 13.89117], [109.1707, 13.89233], [109.17279, 13.89489], [109.17496, 13.89477], [109.17725, 13.89578], [109.17815, 13.89756], [109.17894, 13.8975], [109.17919, 13.89552], [109.18014, 13.89508], [109.18404, 13.89635], [109.18517, 13.89752], [109.1845, 13.89895], [109.18316, 13.89955], [109.18385, 13.90188], [109.18255, 13.90587], [109.18349, 13.90636], [109.18359, 13.90797], [109.18529, 13.9085], [109.1857, 13.90955], [109.18427, 13.91051], [109.18248, 13.91003], [109.18047, 13.91174], [109.17953, 13.91404], [109.17979, 13.91539], [109.17821, 13.91621], [109.17672, 13.91573], [109.17313, 13.91752], [109.17133, 13.91697], [109.17089, 13.91791], [109.16853, 13.91865], [109.16902, 13.92101]]]}}, {"type": "Feature", "properties": {"other_info": "<div id=\"economy\"><span class=\"cms\">Kinh t\u1ebf: </span><p style=\"text-align: justify;\">X\u00e3 Tuy Ph\u01b0\u1edbc \u0110\u00f4ng \u0111ang t\u1eadp trung ph\u00e1t tri\u1ec3n kinh t\u1ebf v\u1edbi c\u00e1c m\u0169i nh\u1ecdn ch\u00ednh l\u00e0 th\u01b0\u01a1ng m\u1ea1i, d\u1ecbch v\u1ee5 v\u00e0 du l\u1ecbch, d\u1ef1a tr\u00ean l\u1ee3i th\u1ebf v\u1ecb tr\u00ed \u0111\u1ecba l\u00fd quan tr\u1ecdng v\u00e0 ti\u1ec1m n\u0103ng kinh t\u1ebf bi\u1ec3n, \u0111\u1ea7m. C\u00e1c h\u01b0\u1edbng ph\u00e1t tri\u1ec3n kh\u00e1c bao g\u1ed3m n\u00f4ng nghi\u1ec7p \u1ee9ng d\u1ee5ng c\u00f4ng ngh\u1ec7 cao v\u00e0 k\u1ebft n\u1ed1i v\u1edbi Khu kinh t\u1ebf Nh\u01a1n H\u1ed9i.</p></div><div id=\"tourism\"><span class=\"cms\">Du l\u1ecbch: </span><p style=\"text-align: justify;\">\u0110\u1ecba ph\u01b0\u01a1ng c\u00f3 nhi\u1ec1u l\u1ee3i th\u1ebf v\u1ec1 c\u1ea3nh quan, v\u0103n h\u00f3a - l\u1ecbch s\u1eed, v\u1edbi c\u00e1c \u0111i\u1ec3m nh\u1ea5n nh\u01b0 C\u1ed3n Chim, \u0111\u1ea7m Th\u1ecb N\u1ea1i, l\u00e0ng hoa B\u00ecnh L\u00e2m, c\u00f9ng v\u1ecb tr\u00ed g\u1ea7n trung t\u00e2m h\u00e0nh ch\u00ednh t\u1ec9nh, t\u1ea1o \u0111i\u1ec1u ki\u1ec7n \u0111\u1ec3 ph\u00e1t tri\u1ec3n du l\u1ecbch g\u1eafn v\u1edbi th\u01b0\u01a1ng m\u1ea1i, d\u1ecbch v\u1ee5.</p><p style=\"text-align: justify;\">X\u00e3 x\u00e2y d\u1ef1ng s\u1ea3n ph\u1ea9m du l\u1ecbch \u0111\u1eb7c th\u00f9 g\u1eafn v\u1edbi tr\u1ea3i nghi\u1ec7m sinh th\u00e1i, v\u0103n h\u00f3a - l\u1ecbch s\u1eed, du l\u1ecbch c\u1ed9ng \u0111\u1ed3ng; khuy\u1ebfn kh\u00edch ph\u00e1t tri\u1ec3n homestay, nh\u00e0 v\u01b0\u1eddn v\u00e0 d\u1ecbch v\u1ee5 ph\u1ee5 tr\u1ee3. \u0110\u1ed3ng th\u1eddi, \u0111\u1ea9y m\u1ea1nh m\u00f4 h\u00ecnh n\u00f4ng nghi\u1ec7p k\u1ebft h\u1ee3p du l\u1ecbch sinh th\u00e1i. \u0110\u00e2y s\u1ebd l\u00e0 h\u01b0\u1edbng \u0111i m\u1edbi, t\u1ea1o th\u00eam s\u1ee9c h\u00fat v\u00e0 gi\u00e1 tr\u1ecb gia t\u0103ng cho c\u1ea3 n\u00f4ng nghi\u1ec7p l\u1eabn du l\u1ecbch.</p></div><div id=\"other-info-content\"><span class=\"cms\">Th\u00f4ng tin kh\u00e1c: </span><p style=\"text-align: justify;\">Tuy Ph\u01b0\u1edbc \u0110\u00f4ng x\u00e1c \u0111\u1ecbnh t\u1eadp trung khai th\u00e1c ti\u1ec1m n\u0103ng, \u0111\u01b0a th\u01b0\u01a1ng m\u1ea1i, d\u1ecbch v\u1ee5, du l\u1ecbch tr\u1edf th\u00e0nh ng\u00e0nh kinh t\u1ebf m\u0169i nh\u1ecdn. Ph\u1ea5n \u0111\u1ea5u \u0111\u1ebfn n\u0103m 2030, c\u01a1 c\u1ea5u kinh t\u1ebf chuy\u1ec3n d\u1ecbch theo h\u01b0\u1edbng: C\u00f4ng nghi\u1ec7p - x\u00e2y d\u1ef1ng 39%; th\u01b0\u01a1ng m\u1ea1i, d\u1ecbch v\u1ee5, du l\u1ecbch 33,3%; n\u00f4ng - l\u00e2m - th\u1ee7y s\u1ea3n c\u00f2n 27,7%. T\u1ed5ng thu ng\u00e2n s\u00e1ch \u0111\u1ea1t 56,4 t\u1ef7 \u0111\u1ed3ng, thu nh\u1eadp b\u00ecnh qu\u00e2n \u0111\u1ea1t 87 - 90 tri\u1ec7u \u0111\u1ed3ng/ng\u01b0\u1eddi/n\u0103m.</p></div>", "dan_so": "58440", "lanh_dao": "<p>+ Hu\u1ef3nh Nam<br> B\u00ed th\u01b0 \u0110\u1ea3ng u\u1ef7-Ch\u1ee7 t\u1ecbch H\u0110ND, S\u0110T 0935251438</p><p>+ D\u01b0\u01a1ng Minh T\u00e2n<br> Ch\u1ee7 t\u1ecbch UBND, S\u0110T 0966457679</p>", "sap_nhap": "Ph\u01b0\u1edbc S\u01a1n, Ph\u01b0\u1edbc H\u00f2a, Ph\u01b0\u1edbc Th\u1eafng", "dtich_km2": "60.66", "ma_xa": 141, "tru_so": "<p style=\"text-align: justify;\">+&nbsp;\u0110\u1ea3ng \u1ee7y,&nbsp;MTTQ: Th\u00f4n Kim T\u00e2y, x\u00e3 Tuy Ph\u01b0\u1edbc \u0110\u00f4ng (Tr\u1ee5 s\u1edf x\u00e3 Ph\u01b0\u1edbc H\u00f2a tr\u01b0\u1edbc \u0111\u00e2y)</p><p style=\"text-align: justify;\">+ H\u0110ND, UBND,&nbsp;Trung t\u00e2m PVHCC: Th\u00f4n Ph\u1ee5ng S\u01a1n, x\u00e3 Tuy Ph\u01b0\u1edbc \u0110\u00f4ng (Tr\u1ee5 s\u1edf x\u00e3 Ph\u01b0\u1edbc S\u01a1n tr\u01b0\u1edbc \u0111\u00e2y)</p><div id=\"phone-number\"><span class=\"cms\">S\u0110T: </span>03830118</div>", "avatar": "https://cdn.baogialai.com.vn/images/SIr8r9U4TZPgBCjl1gcBbOS--iIl77WMbbFji_5tWWKblYQ7VOSj2eiu2gaEe1OgyUtcKYmDhY9x0tlgoyrXyg/xa-tuy-phuoc-dong-gia-lai-1.jpg.webp", "url": "https://baogialai.com.vn/dia-phuong/xa-tuy-phuoc-dong/141.html", "ten_xa": "X\u00e3 Tuy Ph\u01b0\u1edbc \u0110\u00f4ng", "order": 100}, "geometry": {"type": "Polygon", "coordinates": [[[109.18721, 13.93345], [109.17808, 13.93784], [109.17507, 13.93725], [109.1738, 13.93196], [109.17229, 13.93146], [109.17211, 13.93056], [109.17223, 13.92985], [109.17381, 13.92942], [109.17763, 13.93091], [109.18276, 13.92943], [109.18278, 13.92787], [109.18391, 13.92714], [109.18427, 13.92762], [109.18427, 13.92641], [109.18825, 13.92585], [109.18733, 13.92288], [109.18879, 13.92245], [109.18798, 13.92001], [109.186, 13.91952], [109.18579, 13.91816], [109.17926, 13.91977], [109.17817, 13.91653], [109.17836, 13.91578], [109.17982, 13.91537], [109.17945, 13.91447], [109.18047, 13.91174], [109.18248, 13.91003], [109.18427, 13.91051], [109.18569, 13.90958], [109.18529, 13.9085], [109.18359, 13.90797], [109.18349, 13.90636], [109.18255, 13.90587], [109.18385, 13.90188], [109.18316, 13.89955], [109.1845, 13.89895], [109.18517, 13.89752], [109.18404, 13.89635], [109.18014, 13.89508], [109.17919, 13.89552], [109.17894, 13.8975], [109.17815, 13.89756], [109.17725, 13.89578], [109.17496, 13.89477], [109.17279, 13.89489], [109.1707, 13.89233], [109.17061, 13.89117], [109.17207, 13.8907], [109.17105, 13.89023], [109.1706, 13.8874], [109.16904, 13.8863], [109.17128, 13.88392], [109.17345, 13.88373], [109.17475, 13.88563], [109.1778, 13.88421], [109.17955, 13.88446], [109.1807, 13.88529], [109.18034, 13.88636], [109.18132, 13.88679], [109.18216, 13.88408], [109.18322, 13.88355], [109.18401, 13.88532], [109.18699, 13.88581], [109.18751, 13.88796], [109.18997, 13.88658], [109.19058, 13.88693], [109.18996, 13.88834], [109.19201, 13.88782], [109.19115, 13.88527], [109.19195, 13.88361], [109.19148, 13.88214], [109.19075, 13.88201], [109.19062, 13.88029], [109.18978, 13.88022], [109.18923, 13.87792], [109.18599, 13.87813], [109.18523, 13.8728], [109.18376, 13.8726], [109.18362, 13.86983], [109.18505, 13.86722], [109.18477, 13.86468], [109.18031, 13.85907], [109.18165, 13.85765], [109.18329, 13.8523], [109.18727, 13.84844], [109.18755, 13.84516], [109.19084, 13.84653], [109.19375, 13.84641], [109.19293, 13.84974], [109.21084, 13.85181], [109.21265, 13.85667], [109.21608, 13.85647], [109.21692, 13.8559], [109.21656, 13.85392], [109.2186, 13.85427], [109.22001, 13.85222], [109.22692, 13.8492], [109.24871, 13.83491], [109.25179, 13.8404], [109.25308, 13.84952], [109.24768, 13.86411], [109.24972, 13.87109], [109.2477, 13.87689], [109.24745, 13.88322], [109.24621, 13.88931], [109.24829, 13.8911], [109.24892, 13.89352], [109.25681, 13.89323], [109.2594, 13.9009], [109.24683, 13.90365], [109.24521, 13.90499], [109.24007, 13.9057], [109.23853, 13.90487], [109.23815, 13.90713], [109.23486, 13.91203], [109.23378, 13.91301], [109.23296, 13.91201], [109.23183, 13.91249], [109.23553, 13.91879], [109.23308, 13.9205], [109.23272, 13.92274], [109.23054, 13.92306], [109.23077, 13.92412], [109.22624, 13.92634], [109.2265, 13.92768], [109.2224, 13.92731], [109.22262, 13.92435], [109.22184, 13.92428], [109.22096, 13.92754], [109.22006, 13.92725], [109.22014, 13.92561], [109.21921, 13.92578], [109.21631, 13.92314], [109.21233, 13.92396], [109.2116, 13.92259], [109.21263, 13.92062], [109.21077, 13.91986], [109.20883, 13.92081], [109.20852, 13.92183], [109.20708, 13.92204], [109.20656, 13.92324], [109.20517, 13.92308], [109.20488, 13.92475], [109.20386, 13.92562], [109.20139, 13.92506], [109.20044, 13.92592], [109.19998, 13.92511], [109.19847, 13.92488], [109.19739, 13.9264], [109.19654, 13.92629], [109.19599, 13.93036], [109.18721, 13.93345]]]}}, {"type": "Feature", "properties": {"other_info": "<div id=\"economy\"><span class=\"cms\">Kinh t\u1ebf: </span><p style=\"text-align: justify;\">C\u01a1 c\u1ea5u kinh t\u1ebf theo h\u01b0\u1edbng c\u00f4ng nghi\u1ec7p h\u00f3a - hi\u1ec7n \u0111\u1ea1i h\u00f3a, v\u1edbi t\u1ef7 tr\u1ecdng c\u00f4ng nghi\u1ec7p - x\u00e2y d\u1ef1ng chi\u1ebfm 71,8%; th\u01b0\u01a1ng m\u1ea1i - d\u1ecbch v\u1ee5 17,8%; n\u00f4ng - l\u00e2m - th\u1ee7y s\u1ea3n c\u00f2n 10,4%.</p></div><div id=\"tourism\"><span class=\"cms\">Du l\u1ecbch: </span><p style=\"text-align: justify;\">Tuy Ph\u01b0\u1edbc T\u00e2y&nbsp;ph\u00e1t tri\u1ec3n d\u1ecbch v\u1ee5 du l\u1ecbch g\u1eafn v\u1edbi ti\u1ec1m n\u0103ng \u0111\u1eb7c s\u1eafc c\u1ee7a \u0110\u1ea7m Th\u1ecb N\u1ea1i, khu v\u1ef1c c\u00f3 di\u1ec7n t\u00edch m\u1eb7t n\u01b0\u1edbc l\u00ean t\u1edbi 656ha. M\u00f4 h\u00ecnh du l\u1ecbch sinh th\u00e1i c\u1ed9ng \u0111\u1ed3ng t\u1ea1i \u0111\u00e2y \u0111ang \u0111\u01b0\u1ee3c x\u00e2y d\u1ef1ng, k\u1ebft h\u1ee3p v\u1edbi c\u00e1c l\u1ec5 h\u1ed9i v\u0103n h\u00f3a truy\u1ec1n th\u1ed1ng nh\u01b0 H\u1ed9i Xu\u00e2n Ch\u1ee3 G\u00f2, tr\u01b0ng b\u00e0y s\u1ea3n ph\u1ea9m OCOP, t\u1ea1o sinh k\u1ebf b\u1ec1n v\u1eefng cho ng\u01b0\u1eddi d\u00e2n.</p></div><div id=\"other-info-content\"><span class=\"cms\">Th\u00f4ng tin kh\u00e1c: </span><p style=\"text-align: justify;\">Tr\u00ean \u0111\u1ecba b\u00e0n x\u00e3 hi\u1ec7n c\u00f3 01 C\u1ee5m c\u00f4ng nghi\u1ec7p Ph\u01b0\u1edbc An \u0111ang ho\u1ea1t \u0111\u1ed9ng \u1ed5n \u0111\u1ecbnh; 01 C\u1ee5m c\u00f4ng nghi\u1ec7p B\u00ecnh An \u0111ang trong qu\u00e1 tr\u00ecnh th\u1ef1c hi\u1ec7n c\u00f4ng t\u00e1c ki\u1ec3m k\u00ea, l\u1eadp ph\u01b0\u01a1ng \u00e1n b\u1ed3i th\u01b0\u1eddng, gi\u1ea3i ph\u00f3ng m\u1eb7t b\u1eb1ng \u0111\u1ec3 tri\u1ec3n khai \u0111\u1ea7u t\u01b0 x\u00e2y d\u1ef1ng; 02 C\u1ee5m c\u00f4ng nghi\u1ec7p An S\u01a1n v\u00e0 B\u00ecnh An m\u1edf r\u1ed9ng (d\u1ef1 ki\u1ebfn th\u00e0nh l\u1eadp trong th\u1eddi gian \u0111\u1ebfn) s\u1ebd t\u1ea1o \u0111i\u1ec1u ki\u1ec7n thu\u1eadn l\u1ee3i \u0111\u1ec3 ph\u00e1t tri\u1ec3n c\u00f4ng nghi\u1ec7p. To\u00e0n x\u00e3 hi\u1ec7n c\u00f3 66 doanh nghi\u1ec7p ho\u1ea1t \u0111\u1ed9ng s\u1ea3n xu\u1ea5t c\u00f4ng nghi\u1ec7p, 305 c\u01a1 s\u1edf s\u1ea3n xu\u1ea5t kinh doanh. </p><p style=\"text-align: justify;\">M\u1eb7t kh\u00e1c, x\u00e3 Tuy Ph\u01b0\u1edbc T\u00e2y c\u00f3 tr\u1ee5c \u0111\u01b0\u1eddng Qu\u1ed1c l\u1ed9 19C, \u0111\u01b0\u1eddng s\u1eaft B\u1eafc - Nam \u0111i qua c\u0169ng l\u00e0 \u0111\u1ecba b\u00e0n \u0111ang tri\u1ec3n khai c\u00e1c d\u1ef1 \u00e1n tr\u1ecdng \u0111i\u1ec3m qu\u1ed1c gia g\u1ed3m: D\u1ef1 \u00e1n tuy\u1ebfn \u0111\u01b0\u1eddng b\u1ed9 cao t\u1ed1c B\u1eafc - Nam (\u0111ang x\u00e2y d\u1ef1ng) v\u00e0 D\u1ef1 \u00e1n tuy\u1ebfn \u0111\u01b0\u1eddng s\u1eaft t\u1ed1c \u0111\u1ed9 cao tr\u00ean tr\u1ee5c B\u1eafc - Nam (\u0111ang trong qu\u00e1 tr\u00ecnh tri\u1ec3n khai), \u0111\u1eb7c bi\u1ec7t l\u00e0 Ga \u0111\u01b0\u1eddng s\u1eaft t\u1ed1c \u0111\u1ed9 cao g\u1eafn v\u1edbi ph\u00e1t tri\u1ec3n \u0111\u00f4 th\u1ecb theo m\u00f4 h\u00ecnh giao th\u00f4ng c\u00f4ng c\u1ed9ng (TOD). \u0110\u00e2y l\u00e0 nh\u1eefng d\u1ef1 \u00e1n chi\u1ebfn l\u01b0\u1ee3c \u0111\u01b0\u1ee3c k\u1ef3 v\u1ecdng s\u1ebd t\u1ea1o \u0111\u1ed9ng l\u1ef1c th\u00fac \u0111\u1ea9y ph\u00e1t tri\u1ec3n kinh t\u1ebf - x\u00e3 h\u1ed9i t\u1ea1i \u0111\u1ecba ph\u01b0\u01a1ng trong th\u1eddi gian t\u1edbi.</p></div>", "dan_so": "36006", "lanh_dao": "<p>+ Ph\u1ea1m C\u00f4ng \u0110oan<br> B\u00ed th\u01b0 \u0110\u1ea3ng u\u1ef7-Ch\u1ee7 t\u1ecbch H\u0110ND, S\u0110T 0913447711</p><p>+ T\u00f4 Minh Ch\u00e1nh<br> Ch\u1ee7 t\u1ecbch UBND, S\u0110T 0966221479</p>", "sap_nhap": "Ph\u01b0\u1edbc An, Ph\u01b0\u1edbc Th\u00e0nh", "dtich_km2": "68.81", "ma_xa": 142, "tru_so": "<p style=\"text-align: justify;\">+&nbsp;\u0110\u1ea3ng \u1ee7y,&nbsp;H\u0110ND,&nbsp;MTTQ:&nbsp;Th\u00f4n C\u1ea3nh An 1, x\u00e3 Tuy Ph\u01b0\u1edbc T\u00e2y (Tr\u1ee5 s\u1edf x\u00e3 Ph\u01b0\u1edbc Th\u00e0nh tr\u01b0\u1edbc \u0111\u00e2y)</p><p style=\"text-align: justify;\">+ UBND, Trung t\u00e2m PVHCC: Th\u00f4n An S\u01a1n 1, x\u00e3 Ph\u01b0\u1edbc T\u00e2y (Tr\u1ee5 s\u1edf x\u00e3 Ph\u01b0\u1edbc An tr\u01b0\u1edbc \u0111\u00e2y)</p><div id=\"phone-number\"><span class=\"cms\">S\u0110T: </span>03777160</div>", "avatar": "https://cdn.baogialai.com.vn/images/SIr8r9U4TZPgBCjl1gcBbOS--iIl77WMbbFji_5tWWLVodJFXULgLQ59mOw6QXauuCRGiWLSZ1BthX4GWdXImw/xa-tuy-phuoc-tay-gia-lai.jpg.webp", "url": "https://baogialai.com.vn/dia-phuong/xa-tuy-phuoc-tay/142.html", "ten_xa": "X\u00e3 Tuy Ph\u01b0\u1edbc T\u00e2y", "order": 100}, "geometry": {"type": "Polygon", "coordinates": [[[109.05563, 13.78707], [109.05509, 13.78344], [109.05616, 13.78061], [109.05862, 13.7785], [109.05758, 13.77353], [109.0588, 13.77304], [109.05821, 13.77147], [109.059, 13.7697], [109.06091, 13.76869], [109.06157, 13.76712], [109.06117, 13.76281], [109.06314, 13.76094], [109.06395, 13.75859], [109.06261, 13.75722], [109.06461, 13.75559], [109.0673, 13.75487], [109.07396, 13.75585], [109.0761, 13.75699], [109.08141, 13.75537], [109.08227, 13.75674], [109.09081, 13.7585], [109.09419, 13.75721], [109.10105, 13.75172], [109.1028, 13.75284], [109.10327, 13.75169], [109.10693, 13.75273], [109.11168, 13.74735], [109.11469, 13.75063], [109.11502, 13.75289], [109.117, 13.75663], [109.1203, 13.75809], [109.12043, 13.75463], [109.12379, 13.75409], [109.12657, 13.74485], [109.13005, 13.74316], [109.13001, 13.74455], [109.13595, 13.75429], [109.13489, 13.75549], [109.13464, 13.75787], [109.13463, 13.7698], [109.13375, 13.77187], [109.13449, 13.77466], [109.13287, 13.77962], [109.13368, 13.78124], [109.13305, 13.78983], [109.1314, 13.79117], [109.13597, 13.79541], [109.14321, 13.7975], [109.14244, 13.80144], [109.14099, 13.80339], [109.14383, 13.80781], [109.1418, 13.81457], [109.14303, 13.81903], [109.14175, 13.82143], [109.14172, 13.82348], [109.13925, 13.82747], [109.1387, 13.83239], [109.13379, 13.83386], [109.13359, 13.83271], [109.13181, 13.83372], [109.13103, 13.83314], [109.12944, 13.83366], [109.12966, 13.83442], [109.12826, 13.8349], [109.12909, 13.83698], [109.12797, 13.8373], [109.12836, 13.83865], [109.12577, 13.83916], [109.12365, 13.84091], [109.12258, 13.84036], [109.12118, 13.8425], [109.11762, 13.84375], [109.11655, 13.84592], [109.11503, 13.84675], [109.11351, 13.84596], [109.11087, 13.84263], [109.10773, 13.842], [109.10611, 13.83768], [109.10783, 13.83461], [109.10682, 13.83251], [109.10734, 13.83088], [109.10401, 13.82884], [109.10201, 13.82923], [109.09996, 13.82846], [109.0976, 13.83025], [109.09659, 13.82852], [109.09228, 13.82806], [109.09015, 13.82608], [109.08944, 13.82365], [109.08531, 13.82433], [109.08263, 13.82373], [109.08174, 13.82474], [109.07977, 13.82476], [109.07744, 13.82675], [109.07408, 13.82606], [109.07264, 13.82244], [109.07025, 13.82096], [109.07314, 13.81242], [109.07135, 13.80819], [109.06833, 13.8056], [109.07024, 13.79937], [109.06709, 13.79889], [109.06427, 13.79739], [109.0634, 13.79789], [109.06336, 13.79641], [109.06248, 13.79574], [109.06422, 13.79118], [109.06187, 13.78978], [109.05765, 13.78913], [109.0572, 13.78776], [109.05563, 13.78707]]]}}, {"type": "Feature", "properties": {"other_info": "<div id=\"economy\"><span class=\"cms\">Kinh t\u1ebf: </span><p>C\u01a1 c\u1ea5u kinh t\u1ebf ch\u1ee7 y\u1ebfu l\u00e0 ph\u00e1t tri\u1ec3n n\u00f4ng nghi\u1ec7p \u0111\u01a1n thu\u1ea7n. N\u00f4ng - l\u00e2m nghi\u1ec7p chi\u1ebfm 79%; c\u00f4ng nghi\u1ec7p - x\u00e2y d\u1ef1ng chi\u1ebfm 1%; d\u1ecbch v\u1ee5 chi\u1ebfm 20%.</p></div><div id=\"culture\"><span class=\"cms\">V\u0103n h\u00f3a: </span><p style=\"text-align: justify;\">C\u1ea3nh quan ki\u1ebfn tr\u00fac v\u00e0 \u0111\u1eddi s\u1ed1ng c\u01b0 d\u00e2n c\u1ee7a x\u00e3 Uar c\u00f3 s\u1ef1 k\u1ebft h\u1ee3p h\u00e0i h\u00f2a gi\u1eefa t\u1ef1 nhi\u00ean v\u00e0 nh\u00e2n t\u1ea1o, v\u1eeba ph\u1ea3n \u00e1nh b\u1ea3n s\u1eafc v\u0103n h\u00f3a \u2013 truy\u1ec1n th\u1ed1ng c\u1ee7a c\u1ed9ng \u0111\u1ed3ng d\u00e2n t\u1ed9c thi\u1ec3u s\u1ed1, v\u1eeba g\u1eafn v\u1edbi xu th\u1ebf ph\u00e1t tri\u1ec3n hi\u1ec7n \u0111\u1ea1i.</p></div><div id=\"tourism\"><span class=\"cms\">Du l\u1ecbch: </span><p style=\"text-align: justify;\">X\u00e3 Uar c\u00f3 c\u1ea3nh quan thi\u00ean nhi\u00ean \u0111a d\u1ea1ng v\u1edbi n\u00fai, r\u1eebng, su\u1ed1i v\u00e0 th\u00e1c n\u01b0\u1edbc, t\u1ea1o n\u00ean nhi\u1ec1u \u0111i\u1ec3m nh\u1ea5n \u0111\u1eb7c tr\u01b0ng. Trong \u0111\u00f3 c\u00f3 m\u1ed9t s\u1ed1 \u0111\u1ecba danh n\u1ed9i b\u1eadt: Khu du l\u1ecbch Th\u00e1c su\u1ed1i l\u1ea1nh (Ea Trat), su\u1ed1i Ea Djip, khu c\u0103n c\u1ee9 kh\u00e1ng chi\u1ebfn C\u01b0 Ju - Dli\u00ea Ya,.. H\u1ec7 th\u1ed1ng r\u1eebng t\u1ef1 nhi\u00ean v\u00e0 r\u1eebng tr\u1ed3ng chi\u1ebfm t\u1ef7 l\u1ec7 l\u1edbn, g\u00f3p ph\u1ea7n duy tr\u00ec m\u00f4i tr\u01b0\u1eddng sinh th\u00e1i, c\u1ea3nh quan xanh v\u00e0 kh\u00f4ng gian m\u1edf cho to\u00e0n x\u00e3. C\u00e1c h\u1ee3p th\u1ee7y, su\u1ed1i nh\u1ecf ch\u1ea3y qua \u0111\u1ecba b\u00e0n t\u1ea1o th\u00e0nh tr\u1ee5c c\u1ea3nh quan t\u1ef1 nhi\u00ean c\u00f3 gi\u00e1 tr\u1ecb, c\u1ea7n \u0111\u01b0\u1ee3c b\u1ea3o t\u1ed3n v\u00e0 khai th\u00e1c g\u1eafn v\u1edbi ph\u00e1t tri\u1ec3n du l\u1ecbch c\u1ed9ng \u0111\u1ed3ng.</p></div><div id=\"ethnicity\"><span class=\"cms\">D\u00e2n t\u1ed9c: </span><p style=\"text-align: justify;\">X\u00e3 Uar g\u1ed3m c\u00f3 02 nh\u00f3m d\u00e2n t\u1ed9c anh em sinh s\u1ed1ng \u0111\u00f3 l\u00e0 nh\u00f3m ng\u01b0\u1eddi Kinh chi\u1ebfm t\u1ef7 l\u1ec7 nh\u1ecf 40,44% d\u00e2n s\u1ed1 v\u00e0  nh\u00f3m ng\u01b0\u1eddi DTTS (ch\u1ee7 y\u1ebfu l\u00e0 ng\u01b0\u1eddi Jrai, Bahnar, \u00ca \u0111\u00ea) chi\u1ebfm t\u1ef7 l\u1ec7 69,56% d\u00e2n s\u1ed1, m\u1ed7i d\u00e2n t\u1ed9c \u0111\u1ec1u mang b\u1ea3n s\u1eafc, t\u1eadp qu\u00e1n ri\u00eang c\u1ee7a m\u00ecnh trong s\u1ea3n xu\u1ea5t c\u0169ng nh\u01b0 trong sinh ho\u1ea1t h\u00e0ng ng\u00e0y.</p></div><div id=\"other-info-content\"><span class=\"cms\">Th\u00f4ng tin kh\u00e1c: </span><p>To\u00e0n x\u00e3 sau s\u00e1p nh\u1eadp c\u00f3 16 th\u00f4n, bu\u00f4n.</p></div>", "dan_so": "22215", "lanh_dao": "<p>+ Nay Quy\u00ean<br> B\u00ed th\u01b0 \u0110\u1ea3ng u\u1ef7 - Ch\u1ee7 t\u1ecbch H\u0110ND, S\u0110T 0981190777</p><p>+ Nguy\u1ec5n B\u1ea3y Th\u00e0nh<br> Ch\u1ee7 t\u1ecbch UBND, S\u0110T 0975673067</p>", "sap_nhap": "Ia Rs\u01b0\u01a1m, Ch\u01b0 Dr\u0103ng, Uar", "dtich_km2": "412.31", "ma_xa": 143, "tru_so": "<p>+ \u0110\u1ea3ng \u1ee7y,&nbsp;MTTQ:&nbsp;Bu\u00f4n Ch\u01b0 Krih, x\u00e3 Uar</p><p>+ H\u0110ND, UBND,&nbsp;Trung t\u00e2m PVHCC: Th\u00f4n Thanh B\u00ecnh, x\u00e3 Uar</p><div id=\"phone-number\"><span class=\"cms\">S\u0110T: </span>02693607358</div>", "avatar": "https://cdn.baogialai.com.vn/images/SIr8r9U4TZPgBCjl1gcBbAq4n8l0Qkr62IxBybIZ3aTwXW617pwLTt9jFsQxBJWo/xa-uar-gia-lai.jpg.webp", "url": "https://baogialai.com.vn/dia-phuong/xa-uar/143.html", "ten_xa": "X\u00e3 Uar", "order": 100}, "geometry": {"type": "Polygon", "coordinates": [[[108.52027, 13.35133], [108.52437, 13.3624], [108.52243, 13.35961], [108.5216, 13.35977], [108.5208, 13.35797], [108.51992, 13.35814], [108.5168, 13.35603], [108.51438, 13.35283], [108.50737, 13.3471], [108.504, 13.34945], [108.50277, 13.34895], [108.49792, 13.3346], [108.49358, 13.32986], [108.48863, 13.31988], [108.48567, 13.31044], [108.48227, 13.30955], [108.48406, 13.30591], [108.48272, 13.3012], [108.47517, 13.29981], [108.475, 13.29898], [108.47359, 13.29844], [108.47084, 13.29891], [108.46896, 13.29632], [108.46701, 13.29692], [108.46351, 13.29457], [108.46367, 13.29232], [108.46289, 13.29063], [108.46093, 13.28862], [108.45977, 13.28854], [108.45781, 13.28534], [108.45569, 13.28412], [108.45702, 13.2803], [108.45371, 13.27713], [108.45575, 13.27348], [108.4577, 13.27288], [108.45915, 13.26981], [108.45995, 13.26959], [108.45976, 13.26718], [108.46042, 13.26628], [108.45987, 13.26501], [108.46331, 13.26241], [108.46421, 13.25768], [108.4641, 13.25395], [108.46298, 13.25286], [108.4631, 13.25024], [108.46026, 13.24778], [108.46086, 13.24597], [108.46532, 13.24144], [108.46626, 13.23854], [108.46809, 13.23713], [108.46661, 13.23195], [108.46223, 13.22809], [108.45768, 13.22688], [108.45532, 13.22173], [108.45584, 13.21941], [108.45764, 13.2182], [108.45894, 13.21594], [108.45973, 13.21226], [108.4592, 13.21156], [108.45808, 13.21181], [108.45512, 13.19972], [108.4554, 13.19311], [108.43694, 13.18752], [108.43782, 13.17988], [108.44084, 13.17939], [108.44402, 13.17557], [108.44685, 13.17453], [108.45596, 13.1671], [108.45657, 13.16568], [108.46039, 13.16539], [108.46391, 13.16238], [108.4621, 13.15944], [108.46242, 13.15792], [108.4607, 13.15576], [108.46127, 13.15168], [108.46595, 13.148], [108.46426, 13.14137], [108.46713, 13.14015], [108.46967, 13.14041], [108.46764, 13.13574], [108.46017, 13.13446], [108.45983, 13.13111], [108.45709, 13.12842], [108.45728, 13.12615], [108.45961, 13.12477], [108.46137, 13.12035], [108.46391, 13.11759], [108.46614, 13.11722], [108.4733, 13.11823], [108.47704, 13.11473], [108.48665, 13.11185], [108.49051, 13.10867], [108.49256, 13.1112], [108.49917, 13.11335], [108.5009, 13.11328], [108.50204, 13.11217], [108.5079, 13.1121], [108.51079, 13.11111], [108.51305, 13.11728], [108.51123, 13.12176], [108.51707, 13.12482], [108.51852, 13.12361], [108.52319, 13.12372], [108.52546, 13.1221], [108.526, 13.12383], [108.52771, 13.12521], [108.52944, 13.12404], [108.52843, 13.12233], [108.52922, 13.12082], [108.53285, 13.11883], [108.55142, 13.12827], [108.56964, 13.13026], [108.57509, 13.1295], [108.58105, 13.13339], [108.58139, 13.13453], [108.59448, 13.13544], [108.60584, 13.15303], [108.62214, 13.164], [108.63176, 13.16927], [108.63574, 13.17343], [108.63747, 13.17427], [108.63732, 13.17603], [108.63826, 13.17615], [108.63924, 13.17866], [108.64519, 13.17241], [108.64822, 13.17285], [108.65161, 13.17133], [108.65241, 13.17262], [108.65485, 13.17307], [108.65565, 13.17581], [108.65673, 13.17593], [108.65968, 13.17962], [108.6613, 13.18001], [108.65496, 13.18604], [108.65363, 13.18822], [108.65385, 13.19008], [108.6579, 13.19484], [108.66462, 13.20058], [108.66599, 13.20322], [108.66507, 13.20663], [108.66311, 13.2084], [108.65085, 13.21587], [108.64436, 13.22502], [108.64237, 13.22615], [108.636, 13.22727], [108.629, 13.23497], [108.62286, 13.23908], [108.62106, 13.23735], [108.61913, 13.23787], [108.61653, 13.24394], [108.61375, 13.24819], [108.61362, 13.25543], [108.61626, 13.26655], [108.61987, 13.276], [108.62361, 13.28129], [108.62388, 13.28574], [108.62251, 13.2931], [108.61891, 13.29669], [108.61431, 13.2979], [108.60921, 13.29679], [108.60293, 13.29091], [108.59478, 13.29315], [108.5912, 13.29523], [108.59099, 13.29882], [108.59692, 13.3056], [108.59983, 13.31249], [108.59967, 13.31626], [108.59863, 13.31885], [108.59437, 13.32574], [108.59113, 13.32832], [108.57624, 13.33608], [108.57085, 13.33968], [108.56802, 13.33979], [108.56426, 13.33799], [108.5619, 13.33801], [108.55096, 13.34327], [108.5372, 13.34673], [108.53105, 13.34909], [108.52817, 13.34933], [108.52401, 13.34817], [108.52134, 13.3489], [108.52027, 13.35133]]]}}, {"type": "Feature", "properties": {"other_info": "<div id=\"economy\"><span class=\"cms\">Kinh t\u1ebf: </span><p style=\"text-align: justify;\">X\u00e3 hi\u1ec7n c\u00f3 v\u1edbi 23 th\u00f4n, l\u00e0ng. Di\u1ec7n t\u00edch \u0111\u1ea5t \u0111ai r\u1ed9ng, th\u00edch h\u1ee3p tr\u1ed3ng r\u1eebng, c\u00f3 ti\u1ec1m n\u0103ng ph\u00e1t tri\u1ec3n l\u00e2m nghi\u1ec7p b\u1ec1n v\u1eefng.</p></div><div id=\"culture\"><span class=\"cms\">V\u0103n h\u00f3a: </span><p style=\"text-align: justify;\">B\u1ea3n s\u1eafc v\u0103n h\u00f3a \u0111\u1ed3ng b\u00e0o d\u00e2n t\u1ed9c thi\u1ec3u s\u1ed1 Bahnar, Ch\u0103m g\u00f3p ph\u1ea7n t\u0103ng s\u1ef1 \u0111a d\u1ea1ng v\u0103n h\u00f3a. L\u1ec5 h\u1ed9i truy\u1ec1n th\u1ed1ng, ngh\u1ec1 thu\u1eadt d\u00e2n gian v\u00e0 \u00e2m nh\u1ea1c c\u1ed3ng chi\u00eang l\u00e0 ngu\u1ed3n t\u00e0i nguy\u00ean v\u0103n h\u00f3a d\u00e0nh cho du l\u1ecbch.</p></div><div id=\"tourism\"><span class=\"cms\">Du l\u1ecbch: </span><p style=\"text-align: justify;\">Ti\u1ec1m n\u0103ng ph\u00e1t tri\u1ec3n du l\u1ecbch sinh th\u00e1i v\u00e0 du l\u1ecbch c\u1ed9ng \u0111\u1ed3ng: C\u00f3 nhi\u1ec1u danh lam, c\u00e1nh r\u1eebng \u0111\u1eb9p, \u0111\u1ed3i n\u00fai hoang s\u01a1, th\u00edch h\u1ee3p l\u00e0m \u0111i\u1ec3m \u0111\u1ebfn check-in v\u00e0 du l\u1ecbch tr\u1ea3i nghi\u1ec7m. D\u1ec5 ph\u00e1t tri\u1ec3n lo\u1ea1i h\u00ecnh du l\u1ecbch c\u1ed9ng \u0111\u1ed3ng, homestay, v\u0103n h\u00f3a \u00e2m nh\u1ea1c truy\u1ec1n th\u1ed1ng.</p></div><div id=\"ethnicity\"><span class=\"cms\">D\u00e2n t\u1ed9c: </span><p style=\"text-align: justify;\">T\u1ef7 l\u1ec7 \u0111\u1ed3ng b\u00e0o d\u00e2n t\u1ed9c thi\u1ec3u s\u1ed1 chi\u1ebfm tr\u00ean 63,23%.</p></div><div id=\"other-info-content\"><span class=\"cms\">Th\u00f4ng tin kh\u00e1c: </span><p style=\"text-align: justify;\">\u0110\u1ea3ng b\u1ed9 x\u00e3 c\u00f3 41 t\u1ed5 ch\u1ee9c \u0111\u1ea3ng tr\u1ef1c thu\u1ed9c (5 \u0111\u1ea3ng b\u1ed9 v\u00e0 36 chi b\u1ed9), v\u1edbi 1.205 \u0111\u1ea3ng vi\u00ean (T\u00ednh \u0111\u1ebfn th\u00e1ng 7-2025).</p></div>", "dan_so": "13850", "lanh_dao": "<p>+ Tr\u1ea7n Kim V\u0169<br> B\u00ed th\u01b0 \u0110\u1ea3ng u\u1ef7 - Ch\u1ee7 t\u1ecbch H\u0110ND, S\u0110T 0975644303</p><p>+ Nguy\u1ec5n Xu\u00e2n Vi\u1ec7t<br> Ch\u1ee7 t\u1ecbch UBND, S\u0110T 0935590404</p>", "sap_nhap": "V\u00e2n Canh (th\u1ecb tr\u1ea5n), Canh Thu\u1eadn, Canh H\u00f2a, Canh Hi\u1ec7p (1 ph\u1ea7n)", "dtich_km2": "208.75", "ma_xa": 144, "tru_so": "<p style=\"text-align: justify;\">+&nbsp;\u0110\u1ea3ng \u1ee7y:&nbsp;\u0110\u01b0\u1eddng Quang Trung, Th\u1ecbnh V\u0103n 2, x\u00e3 V\u00e2n Canh (Tr\u1ee5 s\u1edf Huy\u1ec7n \u1ee7y V\u00e2n Canh tr\u01b0\u1edbc \u0111\u00e2y)</p><p style=\"text-align: justify;\">+ H\u0110ND, UBND,&nbsp;Trung t\u00e2m PVHCC: S\u1ed1 525 Quang Trung, Th\u1ecbnh V\u0103n 2, x\u00e3 V\u00e2n Canh (Tr\u1ee5 s\u1edf UBND huy\u1ec7n V\u00e2n Canh tr\u01b0\u1edbc \u0111\u00e2y)</p><p style=\"text-align: justify;\">+ MTTQ: \u0110\u01b0\u1eddng Quang Trung, Th\u1ecbnh V\u0103n 2, x\u00e3 V\u00e2n Canh (Tr\u1ee5 s\u1edf \u1ee6y ban MTTQVN huy\u1ec7n V\u00e2n Canh tr\u01b0\u1edbc \u0111\u00e2y)</p><div id=\"phone-number\"><span class=\"cms\">S\u0110T: </span>03888005</div>", "avatar": "https://cdn.baogialai.com.vn/images/SIr8r9U4TZPgBCjl1gcBbIU726L8max5tG9pTMhIOO_xE__BT24-8KuhGnRNsLq0UNObV9LnnXKhttwt14ZiIQ/xa-van-canh-gia-lai.jpg.webp", "url": "https://baogialai.com.vn/dia-phuong/xa-van-canh/144.html", "ten_xa": "X\u00e3 V\u00e2n Canh", "order": 100}, "geometry": {"type": "Polygon", "coordinates": [[[108.95811, 13.67039], [108.95537, 13.66971], [108.95389, 13.66834], [108.95326, 13.6635], [108.95241, 13.66225], [108.94965, 13.66282], [108.94974, 13.66063], [108.94891, 13.65902], [108.94756, 13.65885], [108.94502, 13.66019], [108.94338, 13.65965], [108.94317, 13.65888], [108.9387, 13.65895], [108.9393, 13.65456], [108.93714, 13.64973], [108.93825, 13.6474], [108.93793, 13.64577], [108.93714, 13.64239], [108.93331, 13.6404], [108.93295, 13.63081], [108.93174, 13.62955], [108.92954, 13.62925], [108.9283, 13.62757], [108.92661, 13.61996], [108.9224, 13.619], [108.92222, 13.61699], [108.92032, 13.61511], [108.92023, 13.61157], [108.9184, 13.60931], [108.91891, 13.60789], [108.92162, 13.6055], [108.92151, 13.60335], [108.92338, 13.59976], [108.92603, 13.58501], [108.92767, 13.58582], [108.93212, 13.58405], [108.92992, 13.58185], [108.93031, 13.57988], [108.92879, 13.57812], [108.92984, 13.57019], [108.93121, 13.56981], [108.93518, 13.5708], [108.93629, 13.56811], [108.9396, 13.56736], [108.93994, 13.56652], [108.93947, 13.55943], [108.94124, 13.5554], [108.94114, 13.55391], [108.94243, 13.55319], [108.9412, 13.54982], [108.94162, 13.54168], [108.94469, 13.52704], [108.94731, 13.52758], [108.94877, 13.52651], [108.97235, 13.52596], [108.9747, 13.52852], [108.97809, 13.5283], [108.98135, 13.52591], [108.98373, 13.52764], [108.98738, 13.5267], [108.98858, 13.52857], [108.99897, 13.52269], [109.00353, 13.52295], [109.00497, 13.52387], [109.00695, 13.5228], [109.00755, 13.52362], [109.00947, 13.52389], [109.0101, 13.5248], [109.0098, 13.52653], [109.01229, 13.52775], [109.01437, 13.52633], [109.01742, 13.52571], [109.01906, 13.53007], [109.02076, 13.5303], [109.0242, 13.52904], [109.02752, 13.53017], [109.02958, 13.53159], [109.03023, 13.53365], [109.03204, 13.53425], [109.03357, 13.53939], [109.03295, 13.542], [109.03415, 13.54513], [109.03671, 13.54638], [109.03849, 13.54607], [109.04098, 13.54799], [109.0418, 13.55358], [109.04448, 13.55743], [109.04464, 13.55934], [109.05021, 13.5616], [109.05245, 13.56679], [109.05302, 13.56931], [109.04829, 13.58314], [109.04646, 13.58588], [109.04672, 13.59095], [109.0446, 13.59327], [109.03571, 13.59549], [109.03053, 13.59961], [109.02737, 13.59895], [109.02628, 13.59973], [109.02653, 13.60579], [109.02567, 13.60612], [109.02419, 13.61098], [109.02412, 13.61476], [109.02211, 13.61749], [109.02352, 13.6202], [109.024, 13.62253], [109.02328, 13.62275], [109.02331, 13.62418], [109.02401, 13.62476], [109.02254, 13.62684], [109.022, 13.63024], [109.02119, 13.63042], [109.01834, 13.63485], [109.01264, 13.63407], [109.01061, 13.63306], [109.0095, 13.6308], [109.00705, 13.62964], [109.00269, 13.63172], [109.00188, 13.63305], [109.00224, 13.63407], [109.00589, 13.63586], [109.00824, 13.63844], [109.00926, 13.64629], [109.00703, 13.64597], [109.00591, 13.64737], [109.00478, 13.64706], [109.00375, 13.64797], [109.00261, 13.64569], [108.99995, 13.64567], [108.99755, 13.64384], [108.99315, 13.64577], [108.99103, 13.64527], [108.99001, 13.64638], [108.9866, 13.64421], [108.98461, 13.64387], [108.97919, 13.65007], [108.9773, 13.65003], [108.97538, 13.64872], [108.97202, 13.64903], [108.96871, 13.65159], [108.96679, 13.65676], [108.96458, 13.65987], [108.96259, 13.66746], [108.95811, 13.67039]]]}}, {"type": "Feature", "properties": {"other_info": "<div id=\"economy\"><span class=\"cms\">Kinh t\u1ebf: </span><p style=\"text-align: justify;\">V\u1ea1n \u0110\u1ee9c c\u00f3 \u0111\u1ecba h\u00ecnh \u0111a d\u1ea1ng: \u0111\u1ed3ng b\u1eb1ng, \u0111\u1ed3i th\u1ea5p xen n\u00fai cao, c\u00f3 hai con s\u00f4ng Kim S\u01a1n v\u00e0 An L\u00e3o c\u00f9ng h\u1ed3 V\u1ea1n H\u1ed9i tr\u00f9 ph\u00fa. Kh\u00ed h\u1eadu nhi\u1ec7t \u0111\u1edbi gi\u00f3 m\u00f9a, l\u01b0\u1ee3ng m\u01b0a d\u1ed3i d\u00e0o, \u0111\u1ea5t \u0111ai ph\u00f9 h\u1ee3p ph\u00e1t tri\u1ec3n n\u00f4ng \u2013 l\u00e2m nghi\u1ec7p. R\u1eebng v\u1eabn chi\u1ebfm di\u1ec7n t\u00edch l\u1edbn, \u0111\u00f3ng vai tr\u00f2 l\u00e1 ph\u1ed5i xanh v\u00e0 ti\u1ec1m n\u0103ng kinh t\u1ebf b\u1ec1n v\u1eefng.</p></div><div id=\"tourism\"><span class=\"cms\">Du l\u1ecbch: </span><p style=\"text-align: justify;\">V\u00f9ng \u0111\u1ea5t V\u1ea1n \u0110\u1ee9c h\u00f4m nay t\u1eebng l\u00e0 trung t\u00e2m h\u00e0nh ch\u00ednh - ch\u00ednh tr\u1ecb c\u1ee7a huy\u1ec7n Ho\u00e0i \u00c2n x\u01b0a, l\u00e0 c\u00e1i n\u00f4i c\u00e1ch m\u1ea1ng v\u1edbi nhi\u1ec1u d\u1ea5u \u1ea5n l\u1ecbch s\u1eed h\u00e0o h\u00f9ng. C\u00f3 04 di t\u00edch quan tr\u1ecdng, trong \u0111\u00f3 \u0110\u1ec1n th\u1edd T\u0103ng B\u1ea1t H\u1ed5 c\u1ea5p qu\u1ed1c gia; c\u00f9ng c\u00e1c di t\u00edch c\u1ea5p t\u1ec9nh nh\u01b0 Chi b\u1ed9 V\u1ea1n \u0110\u1ee9c, N\u00fai Ch\u00e9o, V\u0103n Ch\u1ec9 Ho\u00e0i \u00c2n. \u0110\u00e2y l\u00e0 ti\u1ec1m n\u0103ng du l\u1ecbch v\u0103n h\u00f3a, sinh th\u00e1i gi\u00e0u tri\u1ec3n v\u1ecdng.</p></div><div id=\"ethnicity\"><span class=\"cms\">D\u00e2n t\u1ed9c: </span><p style=\"text-align: justify;\">X\u00e3 c\u00f3 2 th\u00f4n, v\u1edbi 609 h\u1ed9 \u0111\u1ed3ng b\u00e0o Bahnar v\u00e0 Hr\u00ea. Ng\u01b0\u1eddi DTTS n\u01a1i \u0111\u00e2y n\u1ed5i ti\u1ebfng c\u1ea7n c\u00f9, \u0111o\u00e0n k\u1ebft, ki\u00ean c\u01b0\u1eddng, v\u1eeba b\u1ea3o l\u01b0u b\u1ea3n s\u1eafc v\u0103n h\u00f3a truy\u1ec1n th\u1ed1ng, v\u1eeba n\u0103ng \u0111\u1ed9ng ti\u1ebfp thu ti\u1ebfn b\u1ed9 khoa h\u1ecdc k\u1ef9 thu\u1eadt.</p></div><div id=\"other-info-content\"><span class=\"cms\">Th\u00f4ng tin kh\u00e1c: </span><p style=\"text-align: justify;\">Trong nhi\u1ec7m k\u1ef3 t\u1edbi \u0110\u1ea3ng b\u1ed9 x\u00e3 \u0111\u1ec1 ra 5 nhi\u1ec7m v\u1ee5 tr\u1ecdng t\u00e2m, 5 gi\u1ea3i ph\u00e1p \u0111\u1ed9t ph\u00e1, \u0111\u1ea9y m\u1ea1nh v\u00e0 ph\u00e1t tri\u1ec3n n\u00f4ng nghi\u1ec7p b\u1ec1n v\u1eefng, \u1ed5n \u0111\u1ecbnh v\u00e0 c\u00f3 hi\u1ec7u qu\u1ea3, mang l\u1ea1i gi\u00e1 tr\u1ecb s\u1ea3n xu\u1ea5t h\u00e0ng h\u00f3a, s\u1ea3n ph\u1ea9m c\u1ee7a b\u00e0 con n\u00f4ng d\u00e2n l\u00e0m ra. Ph\u00e1t tri\u1ec3n th\u01b0\u01a1ng m\u1ea1i d\u1ecbch v\u1ee5, c\u00f9ng v\u1edbi \u0111\u00f3 l\u00e0 ho\u00e0n thi\u1ec7n h\u1ec7 th\u1ed1ng \u0111\u01b0\u1eddng b\u1ed9, \u0111\u1eb7c bi\u1ec7t nh\u1ea5t l\u00e0 \u0111\u01b0\u1eddng b\u1ed9 cao t\u1ed1c B\u1eafc \u2013 Nam \u0111i qua \u0111\u1ecba b\u00e0n x\u00e3. X\u00e2y d\u1ef1ng h\u1ec7 th\u1ed1ng ch\u00ednh tr\u1ecb v\u00e0 kh\u1ed1i \u0111\u1ea1i \u0111o\u00e0n k\u1ebft, x\u00e2y d\u1ef1ng \u0111\u1ed9i ng\u0169 m\u1ea1nh, c\u00f3 t\u01b0 duy c\u00e1ch l\u00e0m m\u1edbi \u0111\u00e1p \u1ee9ng \u0111\u01b0\u1ee3c y\u00eau c\u1ea7u nhi\u1ec7m v\u1ee5 trong giai \u0111o\u1ea1n hi\u1ec7n nay.</p></div>", "dan_so": "21617", "lanh_dao": "<p>+&nbsp;Nguy\u1ec5n Xu\u00e2n Phong<br> B\u00ed th\u01b0 \u0110\u1ea3ng u\u1ef7 - Ch\u1ee7 t\u1ecbch H\u0110ND, S\u0110T 0967321555</p><p>+ Nguy\u1ec5n Ho\u00e0i Nguy\u00ean<br> Ch\u1ee7 t\u1ecbch UBND, S\u0110T 0972157176</p>", "sap_nhap": "\u00c2n S\u01a1n, \u00c2n T\u00edn, \u00c2n Th\u1ea1nh", "dtich_km2": "111.88", "ma_xa": 145, "tru_so": "<p>+&nbsp;\u0110\u1ea3ng \u1ee7y,&nbsp;H\u0110ND,&nbsp;MTTQ: Th\u00f4n N\u0103ng An, x\u00e3 V\u1ea1n \u0110\u1ee9c (Tr\u1ee5 s\u1edf x\u00e3 \u00c2n T\u00edn tr\u01b0\u1edbc \u0111\u00e2y)</p><p>+ UBND, Trung t\u00e2m PVHCC: Th\u00f4n Th\u1ebf Th\u1ea1nh 2, x\u00e3 V\u1ea1n \u0110\u1ee9c (Tr\u1ee5 s\u1edf x\u00e3 \u00c2n Th\u1ea1nh tr\u01b0\u1edbc \u0111\u00e2y)</p><div id=\"phone-number\"><span class=\"cms\">S\u0110T: </span>03870338</div>", "avatar": "https://cdn.baogialai.com.vn/images/SIr8r9U4TZPgBCjl1gcBbIU726L8max5tG9pTMhIOO8N6s6g7mS7T-D9ZU8YwJzRYqLWNQkAoa0MYjRqEif16g/xa-van-duc-gia-lai.jpg.webp", "url": "https://baogialai.com.vn/dia-phuong/xa-van-duc/145.html", "ten_xa": "X\u00e3 V\u1ea1n \u0110\u1ee9c", "order": 100}, "geometry": {"type": "Polygon", "coordinates": [[[108.86143, 14.49303], [108.85508, 14.49421], [108.85246, 14.49322], [108.85254, 14.49035], [108.85126, 14.48907], [108.85211, 14.48607], [108.85127, 14.48378], [108.85034, 14.48334], [108.85131, 14.4817], [108.85027, 14.47828], [108.84822, 14.48025], [108.8409, 14.48046], [108.8398, 14.48355], [108.83758, 14.48585], [108.83455, 14.4867], [108.83422, 14.48996], [108.83288, 14.49177], [108.83313, 14.49367], [108.82749, 14.49017], [108.83027, 14.48529], [108.82992, 14.48306], [108.83216, 14.47716], [108.84032, 14.46433], [108.83966, 14.46275], [108.84066, 14.4603], [108.83994, 14.45908], [108.84031, 14.45767], [108.84229, 14.45571], [108.84299, 14.45297], [108.84166, 14.45057], [108.84367, 14.44665], [108.84294, 14.44503], [108.84561, 14.44059], [108.84505, 14.43661], [108.84588, 14.43485], [108.84378, 14.4327], [108.84191, 14.43212], [108.84527, 14.42713], [108.84529, 14.42565], [108.8474, 14.42444], [108.84738, 14.42301], [108.84614, 14.42172], [108.84744, 14.41999], [108.84792, 14.41722], [108.84883, 14.41687], [108.84845, 14.41411], [108.84706, 14.41298], [108.84682, 14.41148], [108.84853, 14.40778], [108.84894, 14.40347], [108.85242, 14.39919], [108.85707, 14.39699], [108.86067, 14.39836], [108.86216, 14.39975], [108.86434, 14.39697], [108.86375, 14.39383], [108.86424, 14.39263], [108.86651, 14.39187], [108.86701, 14.39095], [108.87108, 14.39129], [108.87167, 14.38899], [108.87306, 14.38848], [108.87338, 14.38752], [108.87737, 14.38925], [108.87899, 14.38627], [108.87887, 14.38461], [108.88225, 14.38004], [108.88566, 14.37878], [108.88375, 14.37585], [108.88616, 14.373], [108.88646, 14.37082], [108.88657, 14.36758], [108.88545, 14.36685], [108.88491, 14.36498], [108.88834, 14.36433], [108.88937, 14.36327], [108.88848, 14.35898], [108.89063, 14.35833], [108.89118, 14.35597], [108.89339, 14.35646], [108.89477, 14.35819], [108.89639, 14.3584], [108.89777, 14.35758], [108.89933, 14.3593], [108.90231, 14.35875], [108.90924, 14.36158], [108.91235, 14.36167], [108.91403, 14.36401], [108.91879, 14.36504], [108.91959, 14.3683], [108.92199, 14.37168], [108.92251, 14.37561], [108.92454, 14.37748], [108.92717, 14.37747], [108.9279, 14.37996], [108.9296, 14.38142], [108.93798, 14.38143], [108.93969, 14.3823], [108.94133, 14.38106], [108.94134, 14.37949], [108.94596, 14.3783], [108.94777, 14.37897], [108.94853, 14.38152], [108.95088, 14.38376], [108.95469, 14.38532], [108.95765, 14.38532], [108.9601, 14.38438], [108.96174, 14.38097], [108.9667, 14.37573], [108.96918, 14.37416], [108.97054, 14.37452], [108.97142, 14.37537], [108.97257, 14.38354], [108.9741, 14.38494], [108.97857, 14.38588], [108.97935, 14.38774], [108.97838, 14.39063], [108.97332, 14.39299], [108.97356, 14.39531], [108.97562, 14.39662], [108.98083, 14.39661], [108.98247, 14.40269], [108.99242, 14.40414], [108.99586, 14.40833], [109.00116, 14.41017], [109.00256, 14.41149], [109.0028, 14.4121], [109.00057, 14.41216], [108.99844, 14.4137], [108.99535, 14.41455], [108.98777, 14.41428], [108.9848, 14.41491], [108.97725, 14.42063], [108.96675, 14.42311], [108.96391, 14.42485], [108.96219, 14.42091], [108.96239, 14.41709], [108.96413, 14.41554], [108.96129, 14.413], [108.95985, 14.41271], [108.95785, 14.41551], [108.96037, 14.42094], [108.95904, 14.42162], [108.95752, 14.42468], [108.95609, 14.42383], [108.95553, 14.42487], [108.95413, 14.42402], [108.95112, 14.42575], [108.94853, 14.42176], [108.94196, 14.41875], [108.93982, 14.42034], [108.93469, 14.43027], [108.93012, 14.43345], [108.92601, 14.43447], [108.92114, 14.43851], [108.91757, 14.43845], [108.9116, 14.43547], [108.90803, 14.43686], [108.90573, 14.43608], [108.90159, 14.43635], [108.90051, 14.43437], [108.89787, 14.43681], [108.89621, 14.43702], [108.89557, 14.43919], [108.89323, 14.441], [108.89192, 14.4459], [108.89323, 14.44824], [108.89361, 14.45337], [108.89146, 14.45505], [108.89006, 14.45874], [108.88694, 14.46099], [108.88743, 14.46763], [108.88625, 14.47043], [108.88136, 14.4718], [108.88011, 14.47333], [108.87801, 14.47204], [108.87518, 14.47243], [108.87496, 14.47029], [108.86891, 14.46916], [108.86295, 14.47377], [108.86386, 14.47619], [108.8626, 14.4846], [108.86367, 14.48843], [108.86143, 14.49303]]]}}, {"type": "Feature", "properties": {"other_info": "<div id=\"economy\"><span class=\"cms\">Kinh t\u1ebf: </span><p style=\"text-align: justify;\">Sau s\u00e1p nh\u1eadp, v\u1edbi kh\u00f4ng gian r\u1ed9ng m\u1edf v\u00e0 ti\u1ec1m n\u0103ng ph\u00e1t tri\u1ec3n \u0111a d\u1ea1ng, x\u00e3 V\u0129nh Quang x\u00e1c \u0111\u1ecbnh \u0111\u1ecbnh h\u01b0\u1edbng ph\u00e1t tri\u1ec3n kinh t\u1ebf - x\u00e3 h\u1ed9i \u0111\u1ebfn n\u0103m 2030 theo m\u00f4 h\u00ecnh kh\u00f4ng gian \u0111a v\u00f9ng. V\u00f9ng trung t\u00e2m s\u1ebd t\u1eadp trung ph\u00e1t tri\u1ec3n c\u00f4ng nghi\u1ec7p, th\u01b0\u01a1ng m\u1ea1i v\u00e0 d\u1ecbch v\u1ee5, \u0111\u1ed3ng th\u1eddi h\u00ecnh th\u00e0nh v\u00f9ng nguy\u00ean li\u1ec7u \u1ed5n \u0111\u1ecbnh ph\u1ee5c v\u1ee5 c\u1ee5m c\u00f4ng nghi\u1ec7p T\u00e0 S\u00fac. Trong khi \u0111\u00f3, c\u00e1c khu v\u1ef1c ph\u00eda \u0110\u00f4ng v\u00e0 ph\u00eda T\u00e2y s\u1ebd \u0111\u01b0\u1ee3c quy ho\u1ea1ch l\u00e0 v\u00f9ng sinh th\u00e1i n\u00f4ng nghi\u1ec7p, \u0111\u1ea9y m\u1ea1nh ph\u00e1t tri\u1ec3n n\u00f4ng nghi\u1ec7p s\u1ea1ch, n\u00f4ng nghi\u1ec7p h\u1eefu c\u01a1 v\u00e0 ch\u0103n nu\u00f4i c\u00f4ng ngh\u1ec7 cao, t\u1ea1o ngu\u1ed3n nguy\u00ean li\u1ec7u ph\u1ee5c v\u1ee5 c\u00f4ng nghi\u1ec7p ch\u1ebf bi\u1ebfn.</p></div><div id=\"ethnicity\"><span class=\"cms\">D\u00e2n t\u1ed9c: </span><p>27,7%</p></div><div id=\"other-info-content\"><span class=\"cms\">Th\u00f4ng tin kh\u00e1c: </span><p>+ \u0110\u1ea3ng b\u1ed9 x\u00e3 c\u00f3 35 chi b\u1ed9 tr\u1ef1c thu\u1ed9c, v\u1edbi 585 \u0111\u1ea3ng vi\u00ean.</p><p style=\"text-align: justify;\">+ To\u00e0n x\u00e3 c\u00f3 20 th\u00f4n, l\u00e0ng: Th\u00f4n \u0110\u1ecbnh Tr\u01b0\u1eddng, Th\u00f4n \u0110\u1ecbnh Th\u00e1i, Th\u00f4n \u0110\u1ecbnh Quang, Th\u00f4n \u0110\u1ecbnh Trung, Th\u00f4n \u0110\u1ecbnh Xu\u00e2n, L\u00e0ng 1, L\u00e0ng 2, L\u00e0ng 3, L\u00e0ng 4, L\u00e0ng 5, L\u00e0ng 6, L\u00e0ng 7, L\u00e0ng 8, Th\u00f4n M6, Th\u00f4n M7, Th\u00f4n M8, Th\u00f4n M9, Th\u00f4n M10, Th\u00f4n Ti\u00ean An, Th\u00f4n Ti\u00ean H\u00f2a.&nbsp;</p></div>", "dan_so": "9074", "lanh_dao": "<p>+&nbsp;Nguy\u1ec5n K\u1ebf \u0110\u1ea5u<br> B\u00ed th\u01b0 \u0110\u1ea3ng u\u1ef7 - Ch\u1ee7 t\u1ecbch H\u0110ND, S\u0110T 0914743524</p><p>+ Tr\u1ecbnh Th\u00e0nh Trung<br> Ch\u1ee7 t\u1ecbch UBND, S\u0110T 0988670903</p>", "sap_nhap": "V\u0129nh Thu\u1eadn, V\u0129nh H\u00f2a, V\u0129nh Quang", "dtich_km2": "89.35", "ma_xa": 146, "tru_so": "<p>+&nbsp;\u0110\u1ea3ng \u1ee7y,&nbsp;MTTQ: Th\u00f4n \u0110\u1ecbnh Quang, x\u00e3 V\u0129nh Quang</p><p>+&nbsp;H\u0110ND,&nbsp;UBND,&nbsp;Trung t\u00e2m PVHCC:&nbsp;Th\u00f4n \u0110\u1ecbnh Th\u00e1i, x\u00e3 V\u0129nh Quang (Tr\u1ee5 s\u1edf x\u00e3 V\u0129nh Quang tr\u01b0\u1edbc \u0111\u00e2y)</p><div id=\"phone-number\"><span class=\"cms\">S\u0110T: </span>03787007</div>", "avatar": "https://cdn.baogialai.com.vn/images/SIr8r9U4TZPgBCjl1gcBbKu3l8NIuPxWqIIQ_IuE7dkN_lnJqan5zoprQVl2vIVzdCLUXeM1qlcJAgCadJeY8g/xa-vinh-quang-gia-lai.jpg.webp", "url": "https://baogialai.com.vn/dia-phuong/xa-vinh-quang/146.html", "ten_xa": "X\u00e3 V\u0129nh Quang", "order": 100}, "geometry": {"type": "Polygon", "coordinates": [[[108.7878, 14.07791], [108.7868, 14.0778], [108.78595, 14.08106], [108.7847, 14.08223], [108.77918, 14.08437], [108.76846, 14.09088], [108.76056, 14.09186], [108.7594, 14.09622], [108.76233, 14.09972], [108.76246, 14.1018], [108.76217, 14.1042], [108.75954, 14.10792], [108.75986, 14.10914], [108.75832, 14.11415], [108.75876, 14.11598], [108.74858, 14.11595], [108.7471, 14.11655], [108.74736, 14.11867], [108.74552, 14.12021], [108.74175, 14.11858], [108.73713, 14.11844], [108.73398, 14.11714], [108.73101, 14.11754], [108.69944, 14.10995], [108.70093, 14.10613], [108.70555, 14.103], [108.70691, 14.10334], [108.71069, 14.09758], [108.71446, 14.0942], [108.72198, 14.06595], [108.73358, 14.05292], [108.75628, 14.04534], [108.76258, 14.04707], [108.76427, 14.0484], [108.76744, 14.04874], [108.77224, 14.04704], [108.77402, 14.04722], [108.77512, 14.04615], [108.77927, 14.04483], [108.78091, 14.04506], [108.78484, 14.04269], [108.7854, 14.04173], [108.78494, 14.04043], [108.78921, 14.03637], [108.7893, 14.03357], [108.79173, 14.03155], [108.79053, 14.03026], [108.7916, 14.02776], [108.79098, 14.02693], [108.79438, 14.02371], [108.7959, 14.02018], [108.79817, 14.02195], [108.80229, 14.022], [108.80742, 14.02552], [108.81002, 14.0256], [108.81012, 14.02708], [108.81269, 14.02954], [108.81331, 14.02305], [108.81664, 14.02088], [108.81764, 14.02204], [108.81866, 14.01812], [108.82163, 14.01673], [108.82355, 14.01848], [108.8235, 14.02224], [108.82446, 14.0233], [108.82333, 14.02416], [108.82529, 14.02517], [108.83362, 14.01662], [108.83474, 14.01765], [108.83998, 14.01905], [108.84538, 14.01717], [108.84763, 14.01851], [108.84935, 14.01809], [108.85352, 14.02037], [108.85626, 14.01959], [108.85676, 14.02156], [108.85909, 14.02304], [108.86136, 14.02294], [108.86425, 14.02426], [108.86623, 14.02337], [108.8655, 14.02922], [108.86679, 14.03289], [108.8651, 14.0358], [108.86516, 14.03705], [108.86876, 14.03967], [108.86883, 14.04316], [108.86979, 14.04449], [108.8672, 14.04616], [108.86719, 14.04791], [108.86562, 14.04978], [108.86521, 14.05257], [108.86254, 14.05652], [108.85894, 14.05737], [108.85265, 14.06111], [108.85367, 14.06253], [108.85349, 14.06465], [108.84963, 14.06501], [108.84848, 14.06752], [108.84584, 14.06901], [108.84633, 14.07033], [108.84551, 14.07179], [108.83783, 14.07261], [108.83658, 14.0709], [108.83517, 14.07053], [108.83575, 14.06785], [108.83391, 14.06624], [108.8304, 14.06512], [108.82897, 14.06597], [108.82245, 14.06428], [108.81736, 14.06457], [108.81565, 14.06329], [108.81388, 14.06318], [108.81189, 14.05997], [108.81006, 14.06168], [108.80988, 14.0632], [108.81075, 14.06459], [108.80972, 14.06575], [108.8081, 14.06514], [108.80579, 14.06592], [108.80038, 14.06529], [108.79165, 14.06825], [108.78805, 14.07245], [108.7878, 14.07791]]]}}, {"type": "Feature", "properties": {"other_info": "<div id=\"economy\"><span class=\"cms\">Kinh t\u1ebf: </span><p>Ch\u1ee7 y\u1ebfu d\u1ef1a v\u00e0o n\u00f4ng nghi\u1ec7p, l\u00e2m nghi\u1ec7p v\u00e0 ti\u1ec3u th\u1ee7 c\u00f4ng nghi\u1ec7p.</p></div><div id=\"culture\"><span class=\"cms\">V\u0103n h\u00f3a: </span><p style=\"text-align: justify;\">V\u0103n h\u00f3a Bana \u1edf V\u0129nh S\u01a1n l\u00e0 m\u1ed9t kho t\u00e0ng qu\u00fd gi\u00e1 c\u1ee7a T\u00e2y Nguy\u00ean. S\u1ef1 nguy\u00ean b\u1ea3n trong c\u00e1ch s\u1ed1ng, c\u00e1ch gi\u1eef g\u00ecn truy\u1ec1n th\u1ed1ng c\u1ee7a h\u1ecd l\u00e0 \u0111i\u1ec1u m\u00e0 ch\u00fang ta c\u1ea7n tr\u00e2n tr\u1ecdng v\u00e0 h\u1ecdc h\u1ecfi. \u0110\u1ebfn V\u0129nh S\u01a1n kh\u00f4ng ch\u1ec9 l\u00e0 du l\u1ecbch, m\u00e0 l\u00e0 m\u1ed9t h\u00e0nh tr\u00ecnh t\u00ecm v\u1ec1 c\u1ed9i ngu\u1ed3n, c\u1ea3m nh\u1eadn s\u1ef1 s\u1ed1ng \u0111\u1ed9ng c\u1ee7a m\u1ed9t n\u1ec1n v\u0103n h\u00f3a \u0111ang hi\u1ec7n h\u1eefu gi\u1eefa l\u00f2ng thi\u00ean nhi\u00ean h\u00f9ng v\u0129.<br> S\u1ef1 k\u1ebft n\u1ed1i gi\u1eefa con ng\u01b0\u1eddi v\u00e0 thi\u00ean nhi\u00ean \u1edf V\u0129nh S\u01a1n r\u1ea5t m\u1ea1nh m\u1ebd. H\u1ecd t\u00f4n th\u1edd n\u00fai r\u1eebng, s\u00f4ng su\u1ed1i v\u00e0 coi \u0111\u00f3 l\u00e0 ngu\u1ed3n s\u1ed1ng, l\u00e0 n\u01a1i c\u00e1c th\u1ea7n linh ng\u1ef1 tr\u1ecb. \u0110i\u1ec1u n\u00e0y th\u1ec3 hi\u1ec7n qua c\u00e1c c\u00e2u chuy\u1ec7n c\u1ed5 t\u00edch, truy\u1ec1n thuy\u1ebft \u0111\u01b0\u1ee3c truy\u1ec1n mi\u1ec7ng qua nhi\u1ec1u th\u1ebf h\u1ec7, v\u00e0 qua c\u00e1ch h\u1ecd b\u1ea3o v\u1ec7 m\u00f4i tr\u01b0\u1eddng t\u1ef1 nhi\u00ean xung quanh m\u00ecnh. Ch\u00ednh nh\u1eefng \u0111i\u1ec1u n\u00e0y \u0111\u00e3 t\u1ea1o n\u00ean m\u1ed9t V\u0129nh S\u01a1n kh\u00f4ng ch\u1ec9 \u0111\u1eb9p v\u1ec1 c\u1ea3nh quan m\u00e0 c\u00f2n \u0111\u1eb9p v\u1ec1 chi\u1ec1u s\u00e2u v\u0103n h\u00f3a v\u00e0 l\u00f2ng ng\u01b0\u1eddi.</p></div><div id=\"tourism\"><span class=\"cms\">Du l\u1ecbch: </span><p style=\"text-align: justify;\">X\u00e3 V\u0129nh S\u01a1n t\u1ecda l\u1ea1c t\u1ea1i m\u1ed9t v\u1ecb tr\u00ed \u0111\u1eafc \u0111\u1ecba \u1edf ph\u00eda B\u1eafc c\u1ee7a t\u1ec9nh Gia Lai, gi\u00e1p ranh v\u1edbi t\u1ec9nh Kon Tum. V\u1ecb tr\u00ed n\u00e0y kh\u00f4ng ch\u1ec9 mang l\u1ea1i cho V\u0129nh S\u01a1n m\u1ed9t kh\u00ed h\u1eadu m\u00e1t m\u1ebb quanh n\u0103m m\u00e0 c\u00f2n l\u00e0 c\u1eeda ng\u00f5 d\u1eabn v\u00e0o nh\u1eefng khu r\u1eebng nguy\u00ean sinh b\u1ea1t ng\u00e0n v\u00e0 c\u00e1c d\u00e3y n\u00fai tr\u00f9ng \u0111i\u1ec7p c\u1ee7a v\u00f9ng T\u00e2y Nguy\u00ean. N\u01a1i \u0111\u00e2y l\u00e0 m\u1ea3nh \u0111\u1ea5t sinh s\u1ed1ng c\u1ee7a nhi\u1ec1u \u0111\u1ed3ng b\u00e0o d\u00e2n t\u1ed9c thi\u1ec3u s\u1ed1, ch\u1ee7 y\u1ebfu l\u00e0 ng\u01b0\u1eddi Bana, t\u1ea1o n\u00ean m\u1ed9t b\u1ee9c tranh v\u0103n h\u00f3a \u0111a s\u1eafc m\u00e0u v\u00e0 v\u00f4 c\u00f9ng quy\u1ebfn r\u0169.<br> \u0110i\u1ec1u l\u00e0m n\u00ean s\u1ee9c h\u1ea5p d\u1eabn c\u1ee7a V\u0129nh S\u01a1n kh\u00f4ng ch\u1ec9 n\u1eb1m \u1edf c\u1ea3nh quan thi\u00ean nhi\u00ean h\u00f9ng v\u0129 m\u00e0 c\u00f2n \u1edf s\u1ef1 nguy\u00ean s\u01a1, ch\u01b0a b\u1ecb th\u01b0\u01a1ng m\u1ea1i h\u00f3a qu\u00e1 m\u1ee9c. Du kh\u00e1ch \u0111\u1ebfn \u0111\u00e2y c\u00f3 th\u1ec3 c\u1ea3m nh\u1eadn r\u00f5 r\u1ec7t s\u1ef1 y\u00ean b\u00ecnh, t\u0129nh l\u1eb7ng m\u00e0 hi\u1ebfm n\u01a1i n\u00e0o c\u00f3 \u0111\u01b0\u1ee3c. Nh\u1eefng d\u00f2ng su\u1ed1i trong v\u1eaft len l\u1ecfi qua c\u00e1c khe n\u00fai, nh\u1eefng c\u00e1nh r\u1eebng c\u00e0 ph\u00ea xanh ng\u00fat ng\u00e0n hay nh\u1eefng th\u1eeda ru\u1ed9ng b\u1eadc thang u\u1ed1n l\u01b0\u1ee3n theo s\u01b0\u1eddn \u0111\u1ed3i l\u00e0 nh\u1eefng h\u00ecnh \u1ea3nh \u0111\u1eb7c tr\u01b0ng l\u00e0m say l\u00f2ng b\u1ea5t c\u1ee9 ai. N\u01a1i \u0111\u00e2y c\u00f2n l\u01b0u gi\u1eef nh\u1eefng gi\u00e1 tr\u1ecb v\u0103n h\u00f3a truy\u1ec1n th\u1ed1ng \u0111\u1ed9c \u0111\u00e1o c\u1ee7a \u0111\u1ed3ng b\u00e0o Bana, t\u1eeb nh\u1eefng ng\u00f4i nh\u00e0 r\u00f4ng uy nghi cho \u0111\u1ebfn nh\u1eefng \u0111i\u1ec7u c\u1ed3ng chi\u00eang vang v\u1ecdng n\u00fai r\u1eebng. S\u1ef1 k\u1ebft h\u1ee3p h\u00e0i h\u00f2a gi\u1eefa thi\u00ean nhi\u00ean v\u00e0 v\u0103n h\u00f3a \u0111\u00e3 bi\u1ebfn V\u0129nh S\u01a1n th\u00e0nh m\u1ed9t \u0111i\u1ec3m \u0111\u1ebfn \u0111\u1ea7y h\u1ee9a h\u1eb9n, m\u1ed9t n\u01a1i \u0111\u1ec3 b\u1ea1n t\u00ecm th\u1ea5y ch\u00ednh m\u00ecnh gi\u1eefa b\u1ed9n b\u1ec1 cu\u1ed9c s\u1ed1ng.</p></div><div id=\"ethnicity\"><span class=\"cms\">D\u00e2n t\u1ed9c: </span><p style=\"text-align: justify;\">N\u1ebfp s\u1ed1ng c\u1ee7a ng\u01b0\u1eddi Bana \u1edf V\u0129nh S\u01a1n v\u1eabn c\u00f2n r\u1ea5t m\u1ed9c m\u1ea1c v\u00e0 gi\u1ea3n d\u1ecb, h\u1ecd ch\u1ee7 y\u1ebfu s\u1ed1ng d\u1ef1a v\u00e0o n\u00f4ng nghi\u1ec7p n\u01b0\u01a1ng r\u1eaby, tr\u1ed3ng l\u00faa, c\u00e0 ph\u00ea v\u00e0 ch\u0103n nu\u00f4i gia s\u00fac. S\u1ef1 hi\u1ebfu kh\u00e1ch l\u00e0 m\u1ed9t n\u00e9t v\u0103n h\u00f3a n\u1ed5i b\u1eadt c\u1ee7a \u0111\u1ed3ng b\u00e0o n\u01a1i \u0111\u00e2y. H\u1ecd lu\u00f4n s\u1eb5n l\u00f2ng ch\u00e0o \u0111\u00f3n du kh\u00e1ch b\u1eb1ng n\u1ee5 c\u01b0\u1eddi ch\u00e2n th\u00e0nh, m\u1eddi b\u1ea1n th\u01b0\u1edfng th\u1ee9c r\u01b0\u1ee3u c\u1ea7n v\u00e0 chia s\u1ebb nh\u1eefng c\u00e2u chuy\u1ec7n v\u1ec1 cu\u1ed9c s\u1ed1ng, v\u1ec1 truy\u1ec1n thuy\u1ebft c\u1ee7a d\u00e2n t\u1ed9c m\u00ecnh. Kh\u00f4ng c\u00f3 s\u1ef1 x\u00f4 b\u1ed3, \u1ed3n \u00e0o c\u1ee7a du l\u1ecbch \u0111\u1ea1i tr\u00e0, V\u0129nh S\u01a1n mang \u0111\u1ebfn m\u1ed9t tr\u1ea3i nghi\u1ec7m r\u1ea5t ri\u00eang, r\u1ea5t th\u1eadt v\u1ec1 con ng\u01b0\u1eddi v\u00e0 cu\u1ed9c s\u1ed1ng.</p></div>", "dan_so": "6029", "lanh_dao": "<p>+ \u0110inh Ho\u00e0i \u0110\u1ee9c<br> B\u00ed th\u01b0 \u0110\u1ea3ng \u1ee7y, Ch\u1ee7 t\u1ecbch H\u0110ND, S\u0110T 0989821147</p><p>+ Nguy\u1ec5n V\u0103n Ph\u00fang<br> Ch\u1ee7 t\u1ecbch UBND, S\u0110T 0914739047</p>", "sap_nhap": "V\u0129nh Kim, V\u0129nh S\u01a1n", "dtich_km2": "328.89", "ma_xa": 147, "tru_so": "<p>+ \u0110\u1ea3ng \u1ee7y,&nbsp;H\u0110ND,&nbsp;UBND,&nbsp;MTTQ,&nbsp;Trung t\u00e2m PVHCC:&nbsp;Th\u00f4n K2, x\u00e3 V\u0129nh S\u01a1n (Tr\u1ee5 s\u1edf x\u00e3 V\u0129nh S\u01a1n tr\u01b0\u1edbc \u0111\u00e2y)</p><div id=\"phone-number\"><span class=\"cms\">S\u0110T: </span>06552441</div>", "avatar": "https://cdn.baogialai.com.vn/images/SIr8r9U4TZPgBCjl1gcBbCSQ4_eKeJcIO1Y3b7ehnBzGOG2h6StGqZ7nyNSVCyvd/xa-vinh-son-gl.jpg.webp", "url": "https://baogialai.com.vn/dia-phuong/xa-vinh-son/147.html", "ten_xa": "X\u00e3 V\u0129nh S\u01a1n", "order": 100}, "geometry": {"type": "Polygon", "coordinates": [[[108.63845, 14.4512], [108.63536, 14.44942], [108.63402, 14.44762], [108.63143, 14.447], [108.62609, 14.44954], [108.62014, 14.45008], [108.61737, 14.45391], [108.61686, 14.45652], [108.6131, 14.45675], [108.61008, 14.45468], [108.60533, 14.45836], [108.60111, 14.45974], [108.60335, 14.45708], [108.60701, 14.44906], [108.6136, 14.43835], [108.61314, 14.43717], [108.60922, 14.43482], [108.61128, 14.43034], [108.61311, 14.4289], [108.61099, 14.4253], [108.61594, 14.42243], [108.61972, 14.41673], [108.61862, 14.41514], [108.6135, 14.41264], [108.61332, 14.41185], [108.61746, 14.41074], [108.61736, 14.40827], [108.61954, 14.40765], [108.6292, 14.38858], [108.6254, 14.3863], [108.6342, 14.37246], [108.6333, 14.37049], [108.63158, 14.36918], [108.63012, 14.36521], [108.62437, 14.35738], [108.62612, 14.35573], [108.62636, 14.35384], [108.62817, 14.35187], [108.63193, 14.35036], [108.6339, 14.34824], [108.63607, 14.33979], [108.64052, 14.33096], [108.6407, 14.32842], [108.6478, 14.32012], [108.64782, 14.3181], [108.64604, 14.31703], [108.64286, 14.31231], [108.64392, 14.30859], [108.64619, 14.30633], [108.64672, 14.29718], [108.65367, 14.29279], [108.6539, 14.29133], [108.65605, 14.29014], [108.65589, 14.28746], [108.65714, 14.28595], [108.65717, 14.28333], [108.6605, 14.28083], [108.659, 14.27512], [108.65568, 14.27538], [108.6546, 14.27474], [108.65495, 14.27182], [108.65368, 14.26955], [108.65427, 14.26623], [108.65584, 14.26528], [108.65535, 14.25977], [108.65696, 14.25674], [108.65997, 14.25381], [108.66538, 14.25156], [108.67298, 14.25244], [108.67942, 14.25089], [108.68318, 14.24879], [108.68922, 14.25036], [108.69357, 14.24951], [108.6966, 14.25211], [108.69832, 14.24958], [108.70615, 14.24944], [108.71131, 14.25097], [108.71828, 14.25115], [108.72064, 14.25318], [108.72155, 14.25551], [108.72322, 14.25568], [108.72497, 14.25426], [108.72644, 14.25442], [108.72804, 14.25678], [108.73325, 14.2592], [108.7345, 14.26102], [108.74021, 14.2625], [108.74148, 14.2645], [108.74264, 14.26435], [108.74422, 14.26289], [108.74586, 14.25864], [108.7514, 14.25889], [108.75244, 14.25548], [108.7577, 14.25346], [108.75971, 14.24945], [108.76672, 14.24636], [108.76871, 14.24427], [108.76905, 14.24204], [108.76787, 14.23887], [108.76548, 14.23687], [108.76455, 14.235], [108.7642, 14.23196], [108.76479, 14.22924], [108.76884, 14.22482], [108.77046, 14.22088], [108.77371, 14.22157], [108.77833, 14.21976], [108.78111, 14.22106], [108.78469, 14.22074], [108.78794, 14.21972], [108.79052, 14.21685], [108.79443, 14.21863], [108.79939, 14.21745], [108.80527, 14.22026], [108.80537, 14.22305], [108.80734, 14.2248], [108.81005, 14.22555], [108.80964, 14.22859], [108.81529, 14.22875], [108.81589, 14.23016], [108.81526, 14.23123], [108.81738, 14.23349], [108.81581, 14.23589], [108.81797, 14.2376], [108.81623, 14.23945], [108.81087, 14.24154], [108.80982, 14.24514], [108.81182, 14.24634], [108.80968, 14.25687], [108.81058, 14.26007], [108.80774, 14.26315], [108.80765, 14.26506], [108.80626, 14.26551], [108.80596, 14.26745], [108.80591, 14.2699], [108.80679, 14.27187], [108.80496, 14.27585], [108.8057, 14.27715], [108.80539, 14.27892], [108.80808, 14.28544], [108.80651, 14.28698], [108.80247, 14.29451], [108.80332, 14.3006], [108.80106, 14.30367], [108.80274, 14.30594], [108.80384, 14.31029], [108.8037, 14.31344], [108.80531, 14.3189], [108.80539, 14.32337], [108.80485, 14.32445], [108.80261, 14.32511], [108.80063, 14.32893], [108.79672, 14.33088], [108.79499, 14.3341], [108.79507, 14.33762], [108.79383, 14.33964], [108.79276, 14.34454], [108.78961, 14.34617], [108.78408, 14.34661], [108.78332, 14.34844], [108.7818, 14.34753], [108.77905, 14.34824], [108.77851, 14.35205], [108.77636, 14.35489], [108.77519, 14.36233], [108.77279, 14.36742], [108.77319, 14.37275], [108.76478, 14.37114], [108.76435, 14.37397], [108.76067, 14.37592], [108.75946, 14.381], [108.76075, 14.38622], [108.76003, 14.38736], [108.75603, 14.38977], [108.75406, 14.38905], [108.74936, 14.38998], [108.74983, 14.39104], [108.74628, 14.39217], [108.74278, 14.39793], [108.73666, 14.39859], [108.7217, 14.39564], [108.72302, 14.40159], [108.7222, 14.40344], [108.72392, 14.40559], [108.72345, 14.40753], [108.72147, 14.40901], [108.7212, 14.41132], [108.72431, 14.41363], [108.72328, 14.4161], [108.72488, 14.41672], [108.72499, 14.41941], [108.72271, 14.41963], [108.72069, 14.42188], [108.72017, 14.42402], [108.71471, 14.42664], [108.71251, 14.429], [108.71175, 14.42746], [108.7078, 14.42821], [108.7035, 14.42548], [108.69655, 14.42781], [108.69324, 14.43219], [108.68876, 14.4328], [108.68536, 14.43659], [108.68532, 14.43826], [108.68176, 14.44119], [108.67854, 14.4506], [108.67585, 14.44911], [108.67346, 14.44216], [108.66854, 14.43957], [108.66525, 14.44261], [108.65789, 14.44133], [108.65497, 14.4398], [108.65264, 14.44169], [108.6499, 14.43969], [108.6469, 14.4396], [108.64533, 14.43992], [108.64271, 14.44424], [108.64123, 14.44441], [108.64067, 14.44821], [108.63845, 14.4512]]]}}, {"type": "Feature", "properties": {"other_info": "<div id=\"economy\"><span class=\"cms\">Kinh t\u1ebf: </span><p style=\"text-align: justify;\">Kinh t\u1ebf \u0111a d\u1ea1ng, nhi\u1ec1u s\u1ea3n ph\u1ea9m ch\u1ee7 l\u1ef1c Kinh t\u1ebf \u0111a d\u1ea1ng v\u1edbi nhi\u1ec1u s\u1ea3n ph\u1ea9m ch\u1ee7 l\u1ef1c l\u00e0 n\u1ec1n t\u1ea3ng v\u1eefng ch\u1eafc cho s\u1ef1 ph\u00e1t tri\u1ec3n b\u1ec1n v\u1eefng, \u0111\u00e2y l\u00e0 \u0111\u1ecba b\u00e0n c\u00f3 l\u1ee3i th\u1ebf r\u00f5 n\u00e9t trong ph\u00e1t tri\u1ec3n n\u00f4ng - l\u00e2m - ng\u01b0 nghi\u1ec7p, nhi\u1ec1u m\u00f4 h\u00ecnh \u0111\u1ea1t hi\u1ec7u qu\u1ea3 cao nh\u01b0 nu\u00f4i c\u00e1 l\u1ed3ng h\u1ed3 \u0110\u1ecbnh B\u00ecnh (c\u00e1 \u0110i\u00eau h\u1ed3ng l\u00e0 s\u1ea3n ph\u1ea9m OCOP 3 sao, c\u00e1 Th\u00e1t l\u00e1t, c\u00e1 L\u0103ng,\u2026), ch\u0103n nu\u00f4i d\u01b0\u1edbi t\u00e1n r\u1eebng, tr\u1ed3ng rau m\u00e0u v\u00e0 tr\u1ed3ng c\u00e2y d\u01b0\u1ee3c li\u1ec7u; Khu n\u00f4ng nghi\u1ec7p c\u00f4ng ngh\u1ec7 cao h\u01a1n 46 ha t\u1ea1i \u0110\u1ecbnh Tam \u0111ang t\u1eebng b\u01b0\u1edbc h\u00ecnh th\u00e0nh v\u00e0 ph\u00e1t tri\u1ec3n. Th\u01b0\u01a1ng m\u1ea1i - d\u1ecbch v\u1ee5 ph\u00e1t tri\u1ec3n m\u1ea1nh, chi\u1ebfm g\u1ea7n 50% c\u01a1 c\u1ea5u kinh t\u1ebf, ch\u1ee3 \u0110\u1ecbnh B\u00ecnh gi\u1eef vai tr\u00f2 trung t\u00e2m giao th\u01b0\u01a1ng truy\u1ec1n th\u1ed1ng, C\u00f4ng nghi\u1ec7p - ti\u1ec3u th\u1ee7 c\u00f4ng nghi\u1ec7p c\u00f3 \u0111i\u1ec1u ki\u1ec7n ph\u00e1t tri\u1ec3n nh\u1edd ngu\u1ed3n lao \u0111\u1ed9ng tr\u1ebb, nguy\u00ean li\u1ec7u s\u1eb5n c\u00f3.</p></div><div id=\"culture\"><span class=\"cms\">V\u0103n h\u00f3a: </span><p style=\"text-align: justify;\">Du l\u1ecbch sinh th\u00e1i v\u00e0 v\u0103n h\u00f3a, hai m\u1ea3nh gh\u00e9p khi h\u00f2a quy\u1ec7n l\u1ea1i, \u0111\u00e2y ch\u00ednh l\u00e0 ti\u1ec1m n\u0103ng \u0111ang \u0111\u01b0\u1ee3c \u0111\u00e1nh th\u1ee9c m\u1ea1nh m\u1ebd \u1edf V\u0129nh Th\u1ea1nh, v\u1edbi nh\u1eefng c\u1ea3nh quan \u0111\u1eb9p nh\u01b0: hoa vi\u00ean B\u00e0u Sen, \u0111\u1ed3i L\u00e2m Vi\u00ean (T\u01b0\u1ee3ng \u0111\u00e0i Kh\u1edfi ngh\u0129a V\u0129nh Th\u1ea1nh), h\u1ed3 \u0110\u1ecbnh B\u00ecnh, r\u1eebng t\u1ef1 nhi\u00ean v\u00e0 b\u1ea3n s\u1eafc v\u0103n h\u00f3a Ba Na \u0111\u1eb7c s\u1eafc (c\u1ed3ng chi\u00eang, l\u1ec5 h\u1ed9i, d\u1ec7t th\u1ed5 c\u1ea9m,...), V\u0129nh Th\u1ea1nh c\u00f3 ti\u1ec1m n\u0103ng l\u1edbn \u0111\u1ec3 ph\u00e1t tri\u1ec3n du l\u1ecbch sinh th\u00e1i c\u1ed9ng \u0111\u1ed3ng v\u00e0 du l\u1ecbch v\u0103n h\u00f3a b\u1ea3n \u0111\u1ecba. \u0110\u00e2y kh\u00f4ng ch\u1ec9 l\u00e0 vi\u1ec7c khai th\u00e1c v\u1ebb \u0111\u1eb9p t\u1ef1 nhi\u00ean hoang s\u01a1 hay nh\u1eefng di s\u1ea3n v\u0103n h\u00f3a truy\u1ec1n th\u1ed1ng, m\u00e0 l\u00e0 s\u1ef1 k\u1ebft h\u1ee3p, li\u00ean k\u1ebft tinh t\u1ebf gi\u1eefa kh\u00e1m ph\u00e1 c\u1ea3nh quan \u0111\u1ed9c \u0111\u00e1o, tr\u1ea3i nghi\u1ec7m \u0111\u1eddi s\u1ed1ng b\u1ea3n \u0111\u1ecba v\u00e0 t\u00ecm hi\u1ec3u nh\u1eefng gi\u00e1 tr\u1ecb l\u1ecbch s\u1eed s\u00e2u s\u1eafc c\u1ee7a x\u00e3 v\u00e0 c\u00e1c \u0111\u1ecba b\u00e0n l\u00e2n c\u1eadn.</p></div><div id=\"ethnicity\"><span class=\"cms\">D\u00e2n t\u1ed9c: </span><p style=\"text-align: justify;\">+ V\u1edbi d\u00e2n s\u1ed1 \u0111a th\u00e0nh ph\u1ea7n, ng\u01b0\u1eddi \u0111\u1ed3ng b\u00e0o Ba Na v\u00e0 ng\u01b0\u1eddi Kinh g\u1eafn b\u00f3 l\u00e2u \u0111\u1eddi, x\u00e3 V\u0129nh Th\u1ea1nh lu\u00f4n duy tr\u00ec truy\u1ec1n th\u1ed1ng \u0111o\u00e0n k\u1ebft, an ninh tr\u1eadt t\u1ef1 \u1ed5n \u0111\u1ecbnh, vai tr\u00f2 c\u1ee7a gi\u00e0 l\u00e0ng, ng\u01b0\u1eddi uy t\u00edn \u0111\u01b0\u1ee3c ph\u00e1t huy, g\u00f3p ph\u1ea7n gi\u1eef g\u00ecn v\u0103n h\u00f3a v\u00e0 c\u1ee7ng c\u1ed1 th\u1ebf tr\u1eadn l\u00f2ng d\u00e2n v\u1eefng ch\u1eafc.</p></div><div id=\"other-info-content\"><span class=\"cms\">Th\u00f4ng tin kh\u00e1c: </span><p style=\"text-align: justify;\">+ H\u1ea1 t\u1ea7ng \u0111\u1ed3ng b\u1ed9, \u0111\u1eddi s\u1ed1ng n\u00e2ng cao: V\u1edbi c\u01a1 s\u1edf h\u1ea1 t\u1ea7ng \u0111\u1ed3ng b\u1ed9 n\u00ean \u0111\u1eddi s\u1ed1ng nh\u00e2n d\u00e2n ng\u00e0y \u0111\u01b0\u1ee3c n\u00e2ng cao nh\u01b0: t\u1ef7 l\u1ec7 h\u1ed9 d\u00e2n s\u1eed d\u1ee5ng \u0111i\u1ec7n, n\u01b0\u1edbc h\u1ee3p v\u1ec7 sinh \u0111\u1ea1t 100%; t\u1ef7 l\u1ec7 x\u00e3 \u0111\u01b0\u1ee3c c\u00f4ng nh\u1eadn danh hi\u1ec7u v\u0103n h\u00f3a \u0111\u1ea1t 100%; ty\u0309 l\u1ec7 tr\u01b0\u1eddng h\u1ecdc c\u00f4ng l\u1eadp \u0111\u1ea1t chu\u1ea9n Qu\u1ed1c gia \u0111\u1ea1t 100%; tr\u1ea1m y t\u00ea\u0301 \u0111\u1ea1t b\u00f4\u0323 ti\u00eau chi\u0301 Qu\u1ed1c gia v\u00ea\u0300 y t\u00ea\u0301 xa\u0303...</p><p style=\"text-align: justify;\">+ Giao th\u00f4ng thu\u1eadn l\u1ee3i - n\u1ec1n t\u1ea3ng li\u00ean k\u1ebft v\u00f9ng: V\u0129nh Th\u1ea1nh l\u00e0 c\u1eeda ng\u00f5 k\u1ebft n\u1ed1i gi\u1eefa c\u00e1c x\u00e3 mi\u1ec1n n\u00fai v\u00e0 v\u00f9ng \u0111\u1ed3ng b\u1eb1ng ven s\u00f4ng K\u00f4n, tuy\u1ebfn \u0111\u01b0\u1eddng \u0110T.637 \u0111i qua \u0111\u1ecba b\u00e0n c\u00f9ng m\u1ea1ng l\u01b0\u1edbi giao th\u00f4ng n\u00f4ng th\u00f4n \u0111\u01b0\u1ee3c \u0111\u1ea7u t\u01b0 \u0111\u1ed3ng b\u1ed9 ch\u00ednh l\u00e0 m\u1ea1ch m\u00e1u nu\u00f4i d\u01b0\u1ee1ng s\u1ef1 ph\u00e1t tri\u1ec3n c\u1ee7a m\u1ed9t v\u00f9ng, l\u00e0 c\u1ea7u n\u1ed1i v\u1eefng ch\u1eafc t\u1ea1o n\u00ean n\u1ec1n t\u1ea3ng li\u00ean k\u1ebft v\u00f9ng hi\u1ec7u qu\u1ea3; giao th\u00f4ng thu\u1eadn l\u1ee3i l\u00e0 y\u1ebfu t\u1ed1 then ch\u1ed1t ki\u1ebfn t\u1ea1o n\u00ean s\u1ef1 th\u1ecbnh v\u01b0\u1ee3ng, b\u1ec1n v\u1eefng cho m\u1ed9t v\u00f9ng. \u0110i\u1ec1u n\u00e0y m\u1edf ra c\u00e1nh c\u1eeda l\u1edbn cho giao th\u01b0\u01a1ng, thu h\u00fat \u0111\u1ea7u t\u01b0 v\u00e0 th\u00fac \u0111\u1ea9y du l\u1ecbch ph\u00e1t tri\u1ec3n, gi\u00fap li\u00ean k\u1ebft hi\u1ec7u qu\u1ea3 gi\u1eefa c\u00e1c v\u00f9ng s\u1ea3n xu\u1ea5t, d\u00e2n c\u01b0 v\u00e0 \u0111i\u1ec3m du l\u1ecbch.</p></div>", "dan_so": "10062", "lanh_dao": "<p>+ \u0110inh DRin<br> B\u00ed th\u01b0 \u0110\u1ea3ng u\u1ef7,Ch\u1ee7 t\u1ecbch H\u0110ND, S\u0110T 0984965967</p><p>+ L\u00ea Minh Th\u00f4ng<br> Ch\u1ee7 t\u1ecbch UBND, S\u0110T 0914188915</p>", "sap_nhap": "V\u0129nh Th\u1ea1nh (th\u1ecb tr\u1ea5n), V\u0129nh H\u1ea3o", "dtich_km2": "164.76", "ma_xa": 148, "tru_so": "<p>+ \u0110\u1ea3ng \u1ee7y,&nbsp;MTTQ:&nbsp;S\u1ed1 138 Nguy\u1ec5n Hu\u1ec7, x\u00e3 V\u0129nh Th\u1ea1nh (Tr\u1ee5 s\u1edf Huy\u1ec7n \u1ee7y V\u0129nh Th\u1ea1nh tr\u01b0\u1edbc \u0111\u00e2y)</p><p>+ H\u0110ND, UBND,&nbsp;Trung t\u00e2m PVHCC:&nbsp;S\u1ed1 140 Nguy\u1ec5n Hu\u1ec7, x\u00e3 V\u0129nh Th\u1ea1nh (Tr\u1ee5 s\u1edf H\u0110ND v\u00e0 UBND huy\u1ec7n V\u0129nh Th\u1ea1nh tr\u01b0\u1edbc \u0111\u00e2y)</p><div id=\"phone-number\"><span class=\"cms\">S\u0110T: </span>03886374</div>", "avatar": "https://cdn.baogialai.com.vn/images/SIr8r9U4TZPgBCjl1gcBbCSQ4_eKeJcIO1Y3b7ehnBxp5LWc_HDKGUYgaLcvgcLmdCLUXeM1qlcJAgCadJeY8g/xa-vinh-thanh-gia-lai.jpg.webp", "url": "https://baogialai.com.vn/dia-phuong/xa-vinh-thanh/148.html", "ten_xa": "X\u00e3 V\u0129nh Th\u1ea1nh", "order": 100}, "geometry": {"type": "Polygon", "coordinates": [[[108.74586, 14.25864], [108.74327, 14.264], [108.74148, 14.2645], [108.74021, 14.2625], [108.7345, 14.26102], [108.73325, 14.2592], [108.72925, 14.25764], [108.72644, 14.25442], [108.72497, 14.25426], [108.72322, 14.25568], [108.72155, 14.25551], [108.72064, 14.25318], [108.71828, 14.25115], [108.71131, 14.25097], [108.70615, 14.24944], [108.69832, 14.24958], [108.69664, 14.25211], [108.69395, 14.24961], [108.68922, 14.25036], [108.68438, 14.24873], [108.68209, 14.24918], [108.67942, 14.25089], [108.67298, 14.25244], [108.66538, 14.25156], [108.66456, 14.24613], [108.66762, 14.24399], [108.66789, 14.24302], [108.66726, 14.23893], [108.66487, 14.23407], [108.66988, 14.23036], [108.67019, 14.22511], [108.67609, 14.22384], [108.67735, 14.21656], [108.67439, 14.20749], [108.67741, 14.20536], [108.67804, 14.20326], [108.68038, 14.20248], [108.67984, 14.19979], [108.681, 14.1979], [108.68032, 14.19634], [108.68176, 14.19348], [108.67982, 14.18892], [108.67716, 14.18855], [108.67582, 14.1853], [108.67669, 14.18406], [108.67422, 14.18328], [108.67442, 14.18102], [108.67667, 14.17994], [108.67686, 14.17746], [108.67275, 14.17436], [108.66705, 14.16655], [108.66508, 14.16503], [108.66999, 14.16016], [108.6787, 14.16112], [108.67901, 14.15669], [108.67809, 14.15187], [108.67673, 14.15006], [108.68328, 14.14097], [108.68531, 14.13003], [108.69342, 14.12082], [108.69218, 14.11702], [108.69288, 14.11485], [108.69896, 14.11384], [108.69944, 14.10995], [108.73101, 14.11754], [108.73398, 14.11714], [108.73713, 14.11844], [108.74175, 14.11858], [108.74552, 14.12021], [108.74736, 14.11867], [108.7471, 14.11655], [108.74858, 14.11595], [108.75876, 14.11598], [108.75832, 14.11415], [108.75986, 14.10914], [108.75954, 14.10792], [108.76217, 14.1042], [108.76246, 14.1018], [108.76233, 14.09972], [108.7594, 14.09622], [108.76056, 14.09186], [108.76796, 14.0911], [108.77918, 14.08437], [108.78357, 14.08291], [108.78574, 14.08142], [108.78733, 14.07758], [108.78768, 14.08223], [108.78613, 14.08819], [108.78785, 14.09997], [108.78857, 14.10046], [108.7887, 14.10562], [108.79038, 14.11085], [108.78567, 14.11826], [108.78525, 14.12577], [108.79186, 14.13505], [108.79346, 14.14435], [108.78278, 14.14757], [108.77509, 14.1509], [108.77367, 14.15261], [108.77183, 14.15876], [108.76607, 14.16354], [108.7635, 14.16686], [108.75947, 14.17704], [108.75858, 14.18304], [108.76007, 14.19272], [108.7623, 14.19924], [108.76554, 14.20528], [108.76306, 14.21157], [108.764, 14.21282], [108.76995, 14.21554], [108.77094, 14.21735], [108.77071, 14.22005], [108.76884, 14.22482], [108.76479, 14.22924], [108.7642, 14.23196], [108.76455, 14.235], [108.76548, 14.23687], [108.76787, 14.23887], [108.76905, 14.24204], [108.76871, 14.24427], [108.76672, 14.24636], [108.75971, 14.24945], [108.7577, 14.25346], [108.75244, 14.25548], [108.7514, 14.25889], [108.74586, 14.25864]]]}}, {"type": "Feature", "properties": {"other_info": "<div id=\"economy\"><span class=\"cms\">Kinh t\u1ebf: </span><p>Ph\u00e1t tri\u1ec3n kinh t\u1ebf n\u00f4ng th\u00f4n</p></div><div id=\"other-info-content\"><span class=\"cms\">Th\u00f4ng tin kh\u00e1c: </span><p>X\u00e3 V\u0129nh Th\u1ecbnh \u0111\u01b0\u1ee3c chia th\u00e0nh 9 th\u00f4n: An Ngo\u1ea1i, An N\u1ed9i, M2, M3, V\u0129nh B\u00ecnh, V\u0129nh \u0110\u1ecbnh, V\u0129nh H\u00f2a, V\u0129nh Th\u00e1i, V\u0129nh Tr\u01b0\u1eddng.</p></div>", "dan_so": "10839", "lanh_dao": "<p>+ B\u00f9i T\u1ea5n Th\u00e0nh<br> B\u00ed th\u01b0 \u0110\u1ea3ng u\u1ef7 Ch\u1ee7 t\u1ecbch H\u0110ND, S\u0110T 0987270662</p><p>+ Hu\u1ef3nh \u0110\u1ee9c B\u1ea3o<br> Ch\u1ee7 t\u1ecbch UBND, S\u0110T 0977699866</p>", "sap_nhap": "V\u0129nh Hi\u1ec7p, V\u0129nh Th\u1ecbnh", "dtich_km2": "133.91", "ma_xa": 149, "tru_so": "<p>+ \u0110\u1ea3ng \u1ee7y,&nbsp;MTTQ:&nbsp;Th\u00f4n An N\u1ed9i, x\u00e3 V\u0129nh Th\u1ecbnh (Tr\u1ee5 s\u1edf x\u00e3 V\u0129nh Th\u1ecbnh tr\u01b0\u1edbc \u0111\u00e2y)</p><p>+ H\u0110ND, UBND,&nbsp;Trung t\u00e2m PVHCC:&nbsp;Th\u00f4n V\u0129nh Kh\u01b0\u01a1ng, x\u00e3 V\u0129nh Th\u1ecbnh (Tr\u1ee5 s\u1edf x\u00e3 V\u0129nh Hi\u1ec7p tr\u01b0\u1edbc \u0111\u00e2y)</p><div id=\"phone-number\"><span class=\"cms\">S\u0110T: </span>03886358</div>", "avatar": "https://cdn.baogialai.com.vn/images/SIr8r9U4TZPgBCjl1gcBbCSQ4_eKeJcIO1Y3b7ehnBwGfAWQBJPacfsUmDWsCp7kdCLUXeM1qlcJAgCadJeY8g/xa-vinh-thinh-gia-lai.jpg.webp", "url": "https://baogialai.com.vn/dia-phuong/xa-vinh-thinh/149.html", "ten_xa": "X\u00e3 V\u0129nh Th\u1ecbnh", "order": 100}, "geometry": {"type": "Polygon", "coordinates": [[[108.81528, 14.2287], [108.80964, 14.22859], [108.81005, 14.22555], [108.80734, 14.2248], [108.80537, 14.22305], [108.80527, 14.22026], [108.79919, 14.21741], [108.79443, 14.21863], [108.79245, 14.2172], [108.79005, 14.2169], [108.78794, 14.21972], [108.78469, 14.22074], [108.78111, 14.22106], [108.77833, 14.21976], [108.77371, 14.22157], [108.77046, 14.22088], [108.77094, 14.21735], [108.76995, 14.21554], [108.764, 14.21282], [108.76306, 14.21157], [108.76554, 14.20528], [108.7623, 14.19924], [108.75897, 14.18843], [108.75858, 14.18304], [108.75947, 14.17704], [108.7635, 14.16686], [108.76607, 14.16354], [108.77183, 14.15876], [108.77394, 14.15213], [108.77583, 14.15045], [108.78278, 14.14757], [108.79346, 14.14435], [108.79186, 14.13505], [108.78525, 14.12577], [108.78567, 14.11826], [108.79038, 14.11085], [108.7887, 14.10562], [108.78857, 14.10046], [108.78785, 14.09997], [108.78613, 14.08819], [108.78728, 14.08562], [108.78796, 14.07273], [108.79165, 14.06825], [108.7972, 14.06614], [108.80076, 14.06525], [108.80579, 14.06592], [108.8083, 14.06515], [108.80972, 14.06575], [108.81075, 14.06459], [108.80988, 14.0632], [108.81006, 14.06168], [108.81201, 14.05996], [108.81388, 14.06318], [108.81565, 14.06329], [108.81736, 14.06457], [108.82245, 14.06428], [108.82897, 14.06597], [108.8304, 14.06512], [108.83391, 14.06624], [108.83575, 14.06785], [108.83517, 14.07053], [108.83658, 14.0709], [108.83783, 14.07261], [108.84298, 14.07159], [108.84517, 14.07194], [108.84633, 14.07033], [108.84584, 14.06901], [108.84848, 14.06752], [108.84963, 14.06501], [108.85349, 14.06465], [108.85367, 14.06253], [108.85265, 14.06111], [108.85918, 14.05726], [108.86172, 14.05721], [108.8646, 14.05582], [108.86547, 14.05669], [108.86551, 14.06104], [108.8581, 14.06266], [108.85678, 14.06758], [108.85864, 14.07071], [108.86423, 14.07273], [108.86347, 14.07593], [108.86411, 14.08042], [108.86278, 14.08161], [108.86099, 14.08113], [108.85961, 14.08276], [108.85731, 14.08311], [108.853, 14.08783], [108.85542, 14.0875], [108.85973, 14.08911], [108.86185, 14.09067], [108.86312, 14.09309], [108.85999, 14.09971], [108.8624, 14.1024], [108.86327, 14.10784], [108.86178, 14.11128], [108.85999, 14.11248], [108.85826, 14.11673], [108.86227, 14.11914], [108.86248, 14.12148], [108.86701, 14.12276], [108.86867, 14.12607], [108.87177, 14.12642], [108.87394, 14.1282], [108.87533, 14.13024], [108.87505, 14.13535], [108.87356, 14.13679], [108.86978, 14.13667], [108.86843, 14.14032], [108.86902, 14.14274], [108.86688, 14.1441], [108.86554, 14.14371], [108.86325, 14.14529], [108.86107, 14.14296], [108.85829, 14.14415], [108.85707, 14.14586], [108.85702, 14.14861], [108.85613, 14.15002], [108.85317, 14.15139], [108.85225, 14.15292], [108.85056, 14.15319], [108.84972, 14.15443], [108.84797, 14.15432], [108.84519, 14.15675], [108.84365, 14.157], [108.83829, 14.16232], [108.83812, 14.16508], [108.83992, 14.16713], [108.83914, 14.17168], [108.84059, 14.17294], [108.83996, 14.17565], [108.84226, 14.17928], [108.8407, 14.18112], [108.84037, 14.1828], [108.8364, 14.18023], [108.83357, 14.18259], [108.8332, 14.18495], [108.83161, 14.18494], [108.82902, 14.1867], [108.82917, 14.18975], [108.82555, 14.19182], [108.82357, 14.19427], [108.82515, 14.19548], [108.82514, 14.19944], [108.82909, 14.20047], [108.82925, 14.20158], [108.82857, 14.20353], [108.8263, 14.20503], [108.8247, 14.2082], [108.82488, 14.21149], [108.82605, 14.21292], [108.82369, 14.21785], [108.81942, 14.22282], [108.81475, 14.22633], [108.81528, 14.2287]]]}}, {"type": "Feature", "properties": {"other_info": "<div id=\"economy\"><span class=\"cms\">Kinh t\u1ebf: </span><p>Ph\u00e1t tri\u1ec3n kinh t\u1ebf n\u00f4ng th\u00f4n</p></div><div id=\"other-info-content\"><span class=\"cms\">Th\u00f4ng tin kh\u00e1c: </span><p>- H\u1ea1 t\u1ea7ng n\u00f4ng th\u00f4n m\u1edbi n\u00e2ng cao, \u0111\u1ecbnh h\u01b0\u1edbng quy ho\u1ea1ch \u0111a ch\u1ee9c n\u0103ng \u0111\u00f4 th\u1ecb - c\u00f4ng nghi\u1ec7p - n\u00f4ng nghi\u1ec7p.<br>- \u0110\u00e3 h\u00ecnh th\u00e0nh c\u1ee5m C\u00f4ng nghi\u1ec7p C\u00e1t Nh\u01a1n ph\u00e1t tri\u1ec3n, thu h\u00fat 08 doanh nghi\u1ec7p ho\u1ea1t \u0111\u1ed9ng, gi\u1ea3i quy\u1ebft vi\u1ec7c l\u00e0m cho h\u01a1n 2.500 lao \u0111\u1ed9ng.<br>- G\u1ea7n s\u00e2n bay, g\u1ea7n QL 19B v\u00e0 c\u00e1c \u0111\u01b0\u1eddng t\u1ec9nh, m\u1edf ra c\u01a1 h\u1ed9i \u0111\u1ea7u t\u01b0 kho b\u00e3i, logistics.<br>- L\u00e0 n\u01a1i ph\u00e1t tri\u1ec3n ngh\u1ec1 l\u00e0m n\u00f3n ng\u1ef1a, l\u00e0m nhang, b\u00e1nh tr\u00e1ng, c\u1ed1m - trong \u0111\u00f3 n\u00f3n ng\u1ef1a l\u00e0 ngh\u1ec1 truy\u1ec1n th\u1ed1ng \u0111\u1ed9c \u0111\u00e1o c\u1ea3 n\u01b0\u1edbc; s\u1ea3n ph\u1ea9m \u0111\u00e3 t\u1eebng xu\u1ea5t kh\u1ea9u ra nhi\u1ec1u v\u00f9ng.</p></div>", "dan_so": "30502", "lanh_dao": "<p>+&nbsp;\u0110\u1ed7 Xu\u00e2n Th\u1eafng</p><p>B\u00ed th\u01b0 \u0110\u1ea3ng u\u1ef7 Ch\u1ee7 t\u1ecbch H\u0110ND, S\u0110T 0978417995</p><p>+ Nguy\u1ec5n Ph\u00fac Linh</p><p>Ch\u1ee7 t\u1ecbch UBND, S\u0110T 0914123018</p>", "sap_nhap": "C\u00e1t Nh\u01a1n, C\u00e1t T\u01b0\u1eddng", "dtich_km2": "67.61", "ma_xa": 150, "tru_so": "<p>+ \u0110\u1ea3ng \u1ee7y -&nbsp;MTTQ:&nbsp;Th\u00f4n \u0110\u1ea1i \u00c2n, x\u00e3 Xu\u00e2n An (Tr\u1ee5 s\u1edf x\u00e3 C\u00e1t Nh\u01a1n tr\u01b0\u1edbc \u0111\u00e2y)</p><p>+ H\u0110ND - UBND -&nbsp;Trung t\u00e2m PVHCC:&nbsp;Th\u00f4n Xu\u00e2n An, x\u00e3 Xu\u00e2n An (Tr\u1ee5 s\u1edf x\u00e3 C\u00e1t T\u01b0\u1eddng tr\u01b0\u1edbc \u0111\u00e2y)</p>", "url": "https://baogialai.com.vn/dia-phuong/xa-xuan-an/150.html", "ten_xa": "X\u00e3 Xu\u00e2n An", "order": 100}, "geometry": {"type": "Polygon", "coordinates": [[[109.10209, 13.94675], [109.1164, 13.94445], [109.11854, 13.94529], [109.1186, 13.94614], [109.1193, 13.94487], [109.12386, 13.94272], [109.12385, 13.9395], [109.12626, 13.93915], [109.12594, 13.93998], [109.12743, 13.94046], [109.12743, 13.93846], [109.13033, 13.93854], [109.13135, 13.94001], [109.13402, 13.94027], [109.13627, 13.94385], [109.13771, 13.94323], [109.13807, 13.94389], [109.14634, 13.94093], [109.14624, 13.94469], [109.15019, 13.94545], [109.15111, 13.94712], [109.15536, 13.94518], [109.15639, 13.94556], [109.15756, 13.94855], [109.15524, 13.94915], [109.1552, 13.95115], [109.15726, 13.95062], [109.1568, 13.95016], [109.15754, 13.94974], [109.15989, 13.95005], [109.16217, 13.9522], [109.16644, 13.95327], [109.16626, 13.95775], [109.16266, 13.96128], [109.16545, 13.96252], [109.16716, 13.96461], [109.16705, 13.96561], [109.16561, 13.96526], [109.1642, 13.97761], [109.1631, 13.98032], [109.16739, 13.98912], [109.16692, 13.99033], [109.1639, 13.99089], [109.16181, 13.99301], [109.16035, 13.99301], [109.15969, 13.99382], [109.15998, 13.99504], [109.15755, 13.99426], [109.15714, 13.99847], [109.16123, 14.00222], [109.16241, 14.00502], [109.16491, 14.0076], [109.16405, 14.00906], [109.16479, 14.01098], [109.1687, 14.01365], [109.16935, 14.01504], [109.17106, 14.01543], [109.17134, 14.02271], [109.17223, 14.02385], [109.17056, 14.02874], [109.17143, 14.03202], [109.16847, 14.03336], [109.16813, 14.03466], [109.16201, 14.03598], [109.1581, 14.03488], [109.15197, 14.03855], [109.14719, 14.03515], [109.14536, 14.03787], [109.14222, 14.03743], [109.13823, 14.04465], [109.13524, 14.04278], [109.13582, 14.03882], [109.1337, 14.03591], [109.13393, 14.03479], [109.13923, 14.02879], [109.13682, 14.02512], [109.13494, 14.02382], [109.13422, 14.02192], [109.13136, 14.01974], [109.13209, 14.01709], [109.12541, 14.01439], [109.12113, 14.0156], [109.11963, 14.01531], [109.11799, 14.01145], [109.11666, 14.01018], [109.11127, 14.00781], [109.10473, 14.00176], [109.10085, 14.00073], [109.09941, 13.99928], [109.09775, 13.9949], [109.09562, 13.99441], [109.09267, 13.99229], [109.09121, 13.98989], [109.09069, 13.98969], [109.08924, 13.99206], [109.08789, 13.99141], [109.08574, 13.99172], [109.08392, 13.98965], [109.08243, 13.98597], [109.08466, 13.98493], [109.08439, 13.98412], [109.08808, 13.98066], [109.08382, 13.9739], [109.08405, 13.97124], [109.08256, 13.96864], [109.08353, 13.96804], [109.08362, 13.96644], [109.08133, 13.96001], [109.08754, 13.95947], [109.09069, 13.96108], [109.09512, 13.95983], [109.09557, 13.96042], [109.09668, 13.9601], [109.09833, 13.95902], [109.09753, 13.95809], [109.0982, 13.95474], [109.10022, 13.95489], [109.10313, 13.95286], [109.10209, 13.94675]]]}}, {"type": "Feature", "properties": {"other_info": "<div id=\"economy\"><span class=\"cms\">Kinh t\u1ebf: </span><p>Ph\u00e1t tri\u1ec3n kinh t\u1ebf n\u00f4ng th\u00f4n, kinh t\u1ebf n\u00f4ng, l\u00e2m nghi\u1ec7p</p></div><div id=\"tourism\"><span class=\"cms\">Du l\u1ecbch: </span><p>L\u00e0 m\u1ed9t trong nh\u1eefng \u0111\u1ecba ph\u01b0\u01a1ng c\u00f3 ti\u1ec1m n\u0103ng ph\u00e1t tri\u1ec3n du l\u1ecbch sinh th\u00e1i v\u1edbi v\u1ecb tr\u00ed \u0111\u1ecba l\u00fd thu\u1eadn l\u1ee3i, kh\u00ed h\u1eadu \u00f4n h\u00f2a v\u00e0 c\u1ea3nh quan thi\u00ean nhi\u00ean \u0111a d\u1ea1ng.</p></div><div id=\"ethnicity\"><span class=\"cms\">D\u00e2n t\u1ed9c: </span><p>T\u1ef7 l\u1ec7 \u0111\u1ed3ng b\u00e0o DTTS 40,00%</p></div><div id=\"other-info-content\"><span class=\"cms\">Th\u00f4ng tin kh\u00e1c: </span><p>\u0110\u1ecbnh h\u01b0\u1edbng ph\u00e1t tri\u1ec3n KTXH<br> \u0110\u1ea7u t\u01b0 ho\u00e0n thi\u1ec7n c\u01a1 s\u1edf h\u1ea1 t\u1ea7ng theo \u0111\u1ecbnh h\u01b0\u1edbng quy ho\u1ea1ch, ph\u00e1t tri\u1ec3n kinh t\u1ebf n\u00f4ng th\u00f4n, kinh t\u1ebf n\u00f4ng, l\u00e2m nghi\u1ec7p theo h\u01b0\u1edbng b\u1ec1n v\u1eefng, k\u1ebft n\u1ed1i n\u00fat giao th\u00f4ng Cao t\u1ed1c Quy Nh\u01a1n - Pleiku</p></div>", "dan_so": "8.753", "lanh_dao": "<p>+ Tr\u01b0\u1eddng Trung Tuy\u1ebfn<br> B\u00ed th\u01b0 \u0110\u1ea3ng \u1ee7y-Ch\u1ee7 t\u1ecbch H\u0110ND 0898356799</p><p>+ Cao Nh\u1eadt Lam<br> Ch\u1ee7 t\u1ecbch UBND 0915939738</p>", "sap_nhap": "Ph\u00fa An, Ya H\u1ed9i", "dtich_km2": "215,73 ", "ma_xa": 151, "tru_so": "<p>+ \u0110\u1ea3ng \u1ee7y - MTTQ Vi\u1ec7t Nam: L\u00e0ng Brang \u0110ak Kli\u1ebft, x\u00e3 Ya H\u1ed9i</p><p>+ H\u0110ND - UBND -&nbsp;Trung t\u00e2m PVHCC: Th\u00f4n An Qu\u00fd, x\u00e3 Ya H\u1ed9i</p>", "url": "https://baogialai.com.vn/dia-phuong/xa-ya-hoi/151.html", "ten_xa": "X\u00e3 Ya H\u1ed9i", "order": 100}, "geometry": {"type": "Polygon", "coordinates": [[[108.69577, 13.95879], [108.69434, 13.96037], [108.69362, 13.96499], [108.69213, 13.9662], [108.69045, 13.95951], [108.68795, 13.95848], [108.68655, 13.95667], [108.68114, 13.95519], [108.67757, 13.9517], [108.67426, 13.95194], [108.67317, 13.94927], [108.67229, 13.94834], [108.67174, 13.94938], [108.67092, 13.94803], [108.67068, 13.94556], [108.66618, 13.94504], [108.66106, 13.94196], [108.65988, 13.94079], [108.66003, 13.9394], [108.6574, 13.9391], [108.65713, 13.94002], [108.65545, 13.93981], [108.65159, 13.94194], [108.64951, 13.94104], [108.64714, 13.9438], [108.64123, 13.94377], [108.63049, 13.93598], [108.62726, 13.93194], [108.62589, 13.92876], [108.62622, 13.92509], [108.62514, 13.92333], [108.62351, 13.92272], [108.61821, 13.92352], [108.60224, 13.91868], [108.60459, 13.91233], [108.60817, 13.91036], [108.60859, 13.90786], [108.61135, 13.90576], [108.61244, 13.90204], [108.61408, 13.90211], [108.61479, 13.90118], [108.61422, 13.89818], [108.6164, 13.89509], [108.61654, 13.89325], [108.61569, 13.88954], [108.61469, 13.88886], [108.61368, 13.88601], [108.61548, 13.88474], [108.61974, 13.88451], [108.61983, 13.88224], [108.61861, 13.88018], [108.61491, 13.87986], [108.61313, 13.88114], [108.61198, 13.88022], [108.61203, 13.88127], [108.6114, 13.8814], [108.6098, 13.88063], [108.60857, 13.88183], [108.60715, 13.87961], [108.60404, 13.87921], [108.59834, 13.87628], [108.59839, 13.87167], [108.59995, 13.87011], [108.60095, 13.86687], [108.60338, 13.86488], [108.60491, 13.86079], [108.60853, 13.86149], [108.61024, 13.86062], [108.61252, 13.86096], [108.61404, 13.86033], [108.61416, 13.8586], [108.61583, 13.85842], [108.61948, 13.85978], [108.62146, 13.85872], [108.62164, 13.86033], [108.62358, 13.85977], [108.62412, 13.856], [108.6262, 13.85506], [108.62716, 13.85345], [108.62768, 13.85075], [108.62672, 13.84981], [108.62626, 13.84507], [108.62824, 13.8429], [108.63141, 13.842], [108.63221, 13.84456], [108.63359, 13.8458], [108.63557, 13.84424], [108.63715, 13.84444], [108.63841, 13.84162], [108.64163, 13.84018], [108.64324, 13.83833], [108.65065, 13.83414], [108.65896, 13.83097], [108.65747, 13.82794], [108.65784, 13.82412], [108.66173, 13.8207], [108.66807, 13.82082], [108.67122, 13.82313], [108.67105, 13.82673], [108.67432, 13.82803], [108.67349, 13.83216], [108.67681, 13.8371], [108.67871, 13.83657], [108.67931, 13.83765], [108.68089, 13.83777], [108.68457, 13.83614], [108.68636, 13.83793], [108.69139, 13.84023], [108.6962, 13.84371], [108.69966, 13.84295], [108.70004, 13.84201], [108.70362, 13.84039], [108.70747, 13.83996], [108.70826, 13.83871], [108.7109, 13.83754], [108.7133, 13.83323], [108.71976, 13.83031], [108.71971, 13.82792], [108.72129, 13.8266], [108.72036, 13.8259], [108.71941, 13.82638], [108.71927, 13.82539], [108.7205, 13.82396], [108.72128, 13.82402], [108.72148, 13.82492], [108.72254, 13.82401], [108.72236, 13.82209], [108.72581, 13.81761], [108.72596, 13.81597], [108.72745, 13.81373], [108.72735, 13.8112], [108.73123, 13.81051], [108.7309, 13.80641], [108.72983, 13.80441], [108.73106, 13.80232], [108.72982, 13.80073], [108.73042, 13.79961], [108.73245, 13.79921], [108.73356, 13.80105], [108.73618, 13.79894], [108.73688, 13.80135], [108.73821, 13.80164], [108.73696, 13.80338], [108.73728, 13.80437], [108.73897, 13.80515], [108.7395, 13.80338], [108.74052, 13.80328], [108.74319, 13.80498], [108.74682, 13.80046], [108.74733, 13.79526], [108.74992, 13.78961], [108.75226, 13.78921], [108.75295, 13.791], [108.75499, 13.79168], [108.75666, 13.79048], [108.75788, 13.7915], [108.76676, 13.79236], [108.7686, 13.79471], [108.77024, 13.79896], [108.77357, 13.79819], [108.7744, 13.79723], [108.77532, 13.79846], [108.77518, 13.80127], [108.77836, 13.80169], [108.779, 13.80276], [108.77814, 13.80547], [108.78074, 13.80611], [108.78291, 13.80968], [108.78583, 13.81074], [108.78684, 13.81435], [108.78838, 13.81529], [108.78861, 13.81761], [108.79236, 13.81855], [108.79242, 13.82207], [108.79494, 13.82277], [108.79626, 13.82144], [108.79691, 13.82167], [108.79591, 13.82822], [108.79494, 13.82853], [108.79566, 13.8307], [108.79487, 13.83141], [108.79434, 13.83449], [108.79633, 13.83373], [108.79717, 13.83418], [108.79525, 13.83691], [108.79325, 13.83757], [108.7928, 13.84175], [108.79416, 13.84292], [108.79415, 13.84502], [108.79699, 13.84409], [108.79696, 13.84562], [108.79482, 13.84902], [108.79315, 13.84969], [108.79342, 13.85112], [108.79239, 13.85308], [108.79178, 13.8526], [108.79119, 13.85379], [108.79013, 13.85299], [108.78874, 13.85468], [108.78563, 13.85267], [108.78416, 13.85507], [108.7805, 13.85746], [108.77549, 13.86342], [108.77254, 13.86561], [108.7687, 13.87184], [108.76803, 13.87598], [108.76577, 13.88024], [108.7644, 13.88863], [108.76482, 13.8913], [108.76395, 13.8929], [108.7598, 13.89467], [108.75927, 13.89719], [108.75689, 13.89958], [108.75447, 13.90056], [108.7485, 13.9012], [108.74634, 13.90554], [108.74486, 13.90598], [108.74242, 13.91093], [108.74275, 13.91211], [108.74167, 13.91488], [108.74244, 13.91647], [108.73804, 13.91995], [108.73643, 13.92392], [108.73067, 13.93032], [108.72747, 13.93138], [108.72722, 13.93307], [108.7261, 13.93405], [108.72477, 13.93133], [108.72108, 13.93145], [108.71255, 13.93647], [108.71345, 13.93886], [108.71235, 13.94061], [108.70662, 13.94158], [108.70522, 13.9425], [108.70432, 13.94537], [108.69959, 13.94384], [108.6971, 13.94573], [108.69582, 13.94807], [108.69651, 13.95166], [108.69577, 13.95879]]]}}, {"type": "Feature", "properties": {"other_info": "<div id=\"economy\"><span class=\"cms\">Kinh t\u1ebf: </span><p>Ph\u00e1t tri\u1ec3n kinh t\u1ebf n\u00f4ng th\u00f4n</p></div><div id=\"culture\"><span class=\"cms\">V\u0103n h\u00f3a: </span><p>- Ya Ma l\u00e0 n\u01a1i sinh s\u1ed1ng c\u1ee7a \u0111\u1ed3ng b\u00e0o d\u00e2n t\u1ed9c Jrai v\u00e0 Bahnar v\u1edbi nhi\u1ec1u n\u00e9t \u0111\u1eb9p truy\u1ec1n th\u1ed1ng \u0111\u1eadm \u0111\u00e0 b\u1ea3n s\u1eafc.</p></div><div id=\"tourism\"><span class=\"cms\">Du l\u1ecbch: </span><p style=\"text-align: justify;\">- X\u00e3 Ya Ma&nbsp;c\u00f3 ti\u1ec1m n\u0103ng ph\u00e1t tri\u1ec3n du l\u1ecbch sinh th\u00e1i v\u1edbi \u0111\u1ecba h\u00ecnh ch\u1ee7 y\u1ebfu l\u00e0 \u0111\u1ed3i n\u00fai, thung l\u0169ng,&nbsp;c\u1ea3nh quan thi\u00ean nhi\u00ean t\u01b0\u01a1i \u0111\u1eb9p, kh\u00ed h\u1eadu m\u00e1t m\u1ebb. Khu v\u1ef1c n\u00e0y c\u0169ng g\u1ea7n c\u00e1c tuy\u1ebfn \u0111\u01b0\u1eddng l\u1edbn, gi\u00fap vi\u1ec7c di chuy\u1ec3n \u0111\u1ebfn c\u00e1c \u0111\u00f4 th\u1ecb l\u00e2n c\u1eadn d\u1ec5 d\u00e0ng h\u01a1n.&nbsp;</p></div><div id=\"ethnicity\"><span class=\"cms\">D\u00e2n t\u1ed9c: </span><p>T\u1ef7 l\u1ec7 \u0111\u1ed3ng b\u00e0o DTTS:&nbsp;71,00%</p></div>", "dan_so": "8830", "lanh_dao": "<p>+ \u0110inh Th\u1ecb Biu<br> B\u00ed th\u01b0 \u0110\u1ea3ng u\u1ef7 Ch\u1ee7 t\u1ecbch H\u0110ND 0967513969</p><p>+ Tr\u1ecbnh Minh D\u01b0\u01a1ng<br> Ch\u1ee7 t\u1ecbch UBND 0979373443</p>", "sap_nhap": "\u0110\u0103k T\u01a1 Pang, K\u00f4ng Yang, Ya Ma", "dtich_km2": "176.88", "ma_xa": 152, "tru_so": "<p>+ \u0110\u1ea3ng \u1ee7y - UBND -&nbsp;H\u0110ND - Trung t\u00e2m PVHCC:&nbsp;Th\u00f4n 2, x\u00e3 Ya Ma</p><p>+ MTTQ:&nbsp;L\u00e0ng Kpi\u00eau K\u00f4ng, x\u00e3 Ya Ma</p>", "url": "https://baogialai.com.vn/dia-phuong/xa-ya-ma/152.html", "ten_xa": "X\u00e3 Ya Ma", "order": 100}, "geometry": {"type": "Polygon", "coordinates": [[[108.52423, 13.9062], [108.51928, 13.90605], [108.51674, 13.90289], [108.51699, 13.90005], [108.5219, 13.89587], [108.52199, 13.89476], [108.51981, 13.89115], [108.51483, 13.88718], [108.51058, 13.88536], [108.50551, 13.88811], [108.50706, 13.88277], [108.51021, 13.8815], [108.52258, 13.87985], [108.52435, 13.87809], [108.52673, 13.87713], [108.52927, 13.87294], [108.52865, 13.87117], [108.52947, 13.86854], [108.52803, 13.86703], [108.52847, 13.86595], [108.5274, 13.865], [108.52782, 13.86374], [108.52703, 13.86227], [108.52782, 13.86217], [108.52685, 13.86169], [108.52782, 13.86161], [108.52834, 13.86011], [108.52678, 13.85819], [108.52734, 13.85713], [108.52663, 13.85545], [108.52747, 13.85295], [108.52685, 13.85167], [108.526, 13.85185], [108.52624, 13.85089], [108.525, 13.85058], [108.52666, 13.84878], [108.52671, 13.84711], [108.52498, 13.84373], [108.52435, 13.84377], [108.52492, 13.84338], [108.52444, 13.84147], [108.52296, 13.84095], [108.52405, 13.8396], [108.52272, 13.83889], [108.5255, 13.83807], [108.52709, 13.83619], [108.52624, 13.83547], [108.52769, 13.83527], [108.52707, 13.832], [108.53026, 13.82908], [108.53153, 13.82541], [108.53064, 13.82215], [108.5264, 13.82101], [108.52939, 13.82115], [108.53128, 13.81974], [108.53344, 13.82039], [108.53866, 13.81873], [108.53636, 13.80757], [108.53616, 13.8026], [108.5382, 13.79875], [108.54, 13.79679], [108.54196, 13.79635], [108.54311, 13.79357], [108.54436, 13.79282], [108.54355, 13.79223], [108.54386, 13.79031], [108.54586, 13.78938], [108.54708, 13.78652], [108.55071, 13.78432], [108.55152, 13.78028], [108.55238, 13.78036], [108.55349, 13.7786], [108.55444, 13.77949], [108.55583, 13.77839], [108.55608, 13.77618], [108.55755, 13.77356], [108.55607, 13.77238], [108.55085, 13.77333], [108.54663, 13.77252], [108.54516, 13.76844], [108.54297, 13.76705], [108.54019, 13.7685], [108.53274, 13.76631], [108.52899, 13.76685], [108.53753, 13.75701], [108.53708, 13.75182], [108.53764, 13.75037], [108.54268, 13.74714], [108.54629, 13.74066], [108.5587, 13.72582], [108.56088, 13.7209], [108.55965, 13.71408], [108.56049, 13.71318], [108.56819, 13.7158], [108.57116, 13.71799], [108.5761, 13.72531], [108.57856, 13.72758], [108.57878, 13.72958], [108.57749, 13.7336], [108.57882, 13.73762], [108.58172, 13.74058], [108.58224, 13.74806], [108.58549, 13.75016], [108.58949, 13.74911], [108.5909, 13.75008], [108.59476, 13.75444], [108.59424, 13.75729], [108.59531, 13.76064], [108.59869, 13.76212], [108.59877, 13.76462], [108.60103, 13.76553], [108.60236, 13.76797], [108.60464, 13.76739], [108.60668, 13.76871], [108.6106, 13.77514], [108.61394, 13.77415], [108.61578, 13.77241], [108.61906, 13.77163], [108.62747, 13.77224], [108.62873, 13.76904], [108.63088, 13.76834], [108.63286, 13.76855], [108.63377, 13.76788], [108.63768, 13.76907], [108.63963, 13.76811], [108.64318, 13.76876], [108.64441, 13.77281], [108.64609, 13.77297], [108.64876, 13.78027], [108.65021, 13.78063], [108.65133, 13.78252], [108.6506, 13.78403], [108.65185, 13.78642], [108.64789, 13.79046], [108.64888, 13.79267], [108.6519, 13.79467], [108.65375, 13.79871], [108.65721, 13.79902], [108.65677, 13.80043], [108.65779, 13.80276], [108.65763, 13.80697], [108.66235, 13.81204], [108.66298, 13.81462], [108.66125, 13.81662], [108.66164, 13.82094], [108.65784, 13.82412], [108.65747, 13.82794], [108.65896, 13.83097], [108.65065, 13.83414], [108.64324, 13.83833], [108.64163, 13.84018], [108.63841, 13.84162], [108.63715, 13.84444], [108.63557, 13.84424], [108.63359, 13.8458], [108.63221, 13.84456], [108.63141, 13.842], [108.62824, 13.8429], [108.62626, 13.84507], [108.62672, 13.84981], [108.62768, 13.85075], [108.62716, 13.85345], [108.6262, 13.85506], [108.62412, 13.856], [108.62358, 13.85977], [108.62164, 13.86033], [108.62146, 13.85872], [108.61948, 13.85978], [108.61583, 13.85842], [108.61416, 13.8586], [108.61404, 13.86033], [108.61252, 13.86096], [108.61024, 13.86062], [108.60853, 13.86149], [108.60491, 13.86079], [108.60338, 13.86488], [108.60095, 13.86687], [108.59995, 13.87011], [108.59831, 13.87189], [108.59834, 13.87628], [108.60404, 13.87921], [108.60171, 13.88531], [108.59963, 13.88578], [108.59662, 13.88818], [108.5945, 13.88803], [108.59453, 13.88725], [108.59374, 13.88715], [108.59371, 13.88874], [108.59261, 13.88975], [108.58939, 13.8901], [108.58719, 13.88852], [108.58498, 13.88833], [108.57892, 13.89081], [108.57638, 13.88584], [108.57011, 13.88421], [108.56005, 13.89194], [108.55637, 13.89053], [108.55431, 13.88728], [108.5542, 13.88151], [108.55097, 13.88094], [108.54646, 13.88462], [108.54464, 13.88739], [108.54589, 13.89127], [108.54906, 13.89605], [108.54704, 13.90343], [108.54497, 13.90451], [108.54075, 13.90493], [108.53053, 13.90371], [108.52836, 13.90516], [108.52423, 13.9062]]]}}]}